HourUTC,PriceArea,SpotPriceEUR_real,SpotPriceEUR_pred_LSTM,Error_EUR
2024-01-01 12:00:00,DK1,44.29,51.812584,7.522583
2024-01-01 12:00:00,DK2,44.29,53.069397,8.779396
2024-01-01 13:00:00,DK1,46.24,54.02603,7.78603
2024-01-01 13:00:00,DK2,46.24,57.595963,11.355961
2024-01-01 14:00:00,DK1,50.61,52.918777,2.3087769
2024-01-01 14:00:00,DK2,50.61,58.86267,8.25267
2024-01-01 15:00:00,DK1,59.47,64.11013,4.640129
2024-01-01 15:00:00,DK2,59.47,60.421883,0.9518814
2024-01-01 16:00:00,DK1,64.99,75.00534,10.015343
2024-01-01 16:00:00,DK2,64.99,68.46334,3.473343
2024-01-01 17:00:00,DK1,61.74,79.26265,17.522648
2024-01-01 17:00:00,DK2,61.74,71.45555,9.715549
2024-01-01 18:00:00,DK1,61.27,68.62622,7.3562202
2024-01-01 18:00:00,DK2,55.07,62.802406,7.7324066
2024-01-01 19:00:00,DK1,59.97,65.81388,5.8438797
2024-01-01 19:00:00,DK2,48.01,56.905983,8.895985
2024-01-01 20:00:00,DK1,54.92,58.998123,4.078125
2024-01-01 20:00:00,DK2,44.01,47.990967,3.9809685
2024-01-01 21:00:00,DK1,47.65,31.76702,-15.882982
2024-01-01 21:00:00,DK2,45.2,39.88215,-5.317852
2024-01-01 22:00:00,DK1,35.55,37.471024,1.9210243
2024-01-01 22:00:00,DK2,38.0,32.62072,-5.37928
2024-01-01 23:00:00,DK1,30.59,25.69988,-4.8901196
2024-01-01 23:00:00,DK2,38.0,26.5339,-11.466101
2024-01-02 00:00:00,DK1,20.07,15.68302,-4.38698
2024-01-02 00:00:00,DK2,33.56,22.930563,-10.629438
2024-01-02 01:00:00,DK1,31.03,18.058222,-12.971779
2024-01-02 01:00:00,DK2,32.03,18.441355,-13.588644
2024-01-02 02:00:00,DK1,18.39,20.406576,2.0165768
2024-01-02 02:00:00,DK2,32.29,21.166098,-11.123903
2024-01-02 03:00:00,DK1,11.08,27.222984,16.142984
2024-01-02 03:00:00,DK2,36.7,27.684488,-9.015512
2024-01-02 04:00:00,DK1,13.78,36.987244,23.207245
2024-01-02 04:00:00,DK2,41.72,33.01483,-8.70517
2024-01-02 05:00:00,DK1,47.63,43.950188,-3.6798134
2024-01-02 05:00:00,DK2,49.18,43.734337,-5.4456635
2024-01-02 06:00:00,DK1,58.1,69.08574,10.985741
2024-01-02 06:00:00,DK2,58.75,49.223473,-9.526527
2024-01-02 07:00:00,DK1,65.67,74.89097,9.22097
2024-01-02 07:00:00,DK2,65.67,62.009674,-3.660324
2024-01-02 08:00:00,DK1,64.73,74.71327,9.983269
2024-01-02 08:00:00,DK2,66.11,57.17276,-8.937241
2024-01-02 09:00:00,DK1,68.98,61.35131,-7.6286926
2024-01-02 09:00:00,DK2,68.98,55.149292,-13.830711
2024-01-02 10:00:00,DK1,73.54,48.808525,-24.731476
2024-01-02 10:00:00,DK2,73.54,62.14061,-11.399391
2024-01-02 11:00:00,DK1,78.16,78.2265,0.0664978
2024-01-02 11:00:00,DK2,78.16,70.26743,-7.8925705
2024-01-02 12:00:00,DK1,78.87,74.900345,-3.969658
2024-01-02 12:00:00,DK2,78.87,67.411964,-11.458038
2024-01-02 13:00:00,DK1,79.24,74.14011,-5.0998917
2024-01-02 13:00:00,DK2,79.24,63.87893,-15.361069
2024-01-02 14:00:00,DK1,79.96,75.94475,-4.015251
2024-01-02 14:00:00,DK2,79.96,63.411522,-16.548477
2024-01-02 15:00:00,DK1,81.46,79.471176,-1.9888229
2024-01-02 15:00:00,DK2,81.46,64.579666,-16.880333
2024-01-02 16:00:00,DK1,80.92,81.01322,0.09322357
2024-01-02 16:00:00,DK2,80.92,67.68604,-13.233955
2024-01-02 17:00:00,DK1,74.95,84.94513,9.995132
2024-01-02 17:00:00,DK2,74.95,55.64952,-19.300476
2024-01-02 18:00:00,DK1,63.18,72.85249,9.672493
2024-01-02 18:00:00,DK2,63.18,56.43006,-6.749939
2024-01-02 19:00:00,DK1,57.11,41.792526,-15.317474
2024-01-02 19:00:00,DK2,57.11,47.02426,-10.085739
2024-01-02 20:00:00,DK1,46.89,50.019417,3.1294174
2024-01-02 20:00:00,DK2,48.04,41.0916,-6.9484024
2024-01-02 21:00:00,DK1,40.0,32.93425,-7.06575
2024-01-02 21:00:00,DK2,40.0,41.0485,1.0485001
2024-01-02 22:00:00,DK1,21.81,27.86561,6.0556107
2024-01-02 22:00:00,DK2,30.0,41.593353,11.593353
2024-01-02 23:00:00,DK1,1.04,35.681107,34.641106
2024-01-02 23:00:00,DK2,20.0,36.667557,16.667557
2024-01-03 00:00:00,DK1,-0.01,31.06235,31.07235
2024-01-03 00:00:00,DK2,15.87,20.810379,4.940379
2024-01-03 01:00:00,DK1,0.0,23.702894,23.702894
2024-01-03 01:00:00,DK2,15.88,23.399813,7.5198126
2024-01-03 02:00:00,DK1,-0.01,19.402039,19.412039
2024-01-03 02:00:00,DK2,15.88,31.531263,15.651263
2024-01-03 03:00:00,DK1,0.0,31.07771,31.07771
2024-01-03 03:00:00,DK2,15.94,19.747911,3.8079119
2024-01-03 04:00:00,DK1,0.02,14.717753,14.697753
2024-01-03 04:00:00,DK2,20.04,24.249445,4.209444
2024-01-03 05:00:00,DK1,1.09,18.865547,17.775547
2024-01-03 05:00:00,DK2,49.44,31.461267,-17.978731
2024-01-03 06:00:00,DK1,40.59,25.355556,-15.234444
2024-01-03 06:00:00,DK2,53.53,72.03017,18.500168
2024-01-03 07:00:00,DK1,59.61,61.98446,2.3744583
2024-01-03 07:00:00,DK2,63.48,72.78998,9.3099785
2024-01-03 08:00:00,DK1,60.61,62.245644,1.635643
2024-01-03 08:00:00,DK2,64.99,64.19565,-0.7943497
2024-01-03 09:00:00,DK1,57.0,66.05204,9.05204
2024-01-03 09:00:00,DK2,60.19,68.61912,8.429119
2024-01-03 10:00:00,DK1,54.89,64.38212,9.492119
2024-01-03 10:00:00,DK2,59.96,64.69841,4.738411
2024-01-03 11:00:00,DK1,59.8,64.48893,4.6889305
2024-01-03 11:00:00,DK2,59.8,58.646896,-1.1531029
2024-01-03 12:00:00,DK1,58.86,66.40202,7.5420227
2024-01-03 12:00:00,DK2,58.86,57.097473,-1.7625275
2024-01-03 13:00:00,DK1,60.86,69.079346,8.219345
2024-01-03 13:00:00,DK2,64.99,58.193153,-6.7968445
2024-01-03 14:00:00,DK1,67.18,74.47041,7.290413
2024-01-03 14:00:00,DK2,68.83,65.50904,-3.320961
2024-01-03 15:00:00,DK1,73.59,73.63182,0.04182434
2024-01-03 15:00:00,DK2,73.59,67.822815,-5.7671814
2024-01-03 16:00:00,DK1,82.28,73.3529,-8.927101
2024-01-03 16:00:00,DK2,82.28,68.9748,-13.305199
2024-01-03 17:00:00,DK1,82.97,80.34773,-2.6222687
2024-01-03 17:00:00,DK2,82.97,70.66844,-12.301559
2024-01-03 18:00:00,DK1,79.03,74.601074,-4.4289246
2024-01-03 18:00:00,DK2,79.03,70.52876,-8.501236
2024-01-03 19:00:00,DK1,73.23,69.64255,-3.5874557
2024-01-03 19:00:00,DK2,73.23,61.191017,-12.038986
2024-01-03 20:00:00,DK1,67.41,65.22302,-2.1869812
2024-01-03 20:00:00,DK2,67.41,60.43091,-6.9790955
2024-01-03 21:00:00,DK1,65.0,69.23349,4.23349
2024-01-03 21:00:00,DK2,65.0,50.32878,-14.671219
2024-01-03 22:00:00,DK1,58.12,67.279015,9.159016
2024-01-03 22:00:00,DK2,58.12,56.03186,-2.0881386
2024-01-03 23:00:00,DK1,57.3,65.45003,8.150028
2024-01-03 23:00:00,DK2,58.71,48.998634,-9.711365
2024-01-04 00:00:00,DK1,50.46,59.13701,8.67701
2024-01-04 00:00:00,DK2,53.6,53.567505,-0.03249359
2024-01-04 01:00:00,DK1,40.0,55.728165,15.728165
2024-01-04 01:00:00,DK2,54.44,49.674057,-4.7659416
2024-01-04 02:00:00,DK1,25.48,49.66033,24.180332
2024-01-04 02:00:00,DK2,55.18,56.650116,1.4701157
2024-01-04 03:00:00,DK1,35.0,40.604324,5.6043243
2024-01-04 03:00:00,DK2,58.25,68.39224,10.142242
2024-01-04 04:00:00,DK1,57.73,51.88115,-5.8488503
2024-01-04 04:00:00,DK2,59.15,67.28447,8.134468
2024-01-04 05:00:00,DK1,72.65,67.2392,-5.4108047
2024-01-04 05:00:00,DK2,72.65,63.715233,-8.934769
2024-01-04 06:00:00,DK1,85.02,76.69798,-8.322014
2024-01-04 06:00:00,DK2,85.02,73.07622,-11.943779
2024-01-04 07:00:00,DK1,91.47,82.79812,-8.671883
2024-01-04 07:00:00,DK2,91.47,79.78566,-11.684341
2024-01-04 08:00:00,DK1,94.2,87.40754,-6.7924576
2024-01-04 08:00:00,DK2,94.2,87.56886,-6.631134
2024-01-04 09:00:00,DK1,91.61,88.2115,-3.3984985
2024-01-04 09:00:00,DK2,91.98,85.06113,-6.9188766
2024-01-04 10:00:00,DK1,90.03,85.56444,-4.465561
2024-01-04 10:00:00,DK2,90.4,82.16829,-8.231712
2024-01-04 11:00:00,DK1,86.3,79.10711,-7.192894
2024-01-04 11:00:00,DK2,86.69,83.45911,-3.230896
2024-01-04 12:00:00,DK1,85.96,81.08736,-4.8726425
2024-01-04 12:00:00,DK2,85.96,74.923706,-11.036293
2024-01-04 13:00:00,DK1,92.11,84.26871,-7.8412933
2024-01-04 13:00:00,DK2,92.11,78.69229,-13.417709
2024-01-04 14:00:00,DK1,98.62,86.86444,-11.755562
2024-01-04 14:00:00,DK2,98.62,82.50015,-16.11985
2024-01-04 15:00:00,DK1,105.73,94.20832,-11.521683
2024-01-04 15:00:00,DK2,105.73,92.06041,-13.669594
2024-01-04 16:00:00,DK1,133.23,101.61548,-31.614517
2024-01-04 16:00:00,DK2,133.23,104.221855,-29.00814
2024-01-04 17:00:00,DK1,144.65,110.1003,-34.54969
2024-01-04 17:00:00,DK2,144.65,114.57997,-30.070023
2024-01-04 18:00:00,DK1,125.0,117.794334,-7.2056656
2024-01-04 18:00:00,DK2,125.0,111.99118,-13.00882
2024-01-04 19:00:00,DK1,103.59,106.365326,2.7753296
2024-01-04 19:00:00,DK2,103.59,90.436195,-13.153801
2024-01-04 20:00:00,DK1,100.01,83.39778,-16.61222
2024-01-04 20:00:00,DK2,100.01,92.44778,-7.5622253
2024-01-04 21:00:00,DK1,94.86,93.17241,-1.6875916
2024-01-04 21:00:00,DK2,94.86,80.407776,-14.452225
2024-01-04 22:00:00,DK1,88.83,93.696175,4.866173
2024-01-04 22:00:00,DK2,88.83,79.918076,-8.911926
2024-01-04 23:00:00,DK1,86.08,88.92665,2.8466492
2024-01-04 23:00:00,DK2,88.83,80.87019,-7.9598083
2024-01-05 00:00:00,DK1,80.51,86.164444,5.654442
2024-01-05 00:00:00,DK2,83.09,83.11926,0.029266357
2024-01-05 01:00:00,DK1,77.01,86.822845,9.812843
2024-01-05 01:00:00,DK2,80.0,75.842674,-4.1573257
2024-01-05 02:00:00,DK1,73.21,84.85054,11.640541
2024-01-05 02:00:00,DK2,80.17,77.3555,-2.814499
2024-01-05 03:00:00,DK1,74.05,82.73654,8.686539
2024-01-05 03:00:00,DK2,82.49,72.04431,-10.445686
2024-01-05 04:00:00,DK1,76.03,86.091644,10.0616455
2024-01-05 04:00:00,DK2,88.14,71.42507,-16.714928
2024-01-05 05:00:00,DK1,81.0,86.526,5.526001
2024-01-05 05:00:00,DK2,109.79,79.2438,-30.546204
2024-01-05 06:00:00,DK1,87.0,90.303406,3.3034058
2024-01-05 06:00:00,DK2,165.01,90.55996,-74.450035
2024-01-05 07:00:00,DK1,89.57,94.85286,5.28286
2024-01-05 07:00:00,DK2,299.01,106.80181,-192.20819
2024-01-05 08:00:00,DK1,94.93,107.363235,12.433235
2024-01-05 08:00:00,DK2,249.12,129.91705,-119.20294
2024-01-05 09:00:00,DK1,96.28,128.11531,31.835312
2024-01-05 09:00:00,DK2,255.86,155.56396,-100.296036
2024-01-05 10:00:00,DK1,98.22,156.55417,58.334167
2024-01-05 10:00:00,DK2,211.11,153.02837,-58.081635
2024-01-05 11:00:00,DK1,92.24,112.83932,20.59932
2024-01-05 11:00:00,DK2,203.28,142.61885,-60.661148
2024-01-05 12:00:00,DK1,91.54,118.306564,26.766563
2024-01-05 12:00:00,DK2,196.98,144.64407,-52.335922
2024-01-05 13:00:00,DK1,96.41,119.6357,23.225693
2024-01-05 13:00:00,DK2,197.86,146.52902,-51.33098
2024-01-05 14:00:00,DK1,100.05,116.9334,16.8834
2024-01-05 14:00:00,DK2,299.94,145.13434,-154.80566
2024-01-05 15:00:00,DK1,102.97,128.50264,25.532639
2024-01-05 15:00:00,DK2,449.64,158.94489,-290.69513
2024-01-05 16:00:00,DK1,107.38,160.90697,53.52697
2024-01-05 16:00:00,DK2,526.25,170.49324,-355.75677
2024-01-05 17:00:00,DK1,108.45,169.53508,61.085083
2024-01-05 17:00:00,DK2,349.95,171.1572,-178.79282
2024-01-05 18:00:00,DK1,103.96,166.53253,62.572533
2024-01-05 18:00:00,DK2,181.91,170.67322,-11.236786
2024-01-05 19:00:00,DK1,100.09,132.67874,32.588745
2024-01-05 19:00:00,DK2,149.6,155.27951,5.6795044
2024-01-05 20:00:00,DK1,94.19,94.46726,0.27725983
2024-01-05 20:00:00,DK2,112.82,127.71248,14.892479
2024-01-05 21:00:00,DK1,94.92,91.3595,-3.560501
2024-01-05 21:00:00,DK2,100.1,116.148026,16.048027
2024-01-05 22:00:00,DK1,86.8,88.75508,1.9550781
2024-01-05 22:00:00,DK2,92.87,103.65998,10.789978
2024-01-05 23:00:00,DK1,82.25,82.49652,0.246521
2024-01-05 23:00:00,DK2,84.88,94.27566,9.39566
2024-01-06 00:00:00,DK1,80.2,66.09468,-14.105316
2024-01-06 00:00:00,DK2,83.2,87.11159,3.9115906
2024-01-06 01:00:00,DK1,76.13,72.63836,-3.4916382
2024-01-06 01:00:00,DK2,82.03,79.84375,-2.1862488
2024-01-06 02:00:00,DK1,73.01,78.38952,5.3795166
2024-01-06 02:00:00,DK2,82.18,80.78349,-1.3965073
2024-01-06 03:00:00,DK1,73.01,82.115005,9.105003
2024-01-06 03:00:00,DK2,82.53,78.81952,-3.7104797
2024-01-06 04:00:00,DK1,74.59,80.219215,5.629219
2024-01-06 04:00:00,DK2,84.13,80.857735,-3.2722626
2024-01-06 05:00:00,DK1,75.1,78.87939,3.7793884
2024-01-06 05:00:00,DK2,84.48,82.36642,-2.1135864
2024-01-06 06:00:00,DK1,81.39,85.88798,4.497978
2024-01-06 06:00:00,DK2,87.43,87.54283,0.112831116
2024-01-06 07:00:00,DK1,88.4,89.4708,1.0708008
2024-01-06 07:00:00,DK2,90.87,91.559494,0.6894913
2024-01-06 08:00:00,DK1,92.23,94.71956,2.4895554
2024-01-06 08:00:00,DK2,94.98,97.99697,3.0169678
2024-01-06 09:00:00,DK1,97.3,96.896286,-0.40371704
2024-01-06 09:00:00,DK2,100.41,96.05731,-4.3526917
2024-01-06 10:00:00,DK1,100.43,95.16833,-5.261673
2024-01-06 10:00:00,DK2,103.65,93.541595,-10.108406
2024-01-06 11:00:00,DK1,99.16,93.559265,-5.6007385
2024-01-06 11:00:00,DK2,102.33,94.26694,-8.063065
2024-01-06 12:00:00,DK1,95.22,95.43928,0.21927643
2024-01-06 12:00:00,DK2,97.75,89.75399,-7.99601
2024-01-06 13:00:00,DK1,92.55,93.48024,0.9302368
2024-01-06 13:00:00,DK2,95.51,91.8379,-3.672104
2024-01-06 14:00:00,DK1,95.09,94.697334,-0.39266205
2024-01-06 14:00:00,DK2,98.5,87.20033,-11.299667
2024-01-06 15:00:00,DK1,99.85,99.71921,-0.13079071
2024-01-06 15:00:00,DK2,110.0,93.84938,-16.15062
2024-01-06 16:00:00,DK1,104.69,100.43146,-4.258545
2024-01-06 16:00:00,DK2,118.27,106.88863,-11.381363
2024-01-06 17:00:00,DK1,103.84,100.52904,-3.3109589
2024-01-06 17:00:00,DK2,106.94,104.17261,-2.767395
2024-01-06 18:00:00,DK1,99.31,98.97797,-0.33203125
2024-01-06 18:00:00,DK2,102.27,95.706764,-6.5632324
2024-01-06 19:00:00,DK1,92.23,89.46071,-2.7692947
2024-01-06 19:00:00,DK2,94.98,87.11998,-7.8600235
2024-01-06 20:00:00,DK1,88.0,76.63421,-11.365791
2024-01-06 20:00:00,DK2,90.63,84.371765,-6.258232
2024-01-06 21:00:00,DK1,86.75,80.971146,-5.7788544
2024-01-06 21:00:00,DK2,89.34,78.3315,-11.008499
2024-01-06 22:00:00,DK1,80.03,83.35733,3.3273315
2024-01-06 22:00:00,DK2,82.8,78.10379,-4.696213
2024-01-06 23:00:00,DK1,86.15,79.43096,-6.71904
2024-01-06 23:00:00,DK2,86.15,78.653725,-7.496277
2024-01-07 00:00:00,DK1,82.46,84.89775,2.4377518
2024-01-07 00:00:00,DK2,82.46,79.40906,-3.0509415
2024-01-07 01:00:00,DK1,76.92,84.21372,7.293724
2024-01-07 01:00:00,DK2,79.22,80.07477,0.85476685
2024-01-07 02:00:00,DK1,75.28,81.8412,6.561203
2024-01-07 02:00:00,DK2,77.53,78.191376,0.66137695
2024-01-07 03:00:00,DK1,73.33,77.9845,4.6544952
2024-01-07 03:00:00,DK2,76.89,79.14627,2.2562714
2024-01-07 04:00:00,DK1,73.78,79.19971,5.4197083
2024-01-07 04:00:00,DK2,77.42,77.76616,0.3461609
2024-01-07 05:00:00,DK1,75.14,77.4111,2.271103
2024-01-07 05:00:00,DK2,78.45,76.17523,-2.274765
2024-01-07 06:00:00,DK1,78.04,82.06885,4.0288467
2024-01-07 06:00:00,DK2,80.37,76.186035,-4.1839676
2024-01-07 07:00:00,DK1,81.79,78.38939,-3.4006119
2024-01-07 07:00:00,DK2,84.21,82.451385,-1.7586136
2024-01-07 08:00:00,DK1,85.03,79.504,-5.526001
2024-01-07 08:00:00,DK2,87.57,82.93476,-4.6352386
2024-01-07 09:00:00,DK1,87.15,84.145836,-3.0041656
2024-01-07 09:00:00,DK2,89.75,84.55264,-5.197357
2024-01-07 10:00:00,DK1,89.32,83.57605,-5.74395
2024-01-07 10:00:00,DK2,91.99,88.29666,-3.6933365
2024-01-07 11:00:00,DK1,91.5,84.538574,-6.961426
2024-01-07 11:00:00,DK2,91.5,88.53865,-2.9613495
2024-01-07 12:00:00,DK1,87.52,90.3048,2.7848053
2024-01-07 12:00:00,DK2,87.52,88.15407,0.63407135
2024-01-07 13:00:00,DK1,85.03,83.313385,-1.7166138
2024-01-07 13:00:00,DK2,87.23,89.924904,2.6949005
2024-01-07 14:00:00,DK1,88.01,91.45073,3.4407272
2024-01-07 14:00:00,DK2,90.64,86.78931,-3.8506927
2024-01-07 15:00:00,DK1,93.42,79.12111,-14.298889
2024-01-07 15:00:00,DK2,96.21,96.46762,0.25762177
2024-01-07 16:00:00,DK1,101.77,108.247856,6.4778595
2024-01-07 16:00:00,DK2,104.27,111.21346,6.943466
2024-01-07 17:00:00,DK1,104.85,121.08111,16.23111
2024-01-07 17:00:00,DK2,106.09,121.78645,15.696457
2024-01-07 18:00:00,DK1,103.55,119.30375,15.753746
2024-01-07 18:00:00,DK2,103.55,103.08804,-0.46195984
2024-01-07 19:00:00,DK1,100.5,108.19644,7.6964417
2024-01-07 19:00:00,DK2,100.5,85.97027,-14.529732
2024-01-07 20:00:00,DK1,93.31,101.93343,8.623436
2024-01-07 20:00:00,DK2,93.31,77.865204,-15.444794
2024-01-07 21:00:00,DK1,91.17,96.15116,4.981163
2024-01-07 21:00:00,DK2,91.17,73.863174,-17.306824
2024-01-07 22:00:00,DK1,83.86,88.50775,4.647751
2024-01-07 22:00:00,DK2,83.86,73.57785,-10.28215
2024-01-07 23:00:00,DK1,87.02,85.626205,-1.3937912
2024-01-07 23:00:00,DK2,87.02,71.29649,-15.723503
2024-01-08 00:00:00,DK1,84.32,78.68594,-5.634056
2024-01-08 00:00:00,DK2,84.32,79.48935,-4.8306503
2024-01-08 01:00:00,DK1,81.82,87.109695,5.2896957
2024-01-08 01:00:00,DK2,81.82,79.17909,-2.6409073
2024-01-08 02:00:00,DK1,79.11,82.59288,3.4828796
2024-01-08 02:00:00,DK2,79.11,77.70531,-1.4046936
2024-01-08 03:00:00,DK1,78.48,79.013885,0.53388214
2024-01-08 03:00:00,DK2,78.48,80.30322,1.8232193
2024-01-08 04:00:00,DK1,82.1,83.622696,1.5226974
2024-01-08 04:00:00,DK2,82.1,76.51149,-5.5885086
2024-01-08 05:00:00,DK1,94.3,89.794266,-4.5057373
2024-01-08 05:00:00,DK2,94.3,87.18025,-7.119751
2024-01-08 06:00:00,DK1,111.1,99.26323,-11.836769
2024-01-08 06:00:00,DK2,111.22,102.490234,-8.729767
2024-01-08 07:00:00,DK1,121.11,100.49019,-20.619812
2024-01-08 07:00:00,DK2,121.11,108.87384,-12.23616
2024-01-08 08:00:00,DK1,117.83,102.02005,-15.809952
2024-01-08 08:00:00,DK2,120.73,109.18447,-11.545532
2024-01-08 09:00:00,DK1,110.6,101.62842,-8.9715805
2024-01-08 09:00:00,DK2,113.9,112.02597,-1.8740311
2024-01-08 10:00:00,DK1,103.0,107.90758,4.9075775
2024-01-08 10:00:00,DK2,105.54,107.82834,2.2883377
2024-01-08 11:00:00,DK1,95.5,105.80559,10.305588
2024-01-08 11:00:00,DK2,97.84,113.83116,15.991165
2024-01-08 12:00:00,DK1,94.03,111.66404,17.63404
2024-01-08 12:00:00,DK2,94.88,106.5371,11.6571045
2024-01-08 13:00:00,DK1,102.33,100.31313,-2.0168686
2024-01-08 13:00:00,DK2,102.46,92.38366,-10.07634
2024-01-08 14:00:00,DK1,107.98,98.926025,-9.053978
2024-01-08 14:00:00,DK2,110.64,98.62439,-12.01561
2024-01-08 15:00:00,DK1,123.83,107.47507,-16.354935
2024-01-08 15:00:00,DK2,128.0,107.43206,-20.56794
2024-01-08 16:00:00,DK1,129.15,119.60467,-9.545326
2024-01-08 16:00:00,DK2,132.31,121.891205,-10.418793
2024-01-08 17:00:00,DK1,130.01,120.27446,-9.735535
2024-01-08 17:00:00,DK2,130.01,116.8008,-13.209198
2024-01-08 18:00:00,DK1,122.12,113.82159,-8.298416
2024-01-08 18:00:00,DK2,122.12,108.95689,-13.163116
2024-01-08 19:00:00,DK1,114.21,109.689384,-4.5206146
2024-01-08 19:00:00,DK2,114.21,105.336044,-8.873955
2024-01-08 20:00:00,DK1,102.83,107.70934,4.879341
2024-01-08 20:00:00,DK2,102.83,102.712585,-0.11741638
2024-01-08 21:00:00,DK1,99.98,103.49265,3.5126495
2024-01-08 21:00:00,DK2,99.98,94.787,-5.193001
2024-01-08 22:00:00,DK1,91.49,98.46968,6.979683
2024-01-08 22:00:00,DK2,91.49,85.66359,-5.8264084
2024-01-08 23:00:00,DK1,88.16,94.484406,6.324402
2024-01-08 23:00:00,DK2,88.16,81.79974,-6.36026
2024-01-09 00:00:00,DK1,87.04,94.281006,7.241005
2024-01-09 00:00:00,DK2,87.04,80.869736,-6.170265
2024-01-09 01:00:00,DK1,85.0,96.37126,11.371262
2024-01-09 01:00:00,DK2,85.0,87.05813,2.0581284
2024-01-09 02:00:00,DK1,84.14,97.93361,13.79361
2024-01-09 02:00:00,DK2,84.14,87.38809,3.2480927
2024-01-09 03:00:00,DK1,85.72,94.894356,9.174355
2024-01-09 03:00:00,DK2,85.72,85.90448,0.18447876
2024-01-09 04:00:00,DK1,89.28,95.98375,6.7037506
2024-01-09 04:00:00,DK2,89.28,88.61448,-0.6655197
2024-01-09 05:00:00,DK1,108.51,100.17345,-8.3365555
2024-01-09 05:00:00,DK2,108.51,102.05521,-6.454796
2024-01-09 06:00:00,DK1,124.06,110.510185,-13.549812
2024-01-09 06:00:00,DK2,124.06,118.81151,-5.2484894
2024-01-09 07:00:00,DK1,133.24,120.11891,-13.121094
2024-01-09 07:00:00,DK2,133.25,129.80714,-3.4428558
2024-01-09 08:00:00,DK1,120.91,125.80543,4.895424
2024-01-09 08:00:00,DK2,120.91,128.73029,7.820282
2024-01-09 09:00:00,DK1,113.19,117.87547,4.6854706
2024-01-09 09:00:00,DK2,113.19,119.14979,5.9597855
2024-01-09 10:00:00,DK1,105.78,110.168785,4.3887863
2024-01-09 10:00:00,DK2,105.78,110.33043,4.5504303
2024-01-09 11:00:00,DK1,100.22,103.41295,3.1929474
2024-01-09 11:00:00,DK2,100.22,111.82711,11.607109
2024-01-09 12:00:00,DK1,100.82,110.06928,9.249283
2024-01-09 12:00:00,DK2,100.82,111.63698,10.816978
2024-01-09 13:00:00,DK1,110.89,103.23692,-7.653076
2024-01-09 13:00:00,DK2,112.36,99.0175,-13.342499
2024-01-09 14:00:00,DK1,119.4,98.61698,-20.78302
2024-01-09 14:00:00,DK2,121.09,97.96437,-23.125626
2024-01-09 15:00:00,DK1,127.85,107.9792,-19.870796
2024-01-09 15:00:00,DK2,130.99,117.01071,-13.979294
2024-01-09 16:00:00,DK1,137.84,120.077576,-17.76242
2024-01-09 16:00:00,DK2,137.95,125.42421,-12.525787
2024-01-09 17:00:00,DK1,137.8,120.627014,-17.172989
2024-01-09 17:00:00,DK2,137.8,122.048256,-15.751747
2024-01-09 18:00:00,DK1,130.43,115.91292,-14.517075
2024-01-09 18:00:00,DK2,130.43,114.43577,-15.994225
2024-01-09 19:00:00,DK1,120.24,111.51907,-8.720924
2024-01-09 19:00:00,DK2,120.24,108.407135,-11.832863
2024-01-09 20:00:00,DK1,111.68,106.79306,-4.88694
2024-01-09 20:00:00,DK2,111.68,98.345085,-13.334915
2024-01-09 21:00:00,DK1,106.18,102.45354,-3.7264633
2024-01-09 21:00:00,DK2,106.18,93.43732,-12.742683
2024-01-09 22:00:00,DK1,97.09,99.893036,2.8030396
2024-01-09 22:00:00,DK2,97.09,87.99953,-9.090469
2024-01-09 23:00:00,DK1,89.29,95.690216,6.400215
2024-01-09 23:00:00,DK2,89.29,86.09633,-3.1936722
2024-01-10 00:00:00,DK1,86.76,93.99046,7.230461
2024-01-10 00:00:00,DK2,86.76,86.49392,-0.26608276
2024-01-10 01:00:00,DK1,86.73,96.97453,10.24453
2024-01-10 01:00:00,DK2,86.73,91.29523,4.5652237
2024-01-10 02:00:00,DK1,86.09,98.98812,12.898125
2024-01-10 02:00:00,DK2,86.09,93.35021,7.2602158
2024-01-10 03:00:00,DK1,86.3,99.40343,13.103424
2024-01-10 03:00:00,DK2,86.3,93.38225,7.082245
2024-01-10 04:00:00,DK1,89.05,99.26818,10.218178
2024-01-10 04:00:00,DK2,89.05,92.708206,3.6582031
2024-01-10 05:00:00,DK1,108.88,100.474174,-8.405823
2024-01-10 05:00:00,DK2,108.88,100.38654,-8.493454
2024-01-10 06:00:00,DK1,126.29,110.547646,-15.742355
2024-01-10 06:00:00,DK2,129.4,119.13806,-10.261932
2024-01-10 07:00:00,DK1,141.28,122.2885,-18.9915
2024-01-10 07:00:00,DK2,143.0,134.08234,-8.917664
2024-01-10 08:00:00,DK1,130.39,127.44739,-2.9426117
2024-01-10 08:00:00,DK2,130.39,130.5669,0.17689514
2024-01-10 09:00:00,DK1,118.56,117.78668,-0.7733154
2024-01-10 09:00:00,DK2,121.47,126.43059,4.9605865
2024-01-10 10:00:00,DK1,109.13,115.47659,6.346596
2024-01-10 10:00:00,DK2,109.13,117.01001,7.8800125
2024-01-10 11:00:00,DK1,102.21,108.682495,6.472496
2024-01-10 11:00:00,DK2,102.21,110.942024,8.732025
2024-01-10 12:00:00,DK1,105.61,105.36899,-0.24101257
2024-01-10 12:00:00,DK2,108.2,106.32538,-1.8746185
2024-01-10 13:00:00,DK1,112.91,102.333664,-10.57634
2024-01-10 13:00:00,DK2,115.68,103.32455,-12.3554535
2024-01-10 14:00:00,DK1,123.8,105.26011,-18.539894
2024-01-10 14:00:00,DK2,123.8,110.11562,-13.68438
2024-01-10 15:00:00,DK1,134.64,113.333916,-21.306084
2024-01-10 15:00:00,DK2,134.64,121.28162,-13.358383
2024-01-10 16:00:00,DK1,143.79,124.7673,-19.02269
2024-01-10 16:00:00,DK2,143.79,130.33752,-13.452469
2024-01-10 17:00:00,DK1,140.0,128.86285,-11.137146
2024-01-10 17:00:00,DK2,140.0,128.35449,-11.645508
2024-01-10 18:00:00,DK1,132.15,123.602806,-8.547188
2024-01-10 18:00:00,DK2,132.15,118.14378,-14.00621
2024-01-10 19:00:00,DK1,120.0,115.1822,-4.8178024
2024-01-10 19:00:00,DK2,120.0,108.46051,-11.53949
2024-01-10 20:00:00,DK1,109.76,110.62805,0.8680496
2024-01-10 20:00:00,DK2,109.76,106.1974,-3.5625992
2024-01-10 21:00:00,DK1,104.49,108.15014,3.660141
2024-01-10 21:00:00,DK2,104.49,98.23312,-6.256874
2024-01-10 22:00:00,DK1,90.9,103.91731,13.017311
2024-01-10 22:00:00,DK2,96.03,87.66223,-8.367767
2024-01-10 23:00:00,DK1,91.75,92.1913,0.44129944
2024-01-10 23:00:00,DK2,91.75,96.36404,4.6140366
2024-01-11 00:00:00,DK1,88.59,96.92221,8.332214
2024-01-11 00:00:00,DK2,88.59,83.34517,-5.2448273
2024-01-11 01:00:00,DK1,87.25,95.455795,8.205795
2024-01-11 01:00:00,DK2,87.25,79.44275,-7.807251
2024-01-11 02:00:00,DK1,82.38,95.11748,12.73748
2024-01-11 02:00:00,DK2,82.38,77.7797,-4.600296
2024-01-11 03:00:00,DK1,81.95,91.371765,9.421768
2024-01-11 03:00:00,DK2,81.95,80.98347,-0.96652985
2024-01-11 04:00:00,DK1,89.36,89.84799,0.48799133
2024-01-11 04:00:00,DK2,89.36,90.46657,1.1065674
2024-01-11 05:00:00,DK1,102.07,101.080185,-0.98981476
2024-01-11 05:00:00,DK2,102.07,101.66838,-0.40161896
2024-01-11 06:00:00,DK1,116.86,108.69037,-8.169632
2024-01-11 06:00:00,DK2,116.86,118.007034,1.1470337
2024-01-11 07:00:00,DK1,141.0,113.26494,-27.735062
2024-01-11 07:00:00,DK2,141.0,120.07442,-20.925583
2024-01-11 08:00:00,DK1,129.16,123.126816,-6.033188
2024-01-11 08:00:00,DK2,129.16,128.6017,-0.55830383
2024-01-11 09:00:00,DK1,113.65,118.65527,5.005272
2024-01-11 09:00:00,DK2,113.65,117.56996,3.91996
2024-01-11 10:00:00,DK1,106.48,108.38985,1.9098434
2024-01-11 10:00:00,DK2,106.48,106.62952,0.14951324
2024-01-11 11:00:00,DK1,99.38,99.63345,0.25345612
2024-01-11 11:00:00,DK2,99.38,97.777695,-1.6023026
2024-01-11 12:00:00,DK1,99.0,95.55394,-3.4460602
2024-01-11 12:00:00,DK2,99.0,100.55255,1.5525513
2024-01-11 13:00:00,DK1,105.98,102.397934,-3.5820694
2024-01-11 13:00:00,DK2,105.98,106.639435,0.65943146
2024-01-11 14:00:00,DK1,117.96,108.98699,-8.973007
2024-01-11 14:00:00,DK2,117.96,113.51724,-4.4427567
2024-01-11 15:00:00,DK1,137.35,117.89739,-19.452614
2024-01-11 15:00:00,DK2,137.35,124.47037,-12.879639
2024-01-11 16:00:00,DK1,150.09,130.50633,-19.583664
2024-01-11 16:00:00,DK2,150.09,136.17389,-13.916107
2024-01-11 17:00:00,DK1,136.69,136.85583,0.16583252
2024-01-11 17:00:00,DK2,136.69,130.85403,-5.835968
2024-01-11 18:00:00,DK1,132.31,122.78343,-9.526566
2024-01-11 18:00:00,DK2,132.31,117.543236,-14.766762
2024-01-11 19:00:00,DK1,117.88,112.50152,-5.378479
2024-01-11 19:00:00,DK2,118.95,113.22017,-5.729828
2024-01-11 20:00:00,DK1,107.19,113.61884,6.4288406
2024-01-11 20:00:00,DK2,107.19,113.04291,5.8529053
2024-01-11 21:00:00,DK1,100.0,113.20116,13.201157
2024-01-11 21:00:00,DK2,100.0,106.10959,6.1095886
2024-01-11 22:00:00,DK1,97.22,108.5342,11.314201
2024-01-11 22:00:00,DK2,97.22,98.156784,0.93678284
2024-01-11 23:00:00,DK1,91.04,106.38248,15.342476
2024-01-11 23:00:00,DK2,91.04,97.283676,6.243675
2024-01-12 00:00:00,DK1,88.22,103.313416,15.093414
2024-01-12 00:00:00,DK2,88.22,91.90375,3.6837463
2024-01-12 01:00:00,DK1,85.22,103.58179,18.361786
2024-01-12 01:00:00,DK2,85.22,94.375275,9.155273
2024-01-12 02:00:00,DK1,84.63,101.26738,16.637383
2024-01-12 02:00:00,DK2,84.63,84.01251,-0.61748505
2024-01-12 03:00:00,DK1,84.34,93.850136,9.510139
2024-01-12 03:00:00,DK2,84.34,80.08828,-4.2517166
2024-01-12 04:00:00,DK1,84.24,96.83694,12.596939
2024-01-12 04:00:00,DK2,85.32,84.646164,-0.67383575
2024-01-12 05:00:00,DK1,89.24,107.82302,18.583023
2024-01-12 05:00:00,DK2,92.11,93.35908,1.2490768
2024-01-12 06:00:00,DK1,118.16,109.9186,-8.241402
2024-01-12 06:00:00,DK2,118.16,111.403305,-6.7566986
2024-01-12 07:00:00,DK1,140.74,114.681915,-26.05809
2024-01-12 07:00:00,DK2,140.74,120.26588,-20.474129
2024-01-12 08:00:00,DK1,134.96,127.19643,-7.7635803
2024-01-12 08:00:00,DK2,134.96,131.4978,-3.462204
2024-01-12 09:00:00,DK1,122.01,126.27935,4.269348
2024-01-12 09:00:00,DK2,122.01,121.53604,-0.47396088
2024-01-12 10:00:00,DK1,114.73,112.24866,-2.4813461
2024-01-12 10:00:00,DK2,114.73,109.40326,-5.326744
2024-01-12 11:00:00,DK1,106.98,105.73807,-1.2419357
2024-01-12 11:00:00,DK2,106.98,104.08165,-2.8983536
2024-01-12 12:00:00,DK1,103.08,101.56566,-1.5143433
2024-01-12 12:00:00,DK2,103.08,98.98605,-4.0939484
2024-01-12 13:00:00,DK1,104.54,101.65253,-2.887474
2024-01-12 13:00:00,DK2,104.54,103.112274,-1.4277267
2024-01-12 14:00:00,DK1,110.0,109.58063,-0.41937256
2024-01-12 14:00:00,DK2,110.0,107.558975,-2.4410248
2024-01-12 15:00:00,DK1,120.0,114.49403,-5.505966
2024-01-12 15:00:00,DK2,120.0,115.03383,-4.9661713
2024-01-12 16:00:00,DK1,127.5,117.37448,-10.125519
2024-01-12 16:00:00,DK2,127.5,115.97046,-11.529541
2024-01-12 17:00:00,DK1,126.0,117.16628,-8.833717
2024-01-12 17:00:00,DK2,126.0,112.36348,-13.63652
2024-01-12 18:00:00,DK1,119.47,110.40776,-9.062241
2024-01-12 18:00:00,DK2,119.47,105.55888,-13.911118
2024-01-12 19:00:00,DK1,107.13,107.39191,0.26190948
2024-01-12 19:00:00,DK2,108.79,112.514725,3.7247238
2024-01-12 20:00:00,DK1,91.7,111.517944,19.817947
2024-01-12 20:00:00,DK2,98.48,96.66895,-1.8110504
2024-01-12 21:00:00,DK1,85.02,95.232544,10.212547
2024-01-12 21:00:00,DK2,93.37,92.77312,-0.5968857
2024-01-12 22:00:00,DK1,82.49,92.76212,10.272125
2024-01-12 22:00:00,DK2,85.15,83.041916,-2.1080856
2024-01-12 23:00:00,DK1,73.07,94.45615,21.386147
2024-01-12 23:00:00,DK2,75.64,70.78198,-4.858017
2024-01-13 00:00:00,DK1,74.85,75.14183,0.29183197
2024-01-13 00:00:00,DK2,74.85,73.46158,-1.3884201
2024-01-13 01:00:00,DK1,73.65,72.14369,-1.5063095
2024-01-13 01:00:00,DK2,73.65,75.843994,2.1939926
2024-01-13 02:00:00,DK1,71.37,75.2457,3.8756943
2024-01-13 02:00:00,DK2,71.37,75.21981,3.8498077
2024-01-13 03:00:00,DK1,72.24,72.3577,0.11769867
2024-01-13 03:00:00,DK2,72.24,77.50867,5.268669
2024-01-13 04:00:00,DK1,68.73,73.49213,4.762123
2024-01-13 04:00:00,DK2,55.55,76.67174,21.121738
2024-01-13 05:00:00,DK1,65.18,71.06457,5.8845673
2024-01-13 05:00:00,DK2,45.62,66.10314,20.483143
2024-01-13 06:00:00,DK1,68.51,73.19533,4.6853256
2024-01-13 06:00:00,DK2,51.2,59.8386,8.638599
2024-01-13 07:00:00,DK1,67.16,76.02103,8.861023
2024-01-13 07:00:00,DK2,67.16,59.5465,-7.6135025
2024-01-13 08:00:00,DK1,73.31,70.39122,-2.9187775
2024-01-13 08:00:00,DK2,73.31,73.662315,0.3523178
2024-01-13 09:00:00,DK1,72.02,77.23153,5.2115326
2024-01-13 09:00:00,DK2,72.02,70.57521,-1.4447861
2024-01-13 10:00:00,DK1,70.98,67.41587,-3.5641327
2024-01-13 10:00:00,DK2,70.98,68.3273,-2.6527023
2024-01-13 11:00:00,DK1,69.95,69.831764,-0.11823273
2024-01-13 11:00:00,DK2,69.95,65.819244,-4.1307526
2024-01-13 12:00:00,DK1,63.67,80.760956,17.090958
2024-01-13 12:00:00,DK2,63.67,61.107468,-2.5625305
2024-01-13 13:00:00,DK1,67.91,69.009155,1.0991516
2024-01-13 13:00:00,DK2,67.91,60.71376,-7.1962433
2024-01-13 14:00:00,DK1,68.61,74.34596,5.735962
2024-01-13 14:00:00,DK2,68.61,62.887566,-5.722435
2024-01-13 15:00:00,DK1,70.78,80.49306,9.713058
2024-01-13 15:00:00,DK2,70.78,66.49823,-4.281769
2024-01-13 16:00:00,DK1,74.22,81.61685,7.3968506
2024-01-13 16:00:00,DK2,74.22,67.669235,-6.550766
2024-01-13 17:00:00,DK1,75.81,77.03694,1.226944
2024-01-13 17:00:00,DK2,75.81,71.08793,-4.722069
2024-01-13 18:00:00,DK1,73.82,75.6964,1.8764038
2024-01-13 18:00:00,DK2,73.82,68.69747,-5.122528
2024-01-13 19:00:00,DK1,73.06,76.745834,3.6858368
2024-01-13 19:00:00,DK2,73.06,68.31679,-4.74321
2024-01-13 20:00:00,DK1,70.93,74.92892,3.9989166
2024-01-13 20:00:00,DK2,70.93,67.33347,-3.596527
2024-01-13 21:00:00,DK1,64.3,67.89885,3.5988464
2024-01-13 21:00:00,DK2,62.76,60.310272,-2.449726
2024-01-13 22:00:00,DK1,63.16,52.007355,-11.152645
2024-01-13 22:00:00,DK2,61.65,54.63272,-7.0172806
2024-01-13 23:00:00,DK1,64.02,45.798073,-18.221924
2024-01-13 23:00:00,DK2,64.02,56.46804,-7.551956
2024-01-14 00:00:00,DK1,62.11,59.189056,-2.9209442
2024-01-14 00:00:00,DK2,62.11,55.723076,-6.3869247
2024-01-14 01:00:00,DK1,62.93,53.387596,-9.542404
2024-01-14 01:00:00,DK2,62.93,62.692398,-0.23760223
2024-01-14 02:00:00,DK1,64.01,57.99405,-6.015953
2024-01-14 02:00:00,DK2,64.01,59.825836,-4.184166
2024-01-14 03:00:00,DK1,64.67,61.13887,-3.531128
2024-01-14 03:00:00,DK2,64.67,60.750687,-3.9193115
2024-01-14 04:00:00,DK1,65.2,69.141975,3.9419785
2024-01-14 04:00:00,DK2,65.2,62.860573,-2.3394241
2024-01-14 05:00:00,DK1,67.31,72.7258,5.415802
2024-01-14 05:00:00,DK2,67.31,69.32983,2.0198288
2024-01-14 06:00:00,DK1,71.66,73.83199,2.1719894
2024-01-14 06:00:00,DK2,71.66,75.27972,3.6197128
2024-01-14 07:00:00,DK1,76.74,84.74791,8.007912
2024-01-14 07:00:00,DK2,76.74,78.713104,1.9731064
2024-01-14 08:00:00,DK1,81.14,86.40393,5.2639313
2024-01-14 08:00:00,DK2,81.14,81.84778,0.70777893
2024-01-14 09:00:00,DK1,80.63,90.41946,9.789459
2024-01-14 09:00:00,DK2,80.63,84.53652,3.9065247
2024-01-14 10:00:00,DK1,81.84,85.28009,3.440094
2024-01-14 10:00:00,DK2,81.84,76.010735,-5.829262
2024-01-14 11:00:00,DK1,80.39,80.10857,-0.2814331
2024-01-14 11:00:00,DK2,80.39,80.44371,0.053710938
2024-01-14 12:00:00,DK1,77.04,87.991035,10.951035
2024-01-14 12:00:00,DK2,77.04,74.30647,-2.7335281
2024-01-14 13:00:00,DK1,79.15,86.38491,7.234909
2024-01-14 13:00:00,DK2,79.15,80.65069,1.5006866
2024-01-14 14:00:00,DK1,82.32,91.90764,9.587639
2024-01-14 14:00:00,DK2,82.32,84.16882,1.8488235
2024-01-14 15:00:00,DK1,86.62,97.560036,10.940033
2024-01-14 15:00:00,DK2,86.62,91.85082,5.2308197
2024-01-14 16:00:00,DK1,91.86,84.13154,-7.728462
2024-01-14 16:00:00,DK2,91.86,94.501144,2.6411438
2024-01-14 17:00:00,DK1,94.64,93.72588,-0.9141159
2024-01-14 17:00:00,DK2,94.64,94.961716,0.3217163
2024-01-14 18:00:00,DK1,85.26,80.454666,-4.805336
2024-01-14 18:00:00,DK2,85.26,83.73248,-1.5275192
2024-01-14 19:00:00,DK1,79.06,96.73851,17.678513
2024-01-14 19:00:00,DK2,79.06,88.31367,9.25367
2024-01-14 20:00:00,DK1,78.6,80.49373,1.8937302
2024-01-14 20:00:00,DK2,78.6,75.27414,-3.325859
2024-01-14 21:00:00,DK1,75.39,67.9525,-7.4375
2024-01-14 21:00:00,DK2,75.39,78.94017,3.550171
2024-01-14 22:00:00,DK1,67.19,73.027405,5.8374023
2024-01-14 22:00:00,DK2,66.89,67.92763,1.0376282
2024-01-14 23:00:00,DK1,67.9,52.9168,-14.9832
2024-01-14 23:00:00,DK2,69.65,69.436874,-0.21312714
2024-01-15 00:00:00,DK1,65.0,53.785065,-11.214935
2024-01-15 00:00:00,DK2,66.05,67.31792,1.2679138
2024-01-15 01:00:00,DK1,63.94,57.05948,-6.88052
2024-01-15 01:00:00,DK2,64.31,63.20919,-1.1008072
2024-01-15 02:00:00,DK1,62.04,50.277115,-11.762886
2024-01-15 02:00:00,DK2,62.04,57.2305,-4.8095016
2024-01-15 03:00:00,DK1,62.04,52.316322,-9.723679
2024-01-15 03:00:00,DK2,63.57,65.785416,2.215416
2024-01-15 04:00:00,DK1,69.25,79.15043,9.900429
2024-01-15 04:00:00,DK2,70.57,66.83586,-3.7341385
2024-01-15 05:00:00,DK1,79.95,95.48999,15.539993
2024-01-15 05:00:00,DK2,79.95,83.14263,3.1926346
2024-01-15 06:00:00,DK1,83.84,95.90134,12.06134
2024-01-15 06:00:00,DK2,83.84,88.662476,4.8224792
2024-01-15 07:00:00,DK1,99.3,85.6882,-13.611801
2024-01-15 07:00:00,DK2,99.3,83.06198,-16.238022
2024-01-15 08:00:00,DK1,100.29,87.984375,-12.305626
2024-01-15 08:00:00,DK2,100.29,87.958145,-12.331856
2024-01-15 09:00:00,DK1,94.88,99.29532,4.4153214
2024-01-15 09:00:00,DK2,94.88,97.12948,2.2494812
2024-01-15 10:00:00,DK1,90.26,99.39172,9.1317215
2024-01-15 10:00:00,DK2,90.26,89.96338,-0.29662323
2024-01-15 11:00:00,DK1,83.86,85.50423,1.6442261
2024-01-15 11:00:00,DK2,83.86,79.8891,-3.9709015
2024-01-15 12:00:00,DK1,82.15,81.843,-0.3069992
2024-01-15 12:00:00,DK2,82.15,80.80063,-1.3493729
2024-01-15 13:00:00,DK1,84.5,87.51561,3.0156097
2024-01-15 13:00:00,DK2,84.5,81.39244,-3.1075592
2024-01-15 14:00:00,DK1,89.44,95.28137,5.8413696
2024-01-15 14:00:00,DK2,89.44,90.18439,0.74438477
2024-01-15 15:00:00,DK1,99.92,99.59709,-0.3229065
2024-01-15 15:00:00,DK2,99.92,91.105156,-8.814842
2024-01-15 16:00:00,DK1,109.08,101.01691,-8.063095
2024-01-15 16:00:00,DK2,109.08,101.89881,-7.1811905
2024-01-15 17:00:00,DK1,115.57,113.92848,-1.6415176
2024-01-15 17:00:00,DK2,115.57,116.42828,0.858284
2024-01-15 18:00:00,DK1,110.66,124.670525,14.010521
2024-01-15 18:00:00,DK2,110.66,119.74755,9.087547
2024-01-15 19:00:00,DK1,103.15,112.902824,9.752823
2024-01-15 19:00:00,DK2,103.15,103.64793,0.4979248
2024-01-15 20:00:00,DK1,92.95,104.551254,11.601257
2024-01-15 20:00:00,DK2,92.95,104.15822,11.208221
2024-01-15 21:00:00,DK1,89.49,102.16305,12.67305
2024-01-15 21:00:00,DK2,89.49,91.86207,2.3720703
2024-01-15 22:00:00,DK1,86.43,90.46561,4.0356064
2024-01-15 22:00:00,DK2,86.43,88.33176,1.9017563
2024-01-15 23:00:00,DK1,81.45,92.02512,10.575127
2024-01-15 23:00:00,DK2,82.19,81.570404,-0.6195984
2024-01-16 00:00:00,DK1,81.4,85.816536,4.4165344
2024-01-16 00:00:00,DK2,81.4,78.7943,-2.6057053
2024-01-16 01:00:00,DK1,80.07,90.129654,10.059654
2024-01-16 01:00:00,DK2,80.07,82.28384,2.2138367
2024-01-16 02:00:00,DK1,78.26,88.3871,10.127098
2024-01-16 02:00:00,DK2,78.26,81.26272,3.002716
2024-01-16 03:00:00,DK1,77.59,89.95422,12.364227
2024-01-16 03:00:00,DK2,77.59,77.039474,-0.55052185
2024-01-16 04:00:00,DK1,83.45,92.68669,9.236694
2024-01-16 04:00:00,DK2,83.45,81.34357,-2.10643
2024-01-16 05:00:00,DK1,94.07,99.63923,5.569229
2024-01-16 05:00:00,DK2,123.0,95.94255,-27.05745
2024-01-16 06:00:00,DK1,114.77,114.25699,-0.5130081
2024-01-16 06:00:00,DK2,193.42,126.84803,-66.57197
2024-01-16 07:00:00,DK1,150.15,138.92255,-11.2274475
2024-01-16 07:00:00,DK2,275.59,157.0383,-118.5517
2024-01-16 08:00:00,DK1,150.32,163.92754,13.607529
2024-01-16 08:00:00,DK2,270.56,170.01173,-100.54826
2024-01-16 09:00:00,DK1,139.4,169.25404,29.85405
2024-01-16 09:00:00,DK2,249.93,170.85536,-79.07463
2024-01-16 10:00:00,DK1,116.91,165.25227,48.34227
2024-01-16 10:00:00,DK2,200.55,169.42477,-31.125229
2024-01-16 11:00:00,DK1,103.43,144.32779,40.89779
2024-01-16 11:00:00,DK2,170.04,153.35846,-16.681534
2024-01-16 12:00:00,DK1,94.98,120.63108,25.651077
2024-01-16 12:00:00,DK2,141.97,133.77675,-8.193253
2024-01-16 13:00:00,DK1,96.0,109.11887,13.118874
2024-01-16 13:00:00,DK2,143.58,121.44658,-22.133423
2024-01-16 14:00:00,DK1,110.25,108.15019,-2.0998077
2024-01-16 14:00:00,DK2,156.16,120.097404,-36.0626
2024-01-16 15:00:00,DK1,111.39,111.99995,0.6099472
2024-01-16 15:00:00,DK2,170.08,125.38739,-44.69261
2024-01-16 16:00:00,DK1,128.15,119.65538,-8.494614
2024-01-16 16:00:00,DK2,170.81,138.19727,-32.612732
2024-01-16 17:00:00,DK1,127.31,130.69806,3.3880615
2024-01-16 17:00:00,DK2,133.08,137.93181,4.8518066
2024-01-16 18:00:00,DK1,111.77,112.822556,1.0525589
2024-01-16 18:00:00,DK2,111.77,105.78634,-5.983658
2024-01-16 19:00:00,DK1,95.49,102.629196,7.1391983
2024-01-16 19:00:00,DK2,95.49,94.80951,-0.6804886
2024-01-16 20:00:00,DK1,86.21,101.03262,14.822624
2024-01-16 20:00:00,DK2,86.21,90.2961,4.0860977
2024-01-16 21:00:00,DK1,82.04,89.817215,7.777214
2024-01-16 21:00:00,DK2,82.04,83.38518,1.3451767
2024-01-16 22:00:00,DK1,77.69,84.93532,7.2453156
2024-01-16 22:00:00,DK2,77.69,74.3468,-3.3432007
2024-01-16 23:00:00,DK1,67.86,75.760315,7.9003143
2024-01-16 23:00:00,DK2,69.89,64.912735,-4.9772644
2024-01-17 00:00:00,DK1,67.35,61.327553,-6.0224457
2024-01-17 00:00:00,DK2,69.36,62.493652,-6.8663483
2024-01-17 01:00:00,DK1,66.48,47.95024,-18.529762
2024-01-17 01:00:00,DK2,68.47,58.793762,-9.676239
2024-01-17 02:00:00,DK1,65.6,58.34655,-7.2534485
2024-01-17 02:00:00,DK2,67.56,62.726448,-4.8335495
2024-01-17 03:00:00,DK1,65.36,66.84711,1.4871063
2024-01-17 03:00:00,DK2,67.31,63.071373,-4.2386246
2024-01-17 04:00:00,DK1,65.33,69.2068,3.8768005
2024-01-17 04:00:00,DK2,67.28,61.16291,-6.1170883
2024-01-17 05:00:00,DK1,66.94,67.07545,0.13544464
2024-01-17 05:00:00,DK2,70.65,70.821304,0.1713028
2024-01-17 06:00:00,DK1,79.28,80.917816,1.6378174
2024-01-17 06:00:00,DK2,79.94,86.89757,6.9575653
2024-01-17 07:00:00,DK1,96.0,96.146484,0.14648438
2024-01-17 07:00:00,DK2,96.0,98.74904,2.7490387
2024-01-17 08:00:00,DK1,102.87,103.54437,0.6743698
2024-01-17 08:00:00,DK2,102.87,104.764244,1.8942413
2024-01-17 09:00:00,DK1,106.91,105.22648,-1.6835251
2024-01-17 09:00:00,DK2,106.91,105.37603,-1.5339737
2024-01-17 10:00:00,DK1,107.66,104.95118,-2.7088242
2024-01-17 10:00:00,DK2,111.1,105.18523,-5.914772
2024-01-17 11:00:00,DK1,117.71,102.726395,-14.983604
2024-01-17 11:00:00,DK2,117.71,107.53323,-10.176765
2024-01-17 12:00:00,DK1,121.7,108.642426,-13.057571
2024-01-17 12:00:00,DK2,121.7,111.32061,-10.379387
2024-01-17 13:00:00,DK1,121.74,115.52693,-6.213066
2024-01-17 13:00:00,DK2,121.74,118.83369,-2.906311
2024-01-17 14:00:00,DK1,125.46,119.9391,-5.520897
2024-01-17 14:00:00,DK2,125.46,118.1888,-7.271202
2024-01-17 15:00:00,DK1,128.56,121.6642,-6.8957977
2024-01-17 15:00:00,DK2,128.56,123.45359,-5.106407
2024-01-17 16:00:00,DK1,140.52,130.89685,-9.623154
2024-01-17 16:00:00,DK2,140.52,130.13075,-10.389252
2024-01-17 17:00:00,DK1,123.59,133.21484,9.624847
2024-01-17 17:00:00,DK2,123.59,122.26227,-1.3277283
2024-01-17 18:00:00,DK1,114.28,112.89236,-1.3876419
2024-01-17 18:00:00,DK2,114.28,108.555695,-5.724304
2024-01-17 19:00:00,DK1,109.8,109.9895,0.1894989
2024-01-17 19:00:00,DK2,109.8,106.64769,-3.1523132
2024-01-17 20:00:00,DK1,101.09,109.87506,8.785065
2024-01-17 20:00:00,DK2,101.09,106.99708,5.9070816
2024-01-17 21:00:00,DK1,94.28,107.25451,12.97451
2024-01-17 21:00:00,DK2,94.28,97.74071,3.4607086
2024-01-17 22:00:00,DK1,84.17,101.58479,17.414795
2024-01-17 22:00:00,DK2,84.17,93.43215,9.262154
2024-01-17 23:00:00,DK1,81.33,95.9035,14.573502
2024-01-17 23:00:00,DK2,81.33,83.71419,2.3841858
2024-01-18 00:00:00,DK1,77.2,83.165985,5.965988
2024-01-18 00:00:00,DK2,77.2,79.79144,2.591446
2024-01-18 01:00:00,DK1,75.29,84.1418,8.851799
2024-01-18 01:00:00,DK2,75.29,74.82463,-0.46537018
2024-01-18 02:00:00,DK1,74.91,80.57899,5.6689835
2024-01-18 02:00:00,DK2,74.91,74.154045,-0.75595856
2024-01-18 03:00:00,DK1,77.57,82.53567,4.9656677
2024-01-18 03:00:00,DK2,77.57,72.499985,-5.070015
2024-01-18 04:00:00,DK1,81.0,87.12296,6.122963
2024-01-18 04:00:00,DK2,81.0,74.100685,-6.899315
2024-01-18 05:00:00,DK1,91.25,92.49402,1.2440186
2024-01-18 05:00:00,DK2,91.44,79.73171,-11.70829
2024-01-18 06:00:00,DK1,111.55,97.17697,-14.373032
2024-01-18 06:00:00,DK2,111.55,101.29774,-10.252266
2024-01-18 07:00:00,DK1,125.89,109.956375,-15.933624
2024-01-18 07:00:00,DK2,125.89,118.44307,-7.44693
2024-01-18 08:00:00,DK1,122.17,119.50523,-2.6647644
2024-01-18 08:00:00,DK2,122.17,116.76937,-5.400627
2024-01-18 09:00:00,DK1,110.9,109.72121,-1.1787949
2024-01-18 09:00:00,DK2,110.9,108.717514,-2.1824875
2024-01-18 10:00:00,DK1,107.95,99.27118,-8.678818
2024-01-18 10:00:00,DK2,107.95,101.83919,-6.1108093
2024-01-18 11:00:00,DK1,93.55,96.16066,2.6106567
2024-01-18 11:00:00,DK2,93.55,98.881805,5.3318024
2024-01-18 12:00:00,DK1,87.62,98.73619,11.116188
2024-01-18 12:00:00,DK2,87.62,95.90941,8.289406
2024-01-18 13:00:00,DK1,86.43,93.03655,6.606552
2024-01-18 13:00:00,DK2,86.43,89.429565,2.9995651
2024-01-18 14:00:00,DK1,94.25,89.62535,-4.624649
2024-01-18 14:00:00,DK2,94.25,94.45343,0.20343018
2024-01-18 15:00:00,DK1,99.52,105.83206,6.312065
2024-01-18 15:00:00,DK2,99.52,104.47381,4.9538116
2024-01-18 16:00:00,DK1,104.68,102.928154,-1.7518463
2024-01-18 16:00:00,DK2,104.68,108.611946,3.9319458
2024-01-18 17:00:00,DK1,103.26,109.92549,6.665489
2024-01-18 17:00:00,DK2,103.26,106.33241,3.0724106
2024-01-18 18:00:00,DK1,94.53,97.11941,2.5894089
2024-01-18 18:00:00,DK2,94.53,88.19362,-6.33638
2024-01-18 19:00:00,DK1,86.97,88.204834,1.2348328
2024-01-18 19:00:00,DK2,86.97,80.77602,-6.193985
2024-01-18 20:00:00,DK1,81.13,88.11684,6.9868393
2024-01-18 20:00:00,DK2,81.13,75.764084,-5.3659134
2024-01-18 21:00:00,DK1,77.43,72.91566,-4.5143433
2024-01-18 21:00:00,DK2,77.43,66.84743,-10.582573
2024-01-18 22:00:00,DK1,71.33,70.35846,-0.97154236
2024-01-18 22:00:00,DK2,71.33,61.554382,-9.7756195
2024-01-18 23:00:00,DK1,68.4,64.10759,-4.292412
2024-01-18 23:00:00,DK2,68.4,58.028595,-10.371407
2024-01-19 00:00:00,DK1,65.34,58.219193,-7.120804
2024-01-19 00:00:00,DK2,65.34,60.481377,-4.8586197
2024-01-19 01:00:00,DK1,64.05,66.89862,2.8486176
2024-01-19 01:00:00,DK2,64.05,55.67832,-8.371681
2024-01-19 02:00:00,DK1,62.76,64.01235,1.2523537
2024-01-19 02:00:00,DK2,62.76,56.839096,-5.9209023
2024-01-19 03:00:00,DK1,63.32,68.43033,5.1103287
2024-01-19 03:00:00,DK2,63.32,57.867012,-5.4529877
2024-01-19 04:00:00,DK1,65.85,81.137215,15.287216
2024-01-19 04:00:00,DK2,65.85,64.69231,-1.157692
2024-01-19 05:00:00,DK1,75.74,77.91429,2.1742935
2024-01-19 05:00:00,DK2,75.74,68.609695,-7.1303024
2024-01-19 06:00:00,DK1,85.73,85.03432,-0.69568634
2024-01-19 06:00:00,DK2,89.38,78.336334,-11.043663
2024-01-19 07:00:00,DK1,104.06,89.60329,-14.456711
2024-01-19 07:00:00,DK2,104.27,90.245224,-14.024773
2024-01-19 08:00:00,DK1,102.85,101.84593,-1.0040665
2024-01-19 08:00:00,DK2,103.3,101.71301,-1.5869904
2024-01-19 09:00:00,DK1,95.15,104.45114,9.30114
2024-01-19 09:00:00,DK2,95.85,99.84096,3.9909592
2024-01-19 10:00:00,DK1,86.36,92.89786,6.537857
2024-01-19 10:00:00,DK2,86.56,84.9521,-1.6078949
2024-01-19 11:00:00,DK1,76.83,81.609085,4.7790833
2024-01-19 11:00:00,DK2,78.72,79.23082,0.5108185
2024-01-19 12:00:00,DK1,73.35,73.34241,-0.0075912476
2024-01-19 12:00:00,DK2,75.15,83.66078,8.51078
2024-01-19 13:00:00,DK1,75.21,81.682175,6.4721756
2024-01-19 13:00:00,DK2,76.91,78.31763,1.4076233
2024-01-19 14:00:00,DK1,77.45,85.856674,8.406677
2024-01-19 14:00:00,DK2,86.95,73.64813,-13.301865
2024-01-19 15:00:00,DK1,84.69,86.263336,1.5733337
2024-01-19 15:00:00,DK2,104.6,92.98134,-11.61866
2024-01-19 16:00:00,DK1,93.6,102.03621,8.436211
2024-01-19 16:00:00,DK2,114.77,99.60888,-15.161118
2024-01-19 17:00:00,DK1,88.05,99.43382,11.38382
2024-01-19 17:00:00,DK2,108.49,101.530334,-6.9596634
2024-01-19 18:00:00,DK1,77.37,89.71655,12.34655
2024-01-19 18:00:00,DK2,85.1,88.79904,3.6990433
2024-01-19 19:00:00,DK1,74.0,76.16041,2.160408
2024-01-19 19:00:00,DK2,75.82,75.983185,0.16318512
2024-01-19 20:00:00,DK1,71.12,69.43349,-1.6865158
2024-01-19 20:00:00,DK2,73.01,62.966118,-10.043884
2024-01-19 21:00:00,DK1,68.64,67.770706,-0.8692932
2024-01-19 21:00:00,DK2,70.69,60.621635,-10.068367
2024-01-19 22:00:00,DK1,64.75,51.552208,-13.197792
2024-01-19 22:00:00,DK2,66.69,57.969475,-8.720528
2024-01-19 23:00:00,DK1,66.0,61.750916,-4.2490845
2024-01-19 23:00:00,DK2,67.62,50.27559,-17.344414
2024-01-20 00:00:00,DK1,63.45,49.214615,-14.235386
2024-01-20 00:00:00,DK2,65.01,61.729332,-3.2806702
2024-01-20 01:00:00,DK1,63.54,46.167114,-17.372887
2024-01-20 01:00:00,DK2,65.1,57.3881,-7.711899
2024-01-20 02:00:00,DK1,61.82,54.69117,-7.12883
2024-01-20 02:00:00,DK2,63.34,60.069145,-3.270855
2024-01-20 03:00:00,DK1,61.85,49.382523,-12.467476
2024-01-20 03:00:00,DK2,63.37,59.846703,-3.5232964
2024-01-20 04:00:00,DK1,61.75,49.128197,-12.621803
2024-01-20 04:00:00,DK2,61.75,60.985565,-0.7644348
2024-01-20 05:00:00,DK1,62.59,54.319534,-8.270466
2024-01-20 05:00:00,DK2,64.45,64.862625,0.41262817
2024-01-20 06:00:00,DK1,66.9,65.9645,-0.9355011
2024-01-20 06:00:00,DK2,68.55,68.312775,-0.2372284
2024-01-20 07:00:00,DK1,74.82,75.08476,0.26476288
2024-01-20 07:00:00,DK2,74.82,74.43967,-0.38033295
2024-01-20 08:00:00,DK1,77.9,74.376564,-3.5234375
2024-01-20 08:00:00,DK2,78.85,78.11943,-0.73056793
2024-01-20 09:00:00,DK1,71.8,86.29235,14.492348
2024-01-20 09:00:00,DK2,73.57,85.754295,12.184296
2024-01-20 10:00:00,DK1,70.77,81.10797,10.337975
2024-01-20 10:00:00,DK2,72.51,80.99669,8.486687
2024-01-20 11:00:00,DK1,67.73,75.66879,7.9387894
2024-01-20 11:00:00,DK2,69.75,76.00662,6.2566223
2024-01-20 12:00:00,DK1,68.78,69.45166,0.6716614
2024-01-20 12:00:00,DK2,70.79,70.7303,-0.059700012
2024-01-20 13:00:00,DK1,73.39,72.46138,-0.9286194
2024-01-20 13:00:00,DK2,73.39,68.890625,-4.4993744
2024-01-20 14:00:00,DK1,79.11,76.77977,-2.3302307
2024-01-20 14:00:00,DK2,79.11,71.121666,-7.9883347
2024-01-20 15:00:00,DK1,87.8,83.28319,-4.516815
2024-01-20 15:00:00,DK2,90.05,80.723175,-9.326828
2024-01-20 16:00:00,DK1,94.93,94.699646,-0.23035431
2024-01-20 16:00:00,DK2,97.27,87.37051,-9.89949
2024-01-20 17:00:00,DK1,99.87,99.57631,-0.29369354
2024-01-20 17:00:00,DK2,101.11,91.91937,-9.190628
2024-01-20 18:00:00,DK1,91.57,92.66548,1.0954819
2024-01-20 18:00:00,DK2,91.57,80.66339,-10.906609
2024-01-20 19:00:00,DK1,80.0,84.925964,4.9259644
2024-01-20 19:00:00,DK2,80.0,75.8766,-4.123398
2024-01-20 20:00:00,DK1,73.39,73.20691,-0.18309021
2024-01-20 20:00:00,DK2,73.39,67.42327,-5.966728
2024-01-20 21:00:00,DK1,70.42,58.294327,-12.125671
2024-01-20 21:00:00,DK2,70.42,63.142143,-7.277855
2024-01-20 22:00:00,DK1,66.99,58.379616,-8.610382
2024-01-20 22:00:00,DK2,66.99,60.397263,-6.5927353
2024-01-20 23:00:00,DK1,59.7,56.307266,-3.3927345
2024-01-20 23:00:00,DK2,59.7,61.49598,1.7959785
2024-01-21 00:00:00,DK1,57.55,49.785027,-7.7649727
2024-01-21 00:00:00,DK2,57.55,63.425354,5.875355
2024-01-21 01:00:00,DK1,55.15,45.434433,-9.715569
2024-01-21 01:00:00,DK2,55.15,59.29213,4.142128
2024-01-21 02:00:00,DK1,50.89,37.466766,-13.423233
2024-01-21 02:00:00,DK2,50.89,61.108124,10.218124
2024-01-21 03:00:00,DK1,48.51,35.31401,-13.195988
2024-01-21 03:00:00,DK2,48.51,56.87877,8.368771
2024-01-21 04:00:00,DK1,47.45,37.961334,-9.488667
2024-01-21 04:00:00,DK2,47.45,57.798508,10.348507
2024-01-21 05:00:00,DK1,45.53,47.57583,2.0458298
2024-01-21 05:00:00,DK2,45.53,47.998184,2.4681854
2024-01-21 06:00:00,DK1,43.96,40.2182,-3.7417984
2024-01-21 06:00:00,DK2,43.96,60.606743,16.646744
2024-01-21 07:00:00,DK1,51.36,48.701843,-2.6581573
2024-01-21 07:00:00,DK2,51.36,55.96666,4.606659
2024-01-21 08:00:00,DK1,54.36,48.025932,-6.3340683
2024-01-21 08:00:00,DK2,54.36,61.926132,7.5661316
2024-01-21 09:00:00,DK1,46.06,47.86036,1.8003578
2024-01-21 09:00:00,DK2,46.06,55.992714,9.932713
2024-01-21 10:00:00,DK1,48.67,41.13652,-7.533478
2024-01-21 10:00:00,DK2,48.67,48.5281,-0.14189911
2024-01-21 11:00:00,DK1,38.48,38.40712,-0.07287979
2024-01-21 11:00:00,DK2,38.48,41.13655,2.6565514
2024-01-21 12:00:00,DK1,37.69,33.11425,-4.5757484
2024-01-21 12:00:00,DK2,37.69,40.461754,2.7717552
2024-01-21 13:00:00,DK1,44.3,30.218397,-14.081602
2024-01-21 13:00:00,DK2,44.3,42.853477,-1.4465218
2024-01-21 14:00:00,DK1,49.04,41.623825,-7.416176
2024-01-21 14:00:00,DK2,49.04,41.80401,-7.2359924
2024-01-21 15:00:00,DK1,49.83,52.552467,2.7224655
2024-01-21 15:00:00,DK2,49.83,44.995163,-4.834839
2024-01-21 16:00:00,DK1,56.65,43.846725,-12.803276
2024-01-21 16:00:00,DK2,56.65,51.878387,-4.771614
2024-01-21 17:00:00,DK1,61.45,56.192314,-5.2576866
2024-01-21 17:00:00,DK2,61.45,50.87629,-10.573711
2024-01-21 18:00:00,DK1,58.64,58.788483,0.14848328
2024-01-21 18:00:00,DK2,58.64,52.678497,-5.961502
2024-01-21 19:00:00,DK1,51.5,53.814987,2.3149872
2024-01-21 19:00:00,DK2,51.5,47.093575,-4.4064255
2024-01-21 20:00:00,DK1,52.46,40.468903,-11.9910965
2024-01-21 20:00:00,DK2,52.46,48.74849,-3.7115097
2024-01-21 21:00:00,DK1,50.39,44.74431,-5.645691
2024-01-21 21:00:00,DK2,50.39,41.453354,-8.9366455
2024-01-21 22:00:00,DK1,39.46,39.28833,-0.171669
2024-01-21 22:00:00,DK2,29.03,41.46544,12.435438
2024-01-21 23:00:00,DK1,36.66,26.619015,-10.040985
2024-01-21 23:00:00,DK2,27.3,34.781593,7.481594
2024-01-22 00:00:00,DK1,22.24,21.978037,-0.2619629
2024-01-22 00:00:00,DK2,22.24,22.960783,0.72078323
2024-01-22 01:00:00,DK1,18.62,13.538638,-5.0813627
2024-01-22 01:00:00,DK2,18.62,14.055429,-4.5645714
2024-01-22 02:00:00,DK1,5.04,9.047167,4.007167
2024-01-22 02:00:00,DK2,5.04,10.442905,5.4029055
2024-01-22 03:00:00,DK1,5.06,9.106671,4.0466714
2024-01-22 03:00:00,DK2,5.06,8.979817,3.9198174
2024-01-22 04:00:00,DK1,20.0,11.938627,-8.061373
2024-01-22 04:00:00,DK2,20.0,9.070833,-10.929167
2024-01-22 05:00:00,DK1,40.5,27.606,-12.893999
2024-01-22 05:00:00,DK2,40.5,18.92589,-21.57411
2024-01-22 06:00:00,DK1,60.47,63.838905,3.368904
2024-01-22 06:00:00,DK2,60.47,37.640778,-22.829224
2024-01-22 07:00:00,DK1,66.48,69.09262,2.6126175
2024-01-22 07:00:00,DK2,66.48,54.043526,-12.436478
2024-01-22 08:00:00,DK1,57.58,70.550064,12.970062
2024-01-22 08:00:00,DK2,57.58,54.371918,-3.208084
2024-01-22 09:00:00,DK1,61.55,63.59266,2.0426598
2024-01-22 09:00:00,DK2,61.55,62.252556,0.7025566
2024-01-22 10:00:00,DK1,60.6,64.81447,4.21447
2024-01-22 10:00:00,DK2,60.6,54.707253,-5.892746
2024-01-22 11:00:00,DK1,56.92,69.57242,12.65242
2024-01-22 11:00:00,DK2,56.92,51.24826,-5.6717377
2024-01-22 12:00:00,DK1,56.72,59.675697,2.955696
2024-01-22 12:00:00,DK2,56.72,52.718742,-4.001259
2024-01-22 13:00:00,DK1,58.23,59.379433,1.1494331
2024-01-22 13:00:00,DK2,58.23,53.119125,-5.110874
2024-01-22 14:00:00,DK1,59.73,56.51454,-3.215458
2024-01-22 14:00:00,DK2,59.73,49.700035,-10.029964
2024-01-22 15:00:00,DK1,59.99,64.227974,4.2379723
2024-01-22 15:00:00,DK2,59.99,56.853317,-3.1366844
2024-01-22 16:00:00,DK1,61.85,65.83492,3.9849243
2024-01-22 16:00:00,DK2,61.85,56.001266,-5.848732
2024-01-22 17:00:00,DK1,61.03,63.503624,2.4736252
2024-01-22 17:00:00,DK2,61.03,57.669296,-3.3607025
2024-01-22 18:00:00,DK1,60.03,58.605057,-1.424942
2024-01-22 18:00:00,DK2,60.03,52.39071,-7.63929
2024-01-22 19:00:00,DK1,59.6,51.947334,-7.652664
2024-01-22 19:00:00,DK2,59.6,53.99977,-5.6002274
2024-01-22 20:00:00,DK1,57.0,48.121376,-8.878624
2024-01-22 20:00:00,DK2,57.0,47.619476,-9.380524
2024-01-22 21:00:00,DK1,55.89,39.68194,-16.208061
2024-01-22 21:00:00,DK2,26.07,45.17511,19.10511
2024-01-22 22:00:00,DK1,49.88,33.332016,-16.547985
2024-01-22 22:00:00,DK2,23.03,21.497728,-1.5322723
2024-01-22 23:00:00,DK1,16.23,21.946062,5.7160625
2024-01-22 23:00:00,DK2,15.84,13.813147,-2.0268536
2024-01-23 00:00:00,DK1,10.1,10.992926,0.89292526
2024-01-23 00:00:00,DK2,10.1,9.17358,-0.9264202
2024-01-23 01:00:00,DK1,9.37,6.0712805,-3.2987194
2024-01-23 01:00:00,DK2,9.37,6.8502817,-2.5197182
2024-01-23 02:00:00,DK1,4.17,4.7366343,0.5666342
2024-01-23 02:00:00,DK2,4.17,5.9902244,1.8202243
2024-01-23 03:00:00,DK1,10.22,5.469478,-4.750522
2024-01-23 03:00:00,DK2,10.22,7.003725,-3.2162752
2024-01-23 04:00:00,DK1,39.23,9.371221,-29.85878
2024-01-23 04:00:00,DK2,21.63,12.335143,-9.294856
2024-01-23 05:00:00,DK1,58.99,34.364952,-24.62505
2024-01-23 05:00:00,DK2,25.73,19.571333,-6.1586666
2024-01-23 06:00:00,DK1,60.93,67.09091,6.1609116
2024-01-23 06:00:00,DK2,60.93,34.652756,-26.277245
2024-01-23 07:00:00,DK1,61.9,79.23108,17.331078
2024-01-23 07:00:00,DK2,61.9,61.04924,-0.8507614
2024-01-23 08:00:00,DK1,61.11,66.1667,5.0567017
2024-01-23 08:00:00,DK2,61.11,73.75198,12.641983
2024-01-23 09:00:00,DK1,59.97,65.39669,5.426689
2024-01-23 09:00:00,DK2,59.97,67.365234,7.395233
2024-01-23 10:00:00,DK1,59.44,64.24931,4.8093147
2024-01-23 10:00:00,DK2,59.44,61.2612,1.8212013
2024-01-23 11:00:00,DK1,59.14,55.37829,-3.7617111
2024-01-23 11:00:00,DK2,41.58,59.689636,18.109634
2024-01-23 12:00:00,DK1,59.43,48.67552,-10.754478
2024-01-23 12:00:00,DK2,26.76,35.495277,8.735277
2024-01-23 13:00:00,DK1,61.9,55.91339,-5.9866104
2024-01-23 13:00:00,DK2,42.91,24.29614,-18.61386
2024-01-23 14:00:00,DK1,62.76,69.550995,6.7909966
2024-01-23 14:00:00,DK2,62.76,32.297623,-30.462376
2024-01-23 15:00:00,DK1,66.29,68.67995,2.389946
2024-01-23 15:00:00,DK2,66.29,58.21457,-8.075432
2024-01-23 16:00:00,DK1,68.46,71.92172,3.4617233
2024-01-23 16:00:00,DK2,68.46,67.79443,-0.6655655
2024-01-23 17:00:00,DK1,66.78,67.024315,0.2443161
2024-01-23 17:00:00,DK2,66.78,70.72232,3.9423218
2024-01-23 18:00:00,DK1,63.34,63.706985,0.36698532
2024-01-23 18:00:00,DK2,63.34,66.16313,2.8231316
2024-01-23 19:00:00,DK1,60.46,57.822784,-2.6372147
2024-01-23 19:00:00,DK2,60.46,64.393616,3.9336166
2024-01-23 20:00:00,DK1,53.74,51.627846,-2.112156
2024-01-23 20:00:00,DK2,52.45,53.973907,1.5239067
2024-01-23 21:00:00,DK1,45.36,34.44297,-10.91703
2024-01-23 21:00:00,DK2,40.82,49.457283,8.637283
2024-01-23 22:00:00,DK1,33.26,23.0417,-10.218298
2024-01-23 22:00:00,DK2,33.26,47.491585,14.231586
2024-01-23 23:00:00,DK1,3.05,22.46763,19.417631
2024-01-23 23:00:00,DK2,28.61,26.254818,-2.3551826
2024-01-24 00:00:00,DK1,-0.03,10.500972,10.530972
2024-01-24 00:00:00,DK2,25.17,16.092043,-9.077957
2024-01-24 01:00:00,DK1,0.0,5.626156,5.626156
2024-01-24 01:00:00,DK2,20.64,15.627175,-5.012824
2024-01-24 02:00:00,DK1,-0.01,5.1121826,5.122183
2024-01-24 02:00:00,DK2,18.82,15.628748,-3.1912518
2024-01-24 03:00:00,DK1,-0.02,5.7742767,5.7942767
2024-01-24 03:00:00,DK2,17.85,21.032019,3.1820183
2024-01-24 04:00:00,DK1,-0.18,8.550703,8.730703
2024-01-24 04:00:00,DK2,19.55,25.436697,5.886698
2024-01-24 05:00:00,DK1,14.76,9.859497,-4.900503
2024-01-24 05:00:00,DK2,25.5,36.137268,10.637268
2024-01-24 06:00:00,DK1,42.09,23.003574,-19.086426
2024-01-24 06:00:00,DK2,38.73,39.76879,1.0387917
2024-01-24 07:00:00,DK1,50.07,46.841904,-3.228096
2024-01-24 07:00:00,DK2,50.07,38.396805,-11.673195
2024-01-24 08:00:00,DK1,49.54,50.304047,0.7640457
2024-01-24 08:00:00,DK2,49.54,52.565216,3.0252151
2024-01-24 09:00:00,DK1,50.1,47.31028,-2.7897186
2024-01-24 09:00:00,DK2,50.1,50.81704,0.717041
2024-01-24 10:00:00,DK1,50.78,52.488785,1.708786
2024-01-24 10:00:00,DK2,50.76,46.107277,-4.6527214
2024-01-24 11:00:00,DK1,39.32,51.18666,11.866661
2024-01-24 11:00:00,DK2,39.34,41.878754,2.5387535
2024-01-24 12:00:00,DK1,36.44,38.197517,1.7575188
2024-01-24 12:00:00,DK2,37.34,43.14708,5.8070793
2024-01-24 13:00:00,DK1,45.04,37.87628,-7.163719
2024-01-24 13:00:00,DK2,45.04,38.659233,-6.380768
2024-01-24 14:00:00,DK1,49.95,37.020584,-12.929417
2024-01-24 14:00:00,DK2,49.95,40.407692,-9.542309
2024-01-24 15:00:00,DK1,50.8,46.031876,-4.7681236
2024-01-24 15:00:00,DK2,50.8,40.39054,-10.409458
2024-01-24 16:00:00,DK1,54.21,41.19391,-13.01609
2024-01-24 16:00:00,DK2,54.21,54.50878,0.29878235
2024-01-24 17:00:00,DK1,53.32,49.543083,-3.7769165
2024-01-24 17:00:00,DK2,53.32,49.882233,-3.437767
2024-01-24 18:00:00,DK1,50.09,42.885567,-7.2044334
2024-01-24 18:00:00,DK2,50.09,45.444023,-4.645977
2024-01-24 19:00:00,DK1,42.18,42.328697,0.1486969
2024-01-24 19:00:00,DK2,42.18,41.118553,-1.0614471
2024-01-24 20:00:00,DK1,40.04,36.644608,-3.3953934
2024-01-24 20:00:00,DK2,40.04,38.053642,-1.9863586
2024-01-24 21:00:00,DK1,42.01,25.216383,-16.793615
2024-01-24 21:00:00,DK2,42.01,37.860252,-4.149746
2024-01-24 22:00:00,DK1,38.53,35.499664,-3.0303345
2024-01-24 22:00:00,DK2,38.53,28.571022,-9.958977
2024-01-24 23:00:00,DK1,44.34,28.26185,-16.07815
2024-01-24 23:00:00,DK2,43.84,28.845984,-14.994017
2024-01-25 00:00:00,DK1,45.06,24.852142,-20.207859
2024-01-25 00:00:00,DK2,43.97,33.343033,-10.626968
2024-01-25 01:00:00,DK1,43.34,33.81424,-9.525761
2024-01-25 01:00:00,DK2,42.76,33.89183,-8.868168
2024-01-25 02:00:00,DK1,44.92,31.176786,-13.743212
2024-01-25 02:00:00,DK2,43.85,28.144438,-15.705561
2024-01-25 03:00:00,DK1,46.22,30.363003,-15.856998
2024-01-25 03:00:00,DK2,45.11,24.116636,-20.993364
2024-01-25 04:00:00,DK1,52.38,42.61181,-9.768192
2024-01-25 04:00:00,DK2,51.01,36.40091,-14.609089
2024-01-25 05:00:00,DK1,58.03,57.692375,-0.3376236
2024-01-25 05:00:00,DK2,59.39,50.87806,-8.51194
2024-01-25 06:00:00,DK1,66.05,73.838135,7.7881317
2024-01-25 06:00:00,DK2,66.05,71.5174,5.4673996
2024-01-25 07:00:00,DK1,89.02,84.97189,-4.0481033
2024-01-25 07:00:00,DK2,89.02,86.732765,-2.2872314
2024-01-25 08:00:00,DK1,85.25,94.59061,9.340607
2024-01-25 08:00:00,DK2,85.25,95.07591,9.825912
2024-01-25 09:00:00,DK1,81.35,96.410866,15.060867
2024-01-25 09:00:00,DK2,81.35,98.80827,17.458275
2024-01-25 10:00:00,DK1,76.22,89.07222,12.852219
2024-01-25 10:00:00,DK2,76.22,95.14089,18.92089
2024-01-25 11:00:00,DK1,73.15,84.99518,11.845177
2024-01-25 11:00:00,DK2,73.15,78.51528,5.36528
2024-01-25 12:00:00,DK1,75.99,86.72044,10.730446
2024-01-25 12:00:00,DK2,75.99,78.80443,2.8144302
2024-01-25 13:00:00,DK1,84.98,90.55141,5.5714035
2024-01-25 13:00:00,DK2,84.98,83.08251,-1.8974915
2024-01-25 14:00:00,DK1,92.07,96.43081,4.3608093
2024-01-25 14:00:00,DK2,92.07,89.08327,-2.9867325
2024-01-25 15:00:00,DK1,101.38,104.864456,3.484459
2024-01-25 15:00:00,DK2,101.38,107.66376,6.28376
2024-01-25 16:00:00,DK1,123.38,114.30032,-9.079674
2024-01-25 16:00:00,DK2,123.38,111.704254,-11.675743
2024-01-25 17:00:00,DK1,115.54,120.296906,4.7569046
2024-01-25 17:00:00,DK2,115.54,116.684296,1.1442947
2024-01-25 18:00:00,DK1,98.79,115.498146,16.708145
2024-01-25 18:00:00,DK2,98.79,109.242516,10.452515
2024-01-25 19:00:00,DK1,91.07,104.62257,13.552567
2024-01-25 19:00:00,DK2,91.07,91.85656,0.78656006
2024-01-25 20:00:00,DK1,86.31,96.11237,9.802376
2024-01-25 20:00:00,DK2,86.31,94.43103,8.121033
2024-01-25 21:00:00,DK1,80.43,86.04433,5.6143265
2024-01-25 21:00:00,DK2,80.43,75.30643,-5.1235733
2024-01-25 22:00:00,DK1,75.16,72.5618,-2.5982056
2024-01-25 22:00:00,DK2,75.16,84.09814,8.938133
2024-01-25 23:00:00,DK1,62.8,117.93298,55.132984
2024-01-25 23:00:00,DK2,62.8,96.14673,33.34673
2024-01-26 00:00:00,DK1,61.96,49.15329,-12.806709
2024-01-26 00:00:00,DK2,62.0,48.35663,-13.643372
2024-01-26 01:00:00,DK1,58.49,54.116547,-4.373455
2024-01-26 01:00:00,DK2,58.49,53.007637,-5.4823647
2024-01-26 02:00:00,DK1,54.79,46.833878,-7.9561234
2024-01-26 02:00:00,DK2,56.35,59.91973,3.5697327
2024-01-26 03:00:00,DK1,47.62,49.01419,1.3941917
2024-01-26 03:00:00,DK2,55.7,55.70008,8.010864e-05
2024-01-26 04:00:00,DK1,50.65,48.37037,-2.2796326
2024-01-26 04:00:00,DK2,52.16,62.782166,10.622166
2024-01-26 05:00:00,DK1,56.27,62.49434,6.2243385
2024-01-26 05:00:00,DK2,57.95,48.31404,-9.63596
2024-01-26 06:00:00,DK1,62.97,69.19292,6.2229156
2024-01-26 06:00:00,DK2,62.97,72.96243,9.992432
2024-01-26 07:00:00,DK1,64.94,69.89421,4.9542084
2024-01-26 07:00:00,DK2,64.94,69.57634,4.6363373
2024-01-26 08:00:00,DK1,63.8,59.78189,-4.0181084
2024-01-26 08:00:00,DK2,63.8,68.8571,5.057102
2024-01-26 09:00:00,DK1,61.22,54.00199,-7.21801
2024-01-26 09:00:00,DK2,61.22,61.43837,0.21836853
2024-01-26 10:00:00,DK1,58.74,54.138695,-4.601307
2024-01-26 10:00:00,DK2,58.74,56.406616,-2.3333855
2024-01-26 11:00:00,DK1,52.28,42.688103,-9.591896
2024-01-26 11:00:00,DK2,52.28,50.83905,-1.4409485
2024-01-26 12:00:00,DK1,46.47,43.117256,-3.352745
2024-01-26 12:00:00,DK2,46.47,51.619904,5.1499023
2024-01-26 13:00:00,DK1,49.28,53.415535,4.135536
2024-01-26 13:00:00,DK2,49.28,40.275604,-9.004395
2024-01-26 14:00:00,DK1,50.11,47.198242,-2.9117584
2024-01-26 14:00:00,DK2,48.91,40.680077,-8.229923
2024-01-26 15:00:00,DK1,52.74,53.440666,0.7006645
2024-01-26 15:00:00,DK2,51.48,39.564636,-11.915363
2024-01-26 16:00:00,DK1,57.37,53.092407,-4.2775917
2024-01-26 16:00:00,DK2,57.37,41.93389,-15.436108
2024-01-26 17:00:00,DK1,55.28,59.813126,4.533127
2024-01-26 17:00:00,DK2,54.19,43.2759,-10.914097
2024-01-26 18:00:00,DK1,54.53,49.169968,-5.360031
2024-01-26 18:00:00,DK2,33.51,40.267548,6.7575493
2024-01-26 19:00:00,DK1,54.32,50.242104,-4.077896
2024-01-26 19:00:00,DK2,27.58,30.421131,2.8411312
2024-01-26 20:00:00,DK1,54.35,37.59839,-16.75161
2024-01-26 20:00:00,DK2,25.76,23.104946,-2.655054
2024-01-26 21:00:00,DK1,54.39,27.077566,-27.312433
2024-01-26 21:00:00,DK2,24.39,15.033213,-9.356787
2024-01-26 22:00:00,DK1,53.71,32.867615,-20.842384
2024-01-26 22:00:00,DK2,21.98,9.978928,-12.001072
2024-01-26 23:00:00,DK1,54.44,39.72592,-14.714077
2024-01-26 23:00:00,DK2,19.32,9.34952,-9.97048
2024-01-27 00:00:00,DK1,55.03,54.057007,-0.97299194
2024-01-27 00:00:00,DK2,18.26,10.839535,-7.4204655
2024-01-27 01:00:00,DK1,56.21,62.501083,6.2910843
2024-01-27 01:00:00,DK2,17.63,12.567831,-5.062168
2024-01-27 02:00:00,DK1,55.05,72.20241,17.152409
2024-01-27 02:00:00,DK2,18.02,13.52102,-4.4989805
2024-01-27 03:00:00,DK1,55.74,76.71906,20.979061
2024-01-27 03:00:00,DK2,18.49,14.520519,-3.9694805
2024-01-27 04:00:00,DK1,56.83,81.042984,24.212982
2024-01-27 04:00:00,DK2,18.84,15.876888,-2.9631119
2024-01-27 05:00:00,DK1,57.24,87.479904,30.239902
2024-01-27 05:00:00,DK2,19.41,17.70731,-1.7026901
2024-01-27 06:00:00,DK1,57.86,87.568146,29.708145
2024-01-27 06:00:00,DK2,20.71,20.364767,-0.345232
2024-01-27 07:00:00,DK1,58.13,83.54965,25.419651
2024-01-27 07:00:00,DK2,28.85,22.21124,-6.6387596
2024-01-27 08:00:00,DK1,58.5,74.53181,16.031807
2024-01-27 08:00:00,DK2,31.9,24.61093,-7.28907
2024-01-27 09:00:00,DK1,58.2,70.185104,11.985104
2024-01-27 09:00:00,DK2,45.82,26.842758,-18.977242
2024-01-27 10:00:00,DK1,56.61,67.43054,10.820541
2024-01-27 10:00:00,DK2,56.61,34.993927,-21.616074
2024-01-27 11:00:00,DK1,55.84,52.93441,-2.90559
2024-01-27 11:00:00,DK2,55.84,52.66136,-3.1786385
2024-01-27 12:00:00,DK1,53.88,51.572327,-2.3076744
2024-01-27 12:00:00,DK2,32.49,52.858704,20.368702
2024-01-27 13:00:00,DK1,59.14,48.541656,-10.598343
2024-01-27 13:00:00,DK2,39.78,36.956818,-2.8231812
2024-01-27 14:00:00,DK1,57.95,61.835686,3.885685
2024-01-27 14:00:00,DK2,57.95,39.02423,-18.92577
2024-01-27 15:00:00,DK1,58.93,69.24248,10.312477
2024-01-27 15:00:00,DK2,58.93,57.58531,-1.3446884
2024-01-27 16:00:00,DK1,61.75,68.61844,6.8684387
2024-01-27 16:00:00,DK2,61.75,64.14351,2.393509
2024-01-27 17:00:00,DK1,61.31,63.08361,1.7736092
2024-01-27 17:00:00,DK2,61.31,62.487167,1.177166
2024-01-27 18:00:00,DK1,59.43,51.714615,-7.7153854
2024-01-27 18:00:00,DK2,59.43,67.632904,8.202904
2024-01-27 19:00:00,DK1,58.21,47.212097,-10.997902
2024-01-27 19:00:00,DK2,58.21,61.052223,2.8422241
2024-01-27 20:00:00,DK1,57.85,46.117012,-11.732986
2024-01-27 20:00:00,DK2,57.85,62.3021,4.4521027
2024-01-27 21:00:00,DK1,57.73,46.85663,-10.873371
2024-01-27 21:00:00,DK2,57.73,57.003975,-0.7260246
2024-01-27 22:00:00,DK1,57.61,36.698486,-20.911514
2024-01-27 22:00:00,DK2,57.61,56.151703,-1.4582977
2024-01-27 23:00:00,DK1,66.77,35.76362,-31.006378
2024-01-27 23:00:00,DK2,66.77,54.227646,-12.542351
2024-01-28 00:00:00,DK1,58.8,51.5662,-7.233799
2024-01-28 00:00:00,DK2,58.8,52.10269,-6.6973076
2024-01-28 01:00:00,DK1,58.26,41.7436,-16.5164
2024-01-28 01:00:00,DK2,58.26,59.39386,1.1338615
2024-01-28 02:00:00,DK1,57.72,38.24546,-19.47454
2024-01-28 02:00:00,DK2,57.72,58.517036,0.7970352
2024-01-28 03:00:00,DK1,57.87,41.920647,-15.949352
2024-01-28 03:00:00,DK2,57.87,63.914642,6.0446434
2024-01-28 04:00:00,DK1,57.63,53.985687,-3.6443138
2024-01-28 04:00:00,DK2,57.63,66.61005,8.980045
2024-01-28 05:00:00,DK1,57.72,57.143562,-0.5764389
2024-01-28 05:00:00,DK2,57.72,74.32087,16.600868
2024-01-28 06:00:00,DK1,58.98,72.97398,13.993984
2024-01-28 06:00:00,DK2,58.98,56.919777,-2.0602226
2024-01-28 07:00:00,DK1,59.2,74.68666,15.48666
2024-01-28 07:00:00,DK2,59.2,64.82704,5.627041
2024-01-28 08:00:00,DK1,55.08,79.50817,24.42817
2024-01-28 08:00:00,DK2,55.08,60.280098,5.200096
2024-01-28 09:00:00,DK1,51.16,59.102386,7.9423866
2024-01-28 09:00:00,DK2,51.16,59.536865,8.376865
2024-01-28 10:00:00,DK1,45.75,45.276,-0.47399902
2024-01-28 10:00:00,DK2,45.75,46.074127,0.3241272
2024-01-28 11:00:00,DK1,41.58,44.204567,2.6245651
2024-01-28 11:00:00,DK2,41.58,40.71525,-0.8647537
2024-01-28 12:00:00,DK1,40.09,40.906837,0.8168373
2024-01-28 12:00:00,DK2,40.09,38.78073,-1.309269
2024-01-28 13:00:00,DK1,50.65,34.597534,-16.052467
2024-01-28 13:00:00,DK2,50.65,42.8179,-7.8321
2024-01-28 14:00:00,DK1,56.41,55.762535,-0.64746475
2024-01-28 14:00:00,DK2,56.41,50.99636,-5.413639
2024-01-28 15:00:00,DK1,57.93,67.84265,9.912651
2024-01-28 15:00:00,DK2,57.93,62.35074,4.420738
2024-01-28 16:00:00,DK1,57.86,70.98347,13.1234665
2024-01-28 16:00:00,DK2,57.86,61.280075,3.4200745
2024-01-28 17:00:00,DK1,57.33,63.57567,6.2456665
2024-01-28 17:00:00,DK2,57.33,65.7444,8.414398
2024-01-28 18:00:00,DK1,56.61,59.535454,2.9254532
2024-01-28 18:00:00,DK2,56.61,53.952477,-2.657524
2024-01-28 19:00:00,DK1,54.34,56.536667,2.1966667
2024-01-28 19:00:00,DK2,29.21,51.63977,22.429771
2024-01-28 20:00:00,DK1,53.79,47.91249,-5.87751
2024-01-28 20:00:00,DK2,16.37,36.591736,20.221735
2024-01-28 21:00:00,DK1,53.71,48.91356,-4.79644
2024-01-28 21:00:00,DK2,10.0,24.812653,14.812653
2024-01-28 22:00:00,DK1,52.69,48.783493,-3.9065056
2024-01-28 22:00:00,DK2,6.92,20.086767,13.166767
2024-01-28 23:00:00,DK1,48.74,51.238213,2.498211
2024-01-28 23:00:00,DK2,15.0,19.015184,4.0151844
2024-01-29 00:00:00,DK1,47.26,53.756836,6.4968376
2024-01-29 00:00:00,DK2,9.99,20.259573,10.269573
2024-01-29 01:00:00,DK1,48.12,50.396233,2.2762337
2024-01-29 01:00:00,DK2,9.99,21.82855,11.838551
2024-01-29 02:00:00,DK1,47.97,56.192207,8.222206
2024-01-29 02:00:00,DK2,15.0,19.42254,4.4225407
2024-01-29 03:00:00,DK1,51.58,57.9675,6.387497
2024-01-29 03:00:00,DK2,15.0,20.911695,5.9116955
2024-01-29 04:00:00,DK1,55.42,65.70478,10.284782
2024-01-29 04:00:00,DK2,15.01,23.363293,8.353292
2024-01-29 05:00:00,DK1,53.72,75.54666,21.82666
2024-01-29 05:00:00,DK2,24.19,29.034079,4.844078
2024-01-29 06:00:00,DK1,62.02,82.06163,20.04163
2024-01-29 06:00:00,DK2,62.02,37.748962,-24.271038
2024-01-29 07:00:00,DK1,83.23,85.70805,2.4780502
2024-01-29 07:00:00,DK2,83.23,67.05367,-16.17633
2024-01-29 08:00:00,DK1,88.39,95.69085,7.30085
2024-01-29 08:00:00,DK2,88.39,70.8432,-17.546799
2024-01-29 09:00:00,DK1,78.9,89.10025,10.200249
2024-01-29 09:00:00,DK2,78.9,90.01887,11.118866
2024-01-29 10:00:00,DK1,71.27,91.97938,20.709381
2024-01-29 10:00:00,DK2,71.27,75.33062,4.060623
2024-01-29 11:00:00,DK1,70.24,73.40414,3.1641388
2024-01-29 11:00:00,DK2,70.24,68.52589,-1.7141113
2024-01-29 12:00:00,DK1,74.99,72.638214,-2.3517838
2024-01-29 12:00:00,DK2,74.99,68.2796,-6.710396
2024-01-29 13:00:00,DK1,82.55,83.79418,1.2441788
2024-01-29 13:00:00,DK2,82.55,75.946915,-6.6030884
2024-01-29 14:00:00,DK1,97.6,93.64092,-3.959076
2024-01-29 14:00:00,DK2,97.6,90.691605,-6.908394
2024-01-29 15:00:00,DK1,108.43,105.17314,-3.2568588
2024-01-29 15:00:00,DK2,108.43,103.14566,-5.28434
2024-01-29 16:00:00,DK1,127.42,116.49212,-10.927879
2024-01-29 16:00:00,DK2,127.42,115.20767,-12.212326
2024-01-29 17:00:00,DK1,117.3,125.74259,8.442589
2024-01-29 17:00:00,DK2,117.3,119.96426,2.6642532
2024-01-29 18:00:00,DK1,107.52,109.65558,2.135582
2024-01-29 18:00:00,DK2,107.52,103.588806,-3.9311905
2024-01-29 19:00:00,DK1,91.98,101.78671,9.806709
2024-01-29 19:00:00,DK2,91.98,91.72222,-0.25778198
2024-01-29 20:00:00,DK1,86.79,89.22341,2.4334106
2024-01-29 20:00:00,DK2,86.79,91.58282,4.792816
2024-01-29 21:00:00,DK1,83.42,89.65996,6.2399597
2024-01-29 21:00:00,DK2,83.42,88.750336,5.3303375
2024-01-29 22:00:00,DK1,80.29,80.63289,0.34288788
2024-01-29 22:00:00,DK2,80.29,65.03547,-15.254532
2024-01-29 23:00:00,DK1,71.94,76.51866,4.578659
2024-01-29 23:00:00,DK2,71.94,73.138794,1.1987915
2024-01-30 00:00:00,DK1,68.79,77.61583,8.825829
2024-01-30 00:00:00,DK2,68.79,74.38401,5.5940094
2024-01-30 01:00:00,DK1,69.37,81.078705,11.708702
2024-01-30 01:00:00,DK2,69.37,65.276436,-4.093567
2024-01-30 02:00:00,DK1,67.44,70.56006,3.1200562
2024-01-30 02:00:00,DK2,67.44,73.110435,5.670433
2024-01-30 03:00:00,DK1,67.18,81.19438,14.014381
2024-01-30 03:00:00,DK2,67.18,67.03719,-0.142807
2024-01-30 04:00:00,DK1,69.37,85.74452,16.37452
2024-01-30 04:00:00,DK2,69.37,77.777466,8.407463
2024-01-30 05:00:00,DK1,68.67,89.84163,21.17163
2024-01-30 05:00:00,DK2,76.55,86.54901,9.999008
2024-01-30 06:00:00,DK1,75.29,92.08127,16.791267
2024-01-30 06:00:00,DK2,90.6,81.56738,-9.032616
2024-01-30 07:00:00,DK1,83.51,76.59763,-6.912369
2024-01-30 07:00:00,DK2,95.93,90.24029,-5.6897125
2024-01-30 08:00:00,DK1,84.67,83.92098,-0.7490158
2024-01-30 08:00:00,DK2,84.93,88.11804,3.1880417
2024-01-30 09:00:00,DK1,77.15,82.17944,5.029442
2024-01-30 09:00:00,DK2,77.15,77.21315,0.0631485
2024-01-30 10:00:00,DK1,65.36,70.301155,4.9411545
2024-01-30 10:00:00,DK2,68.42,65.9572,-2.462799
2024-01-30 11:00:00,DK1,63.81,56.441185,-7.3688164
2024-01-30 11:00:00,DK2,66.47,61.365982,-5.104019
2024-01-30 12:00:00,DK1,63.69,70.737885,7.047886
2024-01-30 12:00:00,DK2,66.59,60.17369,-6.4163055
2024-01-30 13:00:00,DK1,64.02,71.36403,7.3440323
2024-01-30 13:00:00,DK2,70.21,62.98825,-7.2217484
2024-01-30 14:00:00,DK1,62.64,73.94066,11.300659
2024-01-30 14:00:00,DK2,62.64,61.631737,-1.0082626
2024-01-30 15:00:00,DK1,63.73,73.51288,9.782879
2024-01-30 15:00:00,DK2,63.73,60.095924,-3.6340752
2024-01-30 16:00:00,DK1,71.9,73.63667,1.7366714
2024-01-30 16:00:00,DK2,71.9,62.25918,-9.640823
2024-01-30 17:00:00,DK1,61.42,72.76355,11.343552
2024-01-30 17:00:00,DK2,61.42,56.79872,-4.621277
2024-01-30 18:00:00,DK1,58.45,61.694946,3.2449455
2024-01-30 18:00:00,DK2,58.45,55.736046,-2.713955
2024-01-30 19:00:00,DK1,56.72,59.272224,2.5522232
2024-01-30 19:00:00,DK2,56.72,50.436417,-6.2835846
2024-01-30 20:00:00,DK1,53.92,61.511543,7.591545
2024-01-30 20:00:00,DK2,53.92,43.65091,-10.269089
2024-01-30 21:00:00,DK1,53.56,54.053368,0.49336624
2024-01-30 21:00:00,DK2,22.56,42.23394,19.67394
2024-01-30 22:00:00,DK1,53.25,47.54931,-5.700691
2024-01-30 22:00:00,DK2,24.17,20.705624,-3.4643764
2024-01-30 23:00:00,DK1,51.61,42.793648,-8.816353
2024-01-30 23:00:00,DK2,18.39,18.176043,-0.21395683
2024-01-31 00:00:00,DK1,51.38,42.53781,-8.84219
2024-01-31 00:00:00,DK2,18.46,18.441814,-0.018184662
2024-01-31 01:00:00,DK1,51.26,47.27494,-3.9850578
2024-01-31 01:00:00,DK2,18.5,17.79552,-0.7044792
2024-01-31 02:00:00,DK1,51.06,59.167976,8.107975
2024-01-31 02:00:00,DK2,18.58,19.791094,1.2110939
2024-01-31 03:00:00,DK1,51.39,68.47301,17.083008
2024-01-31 03:00:00,DK2,18.96,23.783861,4.823862
2024-01-31 04:00:00,DK1,50.81,78.48151,27.671505
2024-01-31 04:00:00,DK2,19.39,29.320951,9.930952
2024-01-31 05:00:00,DK1,55.01,77.99989,22.989895
2024-01-31 05:00:00,DK2,25.54,37.43277,11.892769
2024-01-31 06:00:00,DK1,56.91,85.27076,28.36076
2024-01-31 06:00:00,DK2,56.15,41.25209,-14.897911
2024-01-31 07:00:00,DK1,57.9,81.15314,23.253136
2024-01-31 07:00:00,DK2,57.9,55.30867,-2.5913315
2024-01-31 08:00:00,DK1,56.6,61.798744,5.1987457
2024-01-31 08:00:00,DK2,51.16,64.673744,13.513744
2024-01-31 09:00:00,DK1,55.66,51.43271,-4.227291
2024-01-31 09:00:00,DK2,41.88,45.700584,3.8205833
2024-01-31 10:00:00,DK1,53.71,51.6212,-2.0887985
2024-01-31 10:00:00,DK2,22.67,36.403366,13.733366
2024-01-31 11:00:00,DK1,53.73,47.18757,-6.542431
2024-01-31 11:00:00,DK2,20.48,27.87192,7.39192
2024-01-31 12:00:00,DK1,46.42,45.243637,-1.1763611
2024-01-31 12:00:00,DK2,20.44,22.499777,2.0597763
2024-01-31 13:00:00,DK1,40.05,37.542664,-2.5073357
2024-01-31 13:00:00,DK2,20.08,24.41841,4.3384094
2024-01-31 14:00:00,DK1,39.97,37.87947,-2.0905304
2024-01-31 14:00:00,DK2,20.09,23.94952,3.85952
2024-01-31 15:00:00,DK1,39.92,39.48343,-0.4365692
2024-01-31 15:00:00,DK2,26.01,26.452188,0.44218826
2024-01-31 16:00:00,DK1,49.36,48.535866,-0.8241348
2024-01-31 16:00:00,DK2,49.36,32.579987,-16.780014
2024-01-31 17:00:00,DK1,46.99,51.70925,4.7192497
2024-01-31 17:00:00,DK2,26.6,37.619743,11.019743
2024-01-31 18:00:00,DK1,41.24,47.67314,6.43314
2024-01-31 18:00:00,DK2,20.5,31.807085,11.307085
2024-01-31 19:00:00,DK1,36.8,40.813316,4.013317
2024-01-31 19:00:00,DK2,20.03,24.576159,4.546158
2024-01-31 20:00:00,DK1,34.1,37.800667,3.7006683
2024-01-31 20:00:00,DK2,16.34,22.438854,6.098854
2024-01-31 21:00:00,DK1,33.53,38.289345,4.759346
2024-01-31 21:00:00,DK2,3.73,22.149282,18.419283
2024-01-31 22:00:00,DK1,39.73,40.177696,0.4476967
2024-01-31 22:00:00,DK2,1.6,19.743532,18.143532
2024-01-31 23:00:00,DK1,47.06,41.295425,-5.764576
2024-01-31 23:00:00,DK2,9.04,16.056068,7.0160685
2024-02-01 00:00:00,DK1,41.12,52.42775,11.307751
2024-02-01 00:00:00,DK2,9.3,15.561218,6.261218
2024-02-01 01:00:00,DK1,42.16,57.965363,15.805363
2024-02-01 01:00:00,DK2,10.02,14.923145,4.903145
2024-02-01 02:00:00,DK1,43.05,54.039864,10.989864
2024-02-01 02:00:00,DK2,10.01,13.997253,3.9872532
2024-02-01 03:00:00,DK1,46.91,54.11126,7.2012596
2024-02-01 03:00:00,DK2,5.19,13.704016,8.514015
2024-02-01 04:00:00,DK1,49.39,58.532127,9.142128
2024-02-01 04:00:00,DK2,9.01,17.391106,8.381105
2024-02-01 05:00:00,DK1,50.35,58.563713,8.213715
2024-02-01 05:00:00,DK2,19.26,23.21183,3.95183
2024-02-01 06:00:00,DK1,52.27,65.07582,12.80582
2024-02-01 06:00:00,DK2,26.06,34.548683,8.488684
2024-02-01 07:00:00,DK1,52.68,54.934372,2.2543716
2024-02-01 07:00:00,DK2,26.22,36.34581,10.125811
2024-02-01 08:00:00,DK1,52.13,42.71869,-9.411312
2024-02-01 08:00:00,DK2,19.1,29.04928,9.94928
2024-02-01 09:00:00,DK1,51.49,35.81572,-15.674282
2024-02-01 09:00:00,DK2,19.04,16.77448,-2.26552
2024-02-01 10:00:00,DK1,50.83,35.763,-15.067001
2024-02-01 10:00:00,DK2,19.04,12.026979,-7.0130215
2024-02-01 11:00:00,DK1,50.86,33.061813,-17.798187
2024-02-01 11:00:00,DK2,16.66,11.563184,-5.096816
2024-02-01 12:00:00,DK1,50.42,45.12793,-5.2920685
2024-02-01 12:00:00,DK2,16.64,13.633501,-3.0064983
2024-02-01 13:00:00,DK1,50.4,47.23342,-3.1665802
2024-02-01 13:00:00,DK2,11.76,18.632895,6.8728943
2024-02-01 14:00:00,DK1,49.59,54.90763,5.317631
2024-02-01 14:00:00,DK2,16.63,21.097391,4.467392
2024-02-01 15:00:00,DK1,51.45,63.21199,11.76199
2024-02-01 15:00:00,DK2,19.06,23.669794,4.6097946
2024-02-01 16:00:00,DK1,54.93,65.277954,10.347954
2024-02-01 16:00:00,DK2,54.93,24.344707,-30.585293
2024-02-01 17:00:00,DK1,55.07,70.34462,15.27462
2024-02-01 17:00:00,DK2,55.07,35.032738,-20.037262
2024-02-01 18:00:00,DK1,55.06,62.60987,7.5498695
2024-02-01 18:00:00,DK2,26.26,37.096863,10.836863
2024-02-01 19:00:00,DK1,55.03,53.37616,-1.6538391
2024-02-01 19:00:00,DK2,26.08,20.272295,-5.807705
2024-02-01 20:00:00,DK1,54.93,59.39041,4.460411
2024-02-01 20:00:00,DK2,24.9,19.445639,-5.454361
2024-02-01 21:00:00,DK1,54.79,57.780907,2.9909058
2024-02-01 21:00:00,DK2,16.64,20.130816,3.490816
2024-02-01 22:00:00,DK1,54.32,56.039864,1.7198639
2024-02-01 22:00:00,DK2,16.65,16.908222,0.25822258
2024-02-01 23:00:00,DK1,55.74,47.99051,-7.7494926
2024-02-01 23:00:00,DK2,28.04,13.887692,-14.152308
2024-02-02 00:00:00,DK1,54.96,44.0533,-10.9067
2024-02-02 00:00:00,DK2,27.08,16.213678,-10.866322
2024-02-02 01:00:00,DK1,53.98,44.326805,-9.653194
2024-02-02 01:00:00,DK2,28.01,16.434547,-11.575453
2024-02-02 02:00:00,DK1,52.94,53.5241,0.58410263
2024-02-02 02:00:00,DK2,27.05,17.720306,-9.329693
2024-02-02 03:00:00,DK1,51.58,57.00055,5.4205475
2024-02-02 03:00:00,DK2,21.08,21.822506,0.742506
2024-02-02 04:00:00,DK1,53.09,62.935272,9.845272
2024-02-02 04:00:00,DK2,27.02,23.173473,-3.846527
2024-02-02 05:00:00,DK1,54.19,77.48659,23.296589
2024-02-02 05:00:00,DK2,34.85,33.47371,-1.3762894
2024-02-02 06:00:00,DK1,57.82,71.57919,13.759193
2024-02-02 06:00:00,DK2,57.82,44.08098,-13.739021
2024-02-02 07:00:00,DK1,59.84,67.288315,7.4483147
2024-02-02 07:00:00,DK2,59.84,63.252914,3.4129143
2024-02-02 08:00:00,DK1,58.1,47.959084,-10.140915
2024-02-02 08:00:00,DK2,58.1,58.978325,0.8783264
2024-02-02 09:00:00,DK1,56.74,39.79779,-16.942211
2024-02-02 09:00:00,DK2,56.74,52.633904,-4.106098
2024-02-02 10:00:00,DK1,54.01,52.26728,-1.7427177
2024-02-02 10:00:00,DK2,54.01,45.70417,-8.305828
2024-02-02 11:00:00,DK1,53.52,47.04068,-6.4793205
2024-02-02 11:00:00,DK2,46.98,45.05188,-1.9281197
2024-02-02 12:00:00,DK1,53.18,43.81797,-9.36203
2024-02-02 12:00:00,DK2,52.34,41.087532,-11.252468
2024-02-02 13:00:00,DK1,51.59,44.29264,-7.2973595
2024-02-02 13:00:00,DK2,45.0,39.63791,-5.362091
2024-02-02 14:00:00,DK1,51.42,43.40808,-8.011917
2024-02-02 14:00:00,DK2,31.83,38.38102,6.5510197
2024-02-02 15:00:00,DK1,51.69,47.48297,-4.2070274
2024-02-02 15:00:00,DK2,28.04,34.599533,6.559532
2024-02-02 16:00:00,DK1,52.97,57.929398,4.9593964
2024-02-02 16:00:00,DK2,52.97,34.941925,-18.028076
2024-02-02 17:00:00,DK1,53.21,58.14605,4.9360504
2024-02-02 17:00:00,DK2,53.21,44.25026,-8.95974
2024-02-02 18:00:00,DK1,51.74,52.267113,0.52711105
2024-02-02 18:00:00,DK2,28.08,43.155945,15.075945
2024-02-02 19:00:00,DK1,51.17,38.40294,-12.767059
2024-02-02 19:00:00,DK2,27.08,28.318266,1.238266
2024-02-02 20:00:00,DK1,49.68,35.442154,-14.237846
2024-02-02 20:00:00,DK2,25.22,24.115477,-1.1045227
2024-02-02 21:00:00,DK1,46.03,36.876488,-9.153511
2024-02-02 21:00:00,DK2,21.97,18.618402,-3.3515968
2024-02-02 22:00:00,DK1,36.05,38.171623,2.121624
2024-02-02 22:00:00,DK2,21.06,11.947131,-9.112868
2024-02-02 23:00:00,DK1,24.74,14.918484,-9.821516
2024-02-02 23:00:00,DK2,5.09,7.169299,2.079299
2024-02-03 00:00:00,DK1,12.85,7.6124725,-5.237528
2024-02-03 00:00:00,DK2,5.04,2.9213438,-2.1186562
2024-02-03 01:00:00,DK1,6.73,4.6150494,-2.1149507
2024-02-03 01:00:00,DK2,1.79,1.7205751,-0.06942487
2024-02-03 02:00:00,DK1,10.51,3.1103826,-7.3996177
2024-02-03 02:00:00,DK2,1.57,1.4229012,-0.1470989
2024-02-03 03:00:00,DK1,8.53,5.1685076,-3.3614922
2024-02-03 03:00:00,DK2,1.56,0.9090791,-0.65092087
2024-02-03 04:00:00,DK1,8.8,10.403468,1.603468
2024-02-03 04:00:00,DK2,1.59,1.5681593,-0.021840692
2024-02-03 05:00:00,DK1,16.48,9.594843,-6.8851566
2024-02-03 05:00:00,DK2,5.07,4.4362545,-0.6337457
2024-02-03 06:00:00,DK1,34.17,17.483555,-16.686443
2024-02-03 06:00:00,DK2,26.01,9.069706,-16.940294
2024-02-03 07:00:00,DK1,45.99,37.38803,-8.601971
2024-02-03 07:00:00,DK2,40.75,21.399115,-19.350885
2024-02-03 08:00:00,DK1,45.97,50.543755,4.5737534
2024-02-03 08:00:00,DK2,45.97,29.954834,-16.015167
2024-02-03 09:00:00,DK1,35.62,50.396675,14.776676
2024-02-03 09:00:00,DK2,35.62,26.437716,-9.182283
2024-02-03 10:00:00,DK1,30.42,36.590256,6.1702557
2024-02-03 10:00:00,DK2,30.42,31.255194,0.83519363
2024-02-03 11:00:00,DK1,30.58,24.390383,-6.189617
2024-02-03 11:00:00,DK2,30.58,22.134768,-8.445232
2024-02-03 12:00:00,DK1,30.62,17.335855,-13.284145
2024-02-03 12:00:00,DK2,30.62,18.604548,-12.015453
2024-02-03 13:00:00,DK1,40.74,13.567646,-27.172356
2024-02-03 13:00:00,DK2,19.01,19.538927,0.52892685
2024-02-03 14:00:00,DK1,43.7,16.211042,-27.488958
2024-02-03 14:00:00,DK2,16.64,17.801193,1.1611938
2024-02-03 15:00:00,DK1,49.36,28.676199,-20.683802
2024-02-03 15:00:00,DK2,16.7,19.4817,2.7817001
2024-02-03 16:00:00,DK1,57.83,46.346794,-11.483208
2024-02-03 16:00:00,DK2,57.83,24.238413,-33.59159
2024-02-03 17:00:00,DK1,57.3,63.4086,6.1086006
2024-02-03 17:00:00,DK2,57.3,42.689636,-14.610363
2024-02-03 18:00:00,DK1,56.19,58.573753,2.3837547
2024-02-03 18:00:00,DK2,56.19,47.82258,-8.36742
2024-02-03 19:00:00,DK1,53.74,32.229675,-21.510326
2024-02-03 19:00:00,DK2,53.74,34.788513,-18.951488
2024-02-03 20:00:00,DK1,51.21,38.945206,-12.264793
2024-02-03 20:00:00,DK2,51.21,30.890236,-20.319763
2024-02-03 21:00:00,DK1,50.81,35.82595,-14.984051
2024-02-03 21:00:00,DK2,26.1,28.644205,2.5442047
2024-02-03 22:00:00,DK1,38.71,38.36447,-0.34552765
2024-02-03 22:00:00,DK2,19.04,22.549688,3.5096874
2024-02-03 23:00:00,DK1,35.3,28.52683,-6.7731686
2024-02-03 23:00:00,DK2,1.5,16.46564,14.965639
2024-02-04 00:00:00,DK1,10.04,18.967875,8.927875
2024-02-04 00:00:00,DK2,0.01,7.8230352,7.813035
2024-02-04 01:00:00,DK1,3.23,6.181084,2.9510841
2024-02-04 01:00:00,DK2,0.01,2.5029626,2.4929626
2024-02-04 02:00:00,DK1,0.68,1.5160668,0.8360668
2024-02-04 02:00:00,DK2,0.0,-0.42119646,-0.42119646
2024-02-04 03:00:00,DK1,0.0,1.2429154,1.2429154
2024-02-04 03:00:00,DK2,0.0,-0.63573647,-0.63573647
2024-02-04 04:00:00,DK1,0.0,4.1546745,4.1546745
2024-02-04 04:00:00,DK2,0.0,-0.216326,-0.216326
2024-02-04 05:00:00,DK1,0.0,4.9108443,4.9108443
2024-02-04 05:00:00,DK2,0.0,0.7378149,0.7378149
2024-02-04 06:00:00,DK1,1.05,5.437828,4.387828
2024-02-04 06:00:00,DK2,1.05,1.7302332,0.68023324
2024-02-04 07:00:00,DK1,8.87,9.997305,1.127305
2024-02-04 07:00:00,DK2,8.87,3.3485105,-5.521489
2024-02-04 08:00:00,DK1,9.83,15.327442,5.4974422
2024-02-04 08:00:00,DK2,9.83,4.2872677,-5.5427322
2024-02-04 09:00:00,DK1,10.87,10.737962,-0.13203812
2024-02-04 09:00:00,DK2,10.87,4.7157044,-6.1542954
2024-02-04 10:00:00,DK1,12.81,4.8903637,-7.9196367
2024-02-04 10:00:00,DK2,12.81,3.89169,-8.91831
2024-02-04 11:00:00,DK1,13.82,5.1339974,-8.686003
2024-02-04 11:00:00,DK2,13.82,3.9681113,-9.851889
2024-02-04 12:00:00,DK1,5.07,6.4864416,1.4164414
2024-02-04 12:00:00,DK2,9.62,5.2055874,-4.4144125
2024-02-04 13:00:00,DK1,9.83,5.9422903,-3.8877096
2024-02-04 13:00:00,DK2,12.99,6.180861,-6.809139
2024-02-04 14:00:00,DK1,15.72,5.6703906,-10.04961
2024-02-04 14:00:00,DK2,15.72,6.7462864,-8.973714
2024-02-04 15:00:00,DK1,18.43,8.585179,-9.844821
2024-02-04 15:00:00,DK2,22.1,8.232002,-13.867998
2024-02-04 16:00:00,DK1,38.91,11.304205,-27.605795
2024-02-04 16:00:00,DK2,35.25,13.988367,-21.261633
2024-02-04 17:00:00,DK1,46.01,29.108408,-16.90159
2024-02-04 17:00:00,DK2,41.9,19.63756,-22.262442
2024-02-04 18:00:00,DK1,36.17,41.718468,5.5484695
2024-02-04 18:00:00,DK2,35.3,27.086906,-8.213093
2024-02-04 19:00:00,DK1,29.05,33.952393,4.9023933
2024-02-04 19:00:00,DK2,29.05,23.615625,-5.434374
2024-02-04 20:00:00,DK1,24.52,26.005796,1.485796
2024-02-04 20:00:00,DK2,24.52,14.702913,-9.817087
2024-02-04 21:00:00,DK1,24.44,15.516857,-8.923143
2024-02-04 21:00:00,DK2,24.44,9.453075,-14.986925
2024-02-04 22:00:00,DK1,16.99,8.37158,-8.61842
2024-02-04 22:00:00,DK2,21.24,6.574544,-14.665456
2024-02-04 23:00:00,DK1,1.63,8.153286,6.523286
2024-02-04 23:00:00,DK2,11.78,6.919599,-4.8604007
2024-02-05 00:00:00,DK1,0.1,5.0590982,4.9590983
2024-02-05 00:00:00,DK2,10.65,6.6507006,-3.999299
2024-02-05 01:00:00,DK1,0.1,2.1667638,2.0667639
2024-02-05 01:00:00,DK2,9.67,5.956348,-3.7136521
2024-02-05 02:00:00,DK1,0.22,5.1436687,4.923669
2024-02-05 02:00:00,DK2,4.99,3.6556191,-1.3343806
2024-02-05 03:00:00,DK1,0.08,5.6105275,5.5305276
2024-02-05 03:00:00,DK2,7.01,5.2097535,-1.8002467
2024-02-05 04:00:00,DK1,1.65,6.549382,4.899382
2024-02-05 04:00:00,DK2,15.03,6.5690765,-8.460923
2024-02-05 05:00:00,DK1,38.97,9.451496,-29.518505
2024-02-05 05:00:00,DK2,34.2,17.512669,-16.687332
2024-02-05 06:00:00,DK1,58.91,68.24207,9.332073
2024-02-05 06:00:00,DK2,55.44,22.282207,-33.15779
2024-02-05 07:00:00,DK1,62.32,72.70571,10.385712
2024-02-05 07:00:00,DK2,62.32,57.58937,-4.730629
2024-02-05 08:00:00,DK1,56.86,81.01074,24.150742
2024-02-05 08:00:00,DK2,56.86,53.62175,-3.2382507
2024-02-05 09:00:00,DK1,53.82,50.725945,-3.0940552
2024-02-05 09:00:00,DK2,52.93,58.303932,5.373932
2024-02-05 10:00:00,DK1,46.27,48.825813,2.5558128
2024-02-05 10:00:00,DK2,43.79,47.101395,3.3113937
2024-02-05 11:00:00,DK1,48.02,36.302864,-11.717136
2024-02-05 11:00:00,DK2,48.02,41.79818,-6.221821
2024-02-05 12:00:00,DK1,48.54,55.61293,7.0729294
2024-02-05 12:00:00,DK2,48.54,43.88965,-4.6503525
2024-02-05 13:00:00,DK1,53.98,39.3283,-14.651699
2024-02-05 13:00:00,DK2,53.98,45.47534,-8.504658
2024-02-05 14:00:00,DK1,55.79,48.238167,-7.551834
2024-02-05 14:00:00,DK2,55.79,48.7246,-7.065399
2024-02-05 15:00:00,DK1,60.72,67.9604,7.240402
2024-02-05 15:00:00,DK2,60.72,55.686325,-5.033676
2024-02-05 16:00:00,DK1,68.47,63.77556,-4.6944427
2024-02-05 16:00:00,DK2,68.47,61.894043,-6.5759583
2024-02-05 17:00:00,DK1,68.78,60.558746,-8.221252
2024-02-05 17:00:00,DK2,68.78,57.431282,-11.348717
2024-02-05 18:00:00,DK1,61.84,54.05432,-7.785679
2024-02-05 18:00:00,DK2,61.84,58.252174,-3.5878258
2024-02-05 19:00:00,DK1,60.48,52.36125,-8.118748
2024-02-05 19:00:00,DK2,60.48,42.768867,-17.711132
2024-02-05 20:00:00,DK1,59.65,48.72795,-10.92205
2024-02-05 20:00:00,DK2,59.65,44.99089,-14.659111
2024-02-05 21:00:00,DK1,56.3,52.59816,-3.7018394
2024-02-05 21:00:00,DK2,56.3,36.578766,-19.721233
2024-02-05 22:00:00,DK1,47.41,36.745148,-10.664852
2024-02-05 22:00:00,DK2,52.29,41.747467,-10.542534
2024-02-05 23:00:00,DK1,35.46,39.68605,4.2260513
2024-02-05 23:00:00,DK2,35.46,31.785788,-3.6742115
2024-02-06 00:00:00,DK1,28.2,25.45847,-2.7415314
2024-02-06 00:00:00,DK2,53.17,31.185678,-21.98432
2024-02-06 01:00:00,DK1,10.0,23.938408,13.938408
2024-02-06 01:00:00,DK2,53.2,29.408737,-23.791264
2024-02-06 02:00:00,DK1,4.98,16.399725,11.419725
2024-02-06 02:00:00,DK2,53.21,33.386925,-19.823074
2024-02-06 03:00:00,DK1,3.11,14.282867,11.172868
2024-02-06 03:00:00,DK2,49.23,33.631683,-15.598316
2024-02-06 04:00:00,DK1,20.09,16.502943,-3.587057
2024-02-06 04:00:00,DK2,23.06,41.289795,18.229795
2024-02-06 05:00:00,DK1,50.0,23.22766,-26.77234
2024-02-06 05:00:00,DK2,61.14,24.88591,-36.25409
2024-02-06 06:00:00,DK1,68.16,56.09195,-12.068054
2024-02-06 06:00:00,DK2,69.07,62.670975,-6.399025
2024-02-06 07:00:00,DK1,62.0,77.9853,15.985298
2024-02-06 07:00:00,DK2,74.4,60.53041,-13.869591
2024-02-06 08:00:00,DK1,61.35,51.749863,-9.600136
2024-02-06 08:00:00,DK2,68.29,62.10456,-6.18544
2024-02-06 09:00:00,DK1,58.68,47.271843,-11.408157
2024-02-06 09:00:00,DK2,63.9,54.67617,-9.223831
2024-02-06 10:00:00,DK1,58.36,43.182526,-15.177475
2024-02-06 10:00:00,DK2,62.2,51.75447,-10.44553
2024-02-06 11:00:00,DK1,59.09,50.005592,-9.084408
2024-02-06 11:00:00,DK2,61.6,50.622917,-10.977081
2024-02-06 12:00:00,DK1,58.24,49.7062,-8.533802
2024-02-06 12:00:00,DK2,61.35,54.36312,-6.9868774
2024-02-06 13:00:00,DK1,60.02,60.40632,0.3863182
2024-02-06 13:00:00,DK2,61.82,55.35678,-6.4632187
2024-02-06 14:00:00,DK1,60.06,64.30517,4.245167
2024-02-06 14:00:00,DK2,61.85,58.85135,-2.9986496
2024-02-06 15:00:00,DK1,60.82,70.88586,10.065857
2024-02-06 15:00:00,DK2,62.63,49.792084,-12.837917
2024-02-06 16:00:00,DK1,62.97,61.52005,-1.4499512
2024-02-06 16:00:00,DK2,64.85,56.787598,-8.062401
2024-02-06 17:00:00,DK1,61.96,56.95333,-5.006668
2024-02-06 17:00:00,DK2,63.81,57.738106,-6.0718956
2024-02-06 18:00:00,DK1,61.16,61.36505,0.20505142
2024-02-06 18:00:00,DK2,62.16,54.111763,-8.048237
2024-02-06 19:00:00,DK1,59.14,59.643433,0.5034332
2024-02-06 19:00:00,DK2,60.42,47.314568,-13.105431
2024-02-06 20:00:00,DK1,56.44,55.61602,-0.8239784
2024-02-06 20:00:00,DK2,58.85,45.39016,-13.459839
2024-02-06 21:00:00,DK1,56.52,48.148514,-8.371487
2024-02-06 21:00:00,DK2,58.04,44.690094,-13.349907
2024-02-06 22:00:00,DK1,53.3,42.17286,-11.12714
2024-02-06 22:00:00,DK2,55.06,45.357986,-9.702015
2024-02-06 23:00:00,DK1,41.17,35.682167,-5.487831
2024-02-06 23:00:00,DK2,53.23,41.803024,-11.426975
2024-02-07 00:00:00,DK1,37.17,36.193466,-0.976532
2024-02-07 00:00:00,DK2,52.37,49.985077,-2.384922
2024-02-07 01:00:00,DK1,43.26,32.907047,-10.352951
2024-02-07 01:00:00,DK2,43.26,49.872032,6.612034
2024-02-07 02:00:00,DK1,46.59,40.089912,-6.5000877
2024-02-07 02:00:00,DK2,46.59,41.15638,-5.4336205
2024-02-07 03:00:00,DK1,54.47,44.9065,-9.563499
2024-02-07 03:00:00,DK2,54.47,44.406166,-10.063835
2024-02-07 04:00:00,DK1,59.63,63.554016,3.924015
2024-02-07 04:00:00,DK2,60.12,49.214783,-10.905216
2024-02-07 05:00:00,DK1,74.83,68.2954,-6.5345993
2024-02-07 05:00:00,DK2,74.35,71.28284,-3.0671616
2024-02-07 06:00:00,DK1,86.67,82.27867,-4.391327
2024-02-07 06:00:00,DK2,86.67,83.56644,-3.1035614
2024-02-07 07:00:00,DK1,87.0,91.54355,4.5435486
2024-02-07 07:00:00,DK2,87.0,92.86744,5.8674393
2024-02-07 08:00:00,DK1,85.53,84.46213,-1.0678711
2024-02-07 08:00:00,DK2,85.53,87.54109,2.0110931
2024-02-07 09:00:00,DK1,81.17,73.292145,-7.8778534
2024-02-07 09:00:00,DK2,81.17,76.84836,-4.32164
2024-02-07 10:00:00,DK1,78.01,74.51349,-3.4965134
2024-02-07 10:00:00,DK2,78.01,73.15268,-4.8573227
2024-02-07 11:00:00,DK1,75.82,78.1893,2.3693008
2024-02-07 11:00:00,DK2,75.82,73.87346,-1.9465408
2024-02-07 12:00:00,DK1,78.29,83.36425,5.0742493
2024-02-07 12:00:00,DK2,78.29,73.01277,-5.2772293
2024-02-07 13:00:00,DK1,77.32,88.764984,11.444984
2024-02-07 13:00:00,DK2,77.32,75.00665,-2.3133469
2024-02-07 14:00:00,DK1,86.74,87.89067,1.1506729
2024-02-07 14:00:00,DK2,86.74,81.35361,-5.3863907
2024-02-07 15:00:00,DK1,97.3,94.00691,-3.2930908
2024-02-07 15:00:00,DK2,97.3,89.36425,-7.935753
2024-02-07 16:00:00,DK1,120.05,104.04923,-16.00077
2024-02-07 16:00:00,DK2,120.05,106.63015,-13.419853
2024-02-07 17:00:00,DK1,136.22,116.48805,-19.731949
2024-02-07 17:00:00,DK2,136.22,119.16841,-17.05159
2024-02-07 18:00:00,DK1,109.7,121.25797,11.557976
2024-02-07 18:00:00,DK2,109.7,109.75999,0.05998993
2024-02-07 19:00:00,DK1,99.91,101.710556,1.8005524
2024-02-07 19:00:00,DK2,99.91,90.9234,-8.986603
2024-02-07 20:00:00,DK1,87.65,91.02282,3.372818
2024-02-07 20:00:00,DK2,87.65,84.91962,-2.7303848
2024-02-07 21:00:00,DK1,83.63,86.747284,3.1172867
2024-02-07 21:00:00,DK2,83.63,81.33209,-2.297905
2024-02-07 22:00:00,DK1,79.21,81.30032,2.0903244
2024-02-07 22:00:00,DK2,79.21,79.19025,-0.019752502
2024-02-07 23:00:00,DK1,73.7,82.79016,9.090164
2024-02-07 23:00:00,DK2,73.7,66.356384,-7.3436127
2024-02-08 00:00:00,DK1,73.2,82.17996,8.979965
2024-02-08 00:00:00,DK2,73.2,66.13253,-7.0674667
2024-02-08 01:00:00,DK1,72.15,76.16551,4.0155106
2024-02-08 01:00:00,DK2,72.15,58.838654,-13.311348
2024-02-08 02:00:00,DK1,71.18,74.9104,3.7304
2024-02-08 02:00:00,DK2,71.18,48.24494,-22.935059
2024-02-08 03:00:00,DK1,70.95,77.5294,6.5794067
2024-02-08 03:00:00,DK2,70.95,49.18947,-21.760529
2024-02-08 04:00:00,DK1,75.98,75.94446,-0.03554535
2024-02-08 04:00:00,DK2,75.98,72.010895,-3.9691086
2024-02-08 05:00:00,DK1,87.08,89.55405,2.4740448
2024-02-08 05:00:00,DK2,87.08,81.87274,-5.20726
2024-02-08 06:00:00,DK1,110.0,95.8987,-14.101303
2024-02-08 06:00:00,DK2,110.0,103.106186,-6.893814
2024-02-08 07:00:00,DK1,133.15,105.99875,-27.151245
2024-02-08 07:00:00,DK2,133.15,110.8714,-22.278595
2024-02-08 08:00:00,DK1,113.55,111.058914,-2.4910889
2024-02-08 08:00:00,DK2,113.55,111.64183,-1.9081726
2024-02-08 09:00:00,DK1,97.79,100.34151,2.551506
2024-02-08 09:00:00,DK2,97.79,98.73566,0.9456558
2024-02-08 10:00:00,DK1,91.87,80.08602,-11.783981
2024-02-08 10:00:00,DK2,91.87,82.69322,-9.176781
2024-02-08 11:00:00,DK1,89.38,77.49134,-11.888657
2024-02-08 11:00:00,DK2,89.38,85.57086,-3.8091354
2024-02-08 12:00:00,DK1,90.98,91.63916,0.6591568
2024-02-08 12:00:00,DK2,90.98,94.62071,3.640709
2024-02-08 13:00:00,DK1,94.9,93.9501,-0.94989777
2024-02-08 13:00:00,DK2,94.9,86.73239,-8.16761
2024-02-08 14:00:00,DK1,94.38,95.28723,0.9072342
2024-02-08 14:00:00,DK2,94.38,97.40323,3.0232315
2024-02-08 15:00:00,DK1,93.01,108.09082,15.080818
2024-02-08 15:00:00,DK2,93.01,106.99501,13.985008
2024-02-08 16:00:00,DK1,103.0,118.44014,15.44014
2024-02-08 16:00:00,DK2,105.53,117.05243,11.52243
2024-02-08 17:00:00,DK1,94.67,110.1538,15.483803
2024-02-08 17:00:00,DK2,97.0,100.57927,3.5792694
2024-02-08 18:00:00,DK1,86.06,100.53829,14.478294
2024-02-08 18:00:00,DK2,86.06,84.044586,-2.0154114
2024-02-08 19:00:00,DK1,83.2,88.9592,5.759201
2024-02-08 19:00:00,DK2,83.2,72.84399,-10.35601
2024-02-08 20:00:00,DK1,80.61,80.76529,0.1552887
2024-02-08 20:00:00,DK2,80.61,72.183334,-8.426666
2024-02-08 21:00:00,DK1,75.6,79.50725,3.9072495
2024-02-08 21:00:00,DK2,75.6,65.98026,-9.619736
2024-02-08 22:00:00,DK1,65.98,74.40271,8.422707
2024-02-08 22:00:00,DK2,65.98,62.607635,-3.3723679
2024-02-08 23:00:00,DK1,60.43,67.624054,7.1940536
2024-02-08 23:00:00,DK2,67.27,55.7241,-11.545898
2024-02-09 00:00:00,DK1,58.61,54.166412,-4.4435883
2024-02-09 00:00:00,DK2,65.65,60.80359,-4.8464127
2024-02-09 01:00:00,DK1,55.74,48.594597,-7.145405
2024-02-09 01:00:00,DK2,64.67,61.665123,-3.0048752
2024-02-09 02:00:00,DK1,51.61,65.47258,13.862579
2024-02-09 02:00:00,DK2,63.57,55.207184,-8.362816
2024-02-09 03:00:00,DK1,49.96,56.85463,6.8946304
2024-02-09 03:00:00,DK2,62.97,62.981728,0.011726379
2024-02-09 04:00:00,DK1,51.41,60.867332,9.457333
2024-02-09 04:00:00,DK2,60.87,54.850914,-6.019085
2024-02-09 05:00:00,DK1,52.57,61.35302,8.78302
2024-02-09 05:00:00,DK2,67.42,60.780273,-6.6397247
2024-02-09 06:00:00,DK1,63.02,72.33472,9.314716
2024-02-09 06:00:00,DK2,69.6,65.93411,-3.665886
2024-02-09 07:00:00,DK1,62.19,67.21985,5.02985
2024-02-09 07:00:00,DK2,75.48,72.378914,-3.1010895
2024-02-09 08:00:00,DK1,63.76,56.831238,-6.9287605
2024-02-09 08:00:00,DK2,73.68,69.215515,-4.464485
2024-02-09 09:00:00,DK1,65.41,52.69062,-12.719383
2024-02-09 09:00:00,DK2,71.46,65.60399,-5.8560104
2024-02-09 10:00:00,DK1,65.35,49.244514,-16.105484
2024-02-09 10:00:00,DK2,70.75,63.92285,-6.8271484
2024-02-09 11:00:00,DK1,63.84,46.919876,-16.920124
2024-02-09 11:00:00,DK2,69.52,60.90609,-8.613907
2024-02-09 12:00:00,DK1,62.89,44.122116,-18.767883
2024-02-09 12:00:00,DK2,69.6,63.111984,-6.488014
2024-02-09 13:00:00,DK1,68.68,51.61866,-17.06134
2024-02-09 13:00:00,DK2,70.09,61.117386,-8.97261
2024-02-09 14:00:00,DK1,68.09,63.995766,-4.0942307
2024-02-09 14:00:00,DK2,70.12,60.996338,-9.123665
2024-02-09 15:00:00,DK1,68.75,73.022385,4.2723846
2024-02-09 15:00:00,DK2,70.8,56.515434,-14.284569
2024-02-09 16:00:00,DK1,74.22,75.41087,1.1908722
2024-02-09 16:00:00,DK2,76.44,58.56565,-17.874352
2024-02-09 17:00:00,DK1,75.94,76.33806,0.39805603
2024-02-09 17:00:00,DK2,75.94,60.664917,-15.275085
2024-02-09 18:00:00,DK1,70.94,74.100204,3.160202
2024-02-09 18:00:00,DK2,70.94,57.56553,-13.374474
2024-02-09 19:00:00,DK1,67.25,74.45979,7.209793
2024-02-09 19:00:00,DK2,67.25,52.546837,-14.703163
2024-02-09 20:00:00,DK1,66.15,71.234764,5.0847626
2024-02-09 20:00:00,DK2,66.15,50.30037,-15.849632
2024-02-09 21:00:00,DK1,64.96,72.245895,7.2858963
2024-02-09 21:00:00,DK2,64.96,49.648857,-15.311142
2024-02-09 22:00:00,DK1,63.28,67.10186,3.8218613
2024-02-09 22:00:00,DK2,63.28,56.1364,-7.1436005
2024-02-09 23:00:00,DK1,61.14,67.955246,6.8152466
2024-02-09 23:00:00,DK2,61.14,52.753845,-8.386154
2024-02-10 00:00:00,DK1,62.03,61.132935,-0.8970642
2024-02-10 00:00:00,DK2,62.03,63.76863,1.7386322
2024-02-10 01:00:00,DK1,62.34,62.767776,0.42777634
2024-02-10 01:00:00,DK2,62.34,62.466873,0.12687302
2024-02-10 02:00:00,DK1,62.33,58.430267,-3.8997345
2024-02-10 02:00:00,DK2,62.33,64.04454,1.7145386
2024-02-10 03:00:00,DK1,62.35,60.713158,-1.6368408
2024-02-10 03:00:00,DK2,62.35,62.915016,0.5650177
2024-02-10 04:00:00,DK1,63.35,63.421272,0.0712738
2024-02-10 04:00:00,DK2,63.35,63.309303,-0.04069519
2024-02-10 05:00:00,DK1,62.64,61.60926,-1.0307388
2024-02-10 05:00:00,DK2,62.64,67.653015,5.0130157
2024-02-10 06:00:00,DK1,63.26,67.484024,4.2240257
2024-02-10 06:00:00,DK2,63.26,68.22835,4.9683495
2024-02-10 07:00:00,DK1,64.74,67.482315,2.7423172
2024-02-10 07:00:00,DK2,64.74,68.28754,3.5475388
2024-02-10 08:00:00,DK1,65.72,70.275085,4.555084
2024-02-10 08:00:00,DK2,65.72,64.28009,-1.4399109
2024-02-10 09:00:00,DK1,67.47,65.989746,-1.4802551
2024-02-10 09:00:00,DK2,67.47,69.06791,1.597908
2024-02-10 10:00:00,DK1,67.27,65.556206,-1.7137909
2024-02-10 10:00:00,DK2,67.27,69.05497,1.7849731
2024-02-10 11:00:00,DK1,66.18,60.351974,-5.828026
2024-02-10 11:00:00,DK2,66.18,67.395584,1.2155838
2024-02-10 12:00:00,DK1,65.12,58.70703,-6.4129715
2024-02-10 12:00:00,DK2,65.12,64.54428,-0.57572174
2024-02-10 13:00:00,DK1,66.91,69.33738,2.4273758
2024-02-10 13:00:00,DK2,66.91,60.84778,-6.0622253
2024-02-10 14:00:00,DK1,68.01,57.3086,-10.701401
2024-02-10 14:00:00,DK2,68.01,65.973274,-2.036728
2024-02-10 15:00:00,DK1,68.92,61.764137,-7.155861
2024-02-10 15:00:00,DK2,68.92,63.740547,-5.179451
2024-02-10 16:00:00,DK1,88.4,81.670235,-6.729767
2024-02-10 16:00:00,DK2,88.4,55.326233,-33.07377
2024-02-10 17:00:00,DK1,85.27,88.80283,3.532837
2024-02-10 17:00:00,DK2,85.27,63.277397,-21.9926
2024-02-10 18:00:00,DK1,69.06,85.66844,16.608444
2024-02-10 18:00:00,DK2,69.06,67.266624,-1.7933731
2024-02-10 19:00:00,DK1,65.28,44.95923,-20.32077
2024-02-10 19:00:00,DK2,65.28,70.791145,5.5111465
2024-02-10 20:00:00,DK1,64.18,54.25232,-9.927681
2024-02-10 20:00:00,DK2,64.18,47.921753,-16.258247
2024-02-10 21:00:00,DK1,63.38,54.864662,-8.515339
2024-02-10 21:00:00,DK2,63.38,59.037285,-4.342716
2024-02-10 22:00:00,DK1,61.93,50.834457,-11.095543
2024-02-10 22:00:00,DK2,61.93,57.60034,-4.3296585
2024-02-10 23:00:00,DK1,55.48,54.63053,-0.84946823
2024-02-10 23:00:00,DK2,55.48,53.264664,-2.2153358
2024-02-11 00:00:00,DK1,53.67,44.82699,-8.84301
2024-02-11 00:00:00,DK2,53.67,57.94079,4.27079
2024-02-11 01:00:00,DK1,52.6,51.62996,-0.97003937
2024-02-11 01:00:00,DK2,52.6,50.86814,-1.7318573
2024-02-11 02:00:00,DK1,46.83,49.17729,2.34729
2024-02-11 02:00:00,DK2,46.83,48.85134,2.0213394
2024-02-11 03:00:00,DK1,43.64,43.169,-0.47100067
2024-02-11 03:00:00,DK2,43.64,45.91713,2.2771301
2024-02-11 04:00:00,DK1,46.25,41.28573,-4.9642715
2024-02-11 04:00:00,DK2,46.25,43.592003,-2.6579971
2024-02-11 05:00:00,DK1,49.19,46.758873,-2.4311256
2024-02-11 05:00:00,DK2,49.19,43.829033,-5.3609657
2024-02-11 06:00:00,DK1,53.16,55.408684,2.248684
2024-02-11 06:00:00,DK2,53.16,46.356438,-6.803562
2024-02-11 07:00:00,DK1,55.06,59.9842,4.924198
2024-02-11 07:00:00,DK2,55.06,52.75582,-2.3041801
2024-02-11 08:00:00,DK1,57.97,57.526764,-0.4432373
2024-02-11 08:00:00,DK2,57.97,58.814995,0.8449936
2024-02-11 09:00:00,DK1,61.16,46.473152,-14.686848
2024-02-11 09:00:00,DK2,61.16,61.29653,0.13653183
2024-02-11 10:00:00,DK1,63.97,52.5048,-11.465202
2024-02-11 10:00:00,DK2,63.97,60.697525,-3.2724762
2024-02-11 11:00:00,DK1,63.05,53.375618,-9.674381
2024-02-11 11:00:00,DK2,63.05,60.357056,-2.6929436
2024-02-11 12:00:00,DK1,61.73,55.59253,-6.1374702
2024-02-11 12:00:00,DK2,61.73,61.281548,-0.448452
2024-02-11 13:00:00,DK1,63.33,61.776505,-1.5534973
2024-02-11 13:00:00,DK2,63.33,58.88314,-4.4468613
2024-02-11 14:00:00,DK1,66.02,64.21698,-1.8030167
2024-02-11 14:00:00,DK2,64.71,60.306915,-4.403084
2024-02-11 15:00:00,DK1,70.69,72.762344,2.072342
2024-02-11 15:00:00,DK2,68.04,60.64785,-7.392151
2024-02-11 16:00:00,DK1,78.34,75.99194,-2.348053
2024-02-11 16:00:00,DK2,76.07,60.990852,-15.079147
2024-02-11 17:00:00,DK1,80.58,83.97826,3.3982544
2024-02-11 17:00:00,DK2,80.58,62.51143,-18.068573
2024-02-11 18:00:00,DK1,74.95,85.8125,10.862503
2024-02-11 18:00:00,DK2,70.98,71.643845,0.66384125
2024-02-11 19:00:00,DK1,76.59,59.653084,-16.936913
2024-02-11 19:00:00,DK2,63.29,76.26229,12.97229
2024-02-11 20:00:00,DK1,69.93,60.0484,-9.881599
2024-02-11 20:00:00,DK2,60.37,61.78656,1.4165611
2024-02-11 21:00:00,DK1,67.86,69.04755,1.1875458
2024-02-11 21:00:00,DK2,56.51,49.690056,-6.8199425
2024-02-11 22:00:00,DK1,63.88,67.80101,3.921009
2024-02-11 22:00:00,DK2,57.38,53.208458,-4.171543
2024-02-11 23:00:00,DK1,64.35,64.98451,0.63451385
2024-02-11 23:00:00,DK2,62.35,54.22483,-8.125168
2024-02-12 00:00:00,DK1,61.59,65.26469,3.6746864
2024-02-12 00:00:00,DK2,59.94,56.209564,-3.7304344
2024-02-12 01:00:00,DK1,60.65,66.5789,5.9289017
2024-02-12 01:00:00,DK2,58.79,61.351395,2.5613937
2024-02-12 02:00:00,DK1,59.39,70.152565,10.762566
2024-02-12 02:00:00,DK2,57.77,58.520416,0.7504158
2024-02-12 03:00:00,DK1,59.21,66.70122,7.4912186
2024-02-12 03:00:00,DK2,59.21,63.63598,4.4259796
2024-02-12 04:00:00,DK1,65.0,72.003586,7.003586
2024-02-12 04:00:00,DK2,65.0,59.379982,-5.620018
2024-02-12 05:00:00,DK1,76.0,76.97028,0.9702835
2024-02-12 05:00:00,DK2,76.0,72.90756,-3.0924377
2024-02-12 06:00:00,DK1,85.41,92.78706,7.37706
2024-02-12 06:00:00,DK2,85.41,87.91809,2.5080872
2024-02-12 07:00:00,DK1,104.0,96.705505,-7.2944946
2024-02-12 07:00:00,DK2,104.0,92.48448,-11.515518
2024-02-12 08:00:00,DK1,96.5,87.36868,-9.131317
2024-02-12 08:00:00,DK2,96.5,90.58028,-5.9197235
2024-02-12 09:00:00,DK1,85.47,89.779816,4.3098145
2024-02-12 09:00:00,DK2,85.47,88.00162,2.5316162
2024-02-12 10:00:00,DK1,79.14,76.95718,-2.1828232
2024-02-12 10:00:00,DK2,79.14,73.73323,-5.406769
2024-02-12 11:00:00,DK1,67.37,65.21829,-2.1517105
2024-02-12 11:00:00,DK2,67.37,67.84206,0.47205353
2024-02-12 12:00:00,DK1,63.75,67.72712,3.9771194
2024-02-12 12:00:00,DK2,63.75,67.75975,4.0097504
2024-02-12 13:00:00,DK1,63.95,74.001114,10.051113
2024-02-12 13:00:00,DK2,63.95,61.618988,-2.3310127
2024-02-12 14:00:00,DK1,66.4,76.3002,9.9002
2024-02-12 14:00:00,DK2,66.4,67.20448,0.8044815
2024-02-12 15:00:00,DK1,78.42,81.99123,3.571228
2024-02-12 15:00:00,DK2,78.42,78.229904,-0.190094
2024-02-12 16:00:00,DK1,93.9,95.73247,1.8324661
2024-02-12 16:00:00,DK2,93.9,92.53105,-1.3689499
2024-02-12 17:00:00,DK1,96.0,106.22219,10.222191
2024-02-12 17:00:00,DK2,96.0,108.82614,12.826141
2024-02-12 18:00:00,DK1,89.08,114.692245,25.612244
2024-02-12 18:00:00,DK2,89.08,108.50422,19.424217
2024-02-12 19:00:00,DK1,79.15,95.41824,16.268242
2024-02-12 19:00:00,DK2,79.15,70.89137,-8.258629
2024-02-12 20:00:00,DK1,71.54,73.7079,2.1679
2024-02-12 20:00:00,DK2,71.54,51.55034,-19.989662
2024-02-12 21:00:00,DK1,65.65,80.96851,15.318512
2024-02-12 21:00:00,DK2,64.29,47.859894,-16.430107
2024-02-12 22:00:00,DK1,61.73,72.84981,11.119808
2024-02-12 22:00:00,DK2,59.94,49.23104,-10.708958
2024-02-12 23:00:00,DK1,66.31,67.01883,0.7088318
2024-02-12 23:00:00,DK2,66.31,47.51686,-18.793137
2024-02-13 00:00:00,DK1,65.37,70.5034,5.1334
2024-02-13 00:00:00,DK2,63.8,51.787643,-12.012356
2024-02-13 01:00:00,DK1,63.41,67.108765,3.6987648
2024-02-13 01:00:00,DK2,61.1,50.513077,-10.586922
2024-02-13 02:00:00,DK1,60.49,89.70431,29.214306
2024-02-13 02:00:00,DK2,58.96,65.63391,6.673912
2024-02-13 03:00:00,DK1,60.06,93.587524,33.527523
2024-02-13 03:00:00,DK2,60.06,92.40449,32.344486
2024-02-13 04:00:00,DK1,62.7,91.240234,28.540234
2024-02-13 04:00:00,DK2,62.7,55.32241,-7.37759
2024-02-13 05:00:00,DK1,66.15,71.983925,5.8339233
2024-02-13 05:00:00,DK2,66.15,62.529533,-3.6204681
2024-02-13 06:00:00,DK1,75.68,86.27545,10.595451
2024-02-13 06:00:00,DK2,75.68,83.702866,8.022865
2024-02-13 07:00:00,DK1,88.75,82.0099,-6.740097
2024-02-13 07:00:00,DK2,88.75,82.02643,-6.723572
2024-02-13 08:00:00,DK1,74.96,74.890686,-0.06931305
2024-02-13 08:00:00,DK2,74.96,69.19328,-5.766716
2024-02-13 09:00:00,DK1,69.21,64.896545,-4.3134537
2024-02-13 09:00:00,DK2,69.21,60.768005,-8.441994
2024-02-13 10:00:00,DK1,63.87,63.478455,-0.39154434
2024-02-13 10:00:00,DK2,63.87,55.06201,-8.807987
2024-02-13 11:00:00,DK1,60.53,56.54049,-3.9895096
2024-02-13 11:00:00,DK2,60.53,51.7446,-8.7854
2024-02-13 12:00:00,DK1,60.26,62.697792,2.4377937
2024-02-13 12:00:00,DK2,60.26,50.803535,-9.456463
2024-02-13 13:00:00,DK1,63.1,62.922684,-0.17731476
2024-02-13 13:00:00,DK2,63.1,52.779617,-10.320381
2024-02-13 14:00:00,DK1,70.7,71.29091,0.59091187
2024-02-13 14:00:00,DK2,69.0,56.66636,-12.333641
2024-02-13 15:00:00,DK1,77.92,79.81479,1.8947906
2024-02-13 15:00:00,DK2,77.92,67.951614,-9.968384
2024-02-13 16:00:00,DK1,94.93,91.79361,-3.1363907
2024-02-13 16:00:00,DK2,94.93,81.59813,-13.331871
2024-02-13 17:00:00,DK1,99.52,104.84485,5.324852
2024-02-13 17:00:00,DK2,99.52,88.9764,-10.543594
2024-02-13 18:00:00,DK1,90.99,103.57767,12.587669
2024-02-13 18:00:00,DK2,90.99,86.19662,-4.7933807
2024-02-13 19:00:00,DK1,77.97,88.34155,10.3715515
2024-02-13 19:00:00,DK2,77.97,66.93002,-11.039978
2024-02-13 20:00:00,DK1,71.86,68.78151,-3.0784912
2024-02-13 20:00:00,DK2,71.86,63.285355,-8.574646
2024-02-13 21:00:00,DK1,68.39,68.29112,-0.09887695
2024-02-13 21:00:00,DK2,68.39,54.981583,-13.408417
2024-02-13 22:00:00,DK1,64.74,62.918068,-1.8219299
2024-02-13 22:00:00,DK2,64.74,53.651596,-11.088402
2024-02-13 23:00:00,DK1,60.63,60.145866,-0.48413467
2024-02-13 23:00:00,DK2,60.63,49.05871,-11.571293
2024-02-14 00:00:00,DK1,59.34,53.608223,-5.731777
2024-02-14 00:00:00,DK2,59.34,47.293976,-12.046024
2024-02-14 01:00:00,DK1,55.76,55.09411,-0.66588974
2024-02-14 01:00:00,DK2,55.76,49.610962,-6.1490364
2024-02-14 02:00:00,DK1,54.79,58.299652,3.5096512
2024-02-14 02:00:00,DK2,54.79,54.35765,-0.43235016
2024-02-14 03:00:00,DK1,55.06,66.63873,11.578732
2024-02-14 03:00:00,DK2,55.06,51.38868,-3.6713219
2024-02-14 04:00:00,DK1,58.43,72.442986,14.012985
2024-02-14 04:00:00,DK2,58.43,64.02219,5.592186
2024-02-14 05:00:00,DK1,63.23,75.86847,12.63847
2024-02-14 05:00:00,DK2,63.23,68.98804,5.7580376
2024-02-14 06:00:00,DK1,72.74,80.28535,7.545349
2024-02-14 06:00:00,DK2,72.74,73.79501,1.0550156
2024-02-14 07:00:00,DK1,79.73,73.07014,-6.6598663
2024-02-14 07:00:00,DK2,79.73,73.17867,-6.5513306
2024-02-14 08:00:00,DK1,69.65,75.46735,5.8173447
2024-02-14 08:00:00,DK2,69.65,66.33032,-3.3196793
2024-02-14 09:00:00,DK1,63.86,64.03437,0.17436981
2024-02-14 09:00:00,DK2,63.86,64.23798,0.3779831
2024-02-14 10:00:00,DK1,63.29,61.003746,-2.286255
2024-02-14 10:00:00,DK2,63.29,60.30609,-2.9839096
2024-02-14 11:00:00,DK1,62.63,59.515167,-3.1148338
2024-02-14 11:00:00,DK2,62.63,58.992218,-3.637783
2024-02-14 12:00:00,DK1,63.82,62.414345,-1.4056549
2024-02-14 12:00:00,DK2,63.82,59.997902,-3.8220978
2024-02-14 13:00:00,DK1,69.03,75.8577,6.8276978
2024-02-14 13:00:00,DK2,69.03,62.48725,-6.5427475
2024-02-14 14:00:00,DK1,72.23,82.48245,10.252449
2024-02-14 14:00:00,DK2,72.23,66.38711,-5.8428955
2024-02-14 15:00:00,DK1,78.54,78.33006,-0.20993805
2024-02-14 15:00:00,DK2,78.54,68.73009,-9.809914
2024-02-14 16:00:00,DK1,82.97,96.64459,13.674591
2024-02-14 16:00:00,DK2,82.97,87.44635,4.476349
2024-02-14 17:00:00,DK1,87.58,87.53241,-0.047592163
2024-02-14 17:00:00,DK2,87.58,70.12494,-17.455063
2024-02-14 18:00:00,DK1,84.47,79.90058,-4.56942
2024-02-14 18:00:00,DK2,84.47,75.09302,-9.376984
2024-02-14 19:00:00,DK1,76.48,85.50357,9.023567
2024-02-14 19:00:00,DK2,76.48,59.838043,-16.64196
2024-02-14 20:00:00,DK1,69.68,73.132904,3.4529037
2024-02-14 20:00:00,DK2,69.68,57.19609,-12.48391
2024-02-14 21:00:00,DK1,68.2,73.10422,4.9042206
2024-02-14 21:00:00,DK2,68.2,53.579475,-14.620522
2024-02-14 22:00:00,DK1,63.8,66.43532,2.6353188
2024-02-14 22:00:00,DK2,63.8,50.87394,-12.92606
2024-02-14 23:00:00,DK1,61.71,62.7558,1.0457993
2024-02-14 23:00:00,DK2,61.71,48.122032,-13.587967
2024-02-15 00:00:00,DK1,61.13,62.633667,1.5036659
2024-02-15 00:00:00,DK2,61.13,49.125328,-12.004673
2024-02-15 01:00:00,DK1,60.3,59.612785,-0.6872139
2024-02-15 01:00:00,DK2,60.3,54.281364,-6.018635
2024-02-15 02:00:00,DK1,59.75,63.816277,4.0662766
2024-02-15 02:00:00,DK2,59.75,56.684868,-3.0651321
2024-02-15 03:00:00,DK1,61.94,65.54965,3.6096535
2024-02-15 03:00:00,DK2,61.94,62.55358,0.6135826
2024-02-15 04:00:00,DK1,64.48,73.04736,8.56736
2024-02-15 04:00:00,DK2,64.48,60.747627,-3.732376
2024-02-15 05:00:00,DK1,72.21,79.10126,6.8912582
2024-02-15 05:00:00,DK2,72.21,73.56314,1.3531418
2024-02-15 06:00:00,DK1,81.57,84.67852,3.1085205
2024-02-15 06:00:00,DK2,81.57,85.82514,4.255142
2024-02-15 07:00:00,DK1,82.67,86.88597,4.215973
2024-02-15 07:00:00,DK2,82.67,84.74297,2.0729752
2024-02-15 08:00:00,DK1,78.76,76.01018,-2.7498245
2024-02-15 08:00:00,DK2,78.76,68.23035,-10.529655
2024-02-15 09:00:00,DK1,74.18,63.903755,-10.276245
2024-02-15 09:00:00,DK2,74.18,69.637314,-4.5426865
2024-02-15 10:00:00,DK1,69.96,68.392914,-1.5670853
2024-02-15 10:00:00,DK2,69.96,66.88977,-3.0702286
2024-02-15 11:00:00,DK1,66.63,69.24093,2.6109314
2024-02-15 11:00:00,DK2,66.63,62.153656,-4.4763412
2024-02-15 12:00:00,DK1,66.19,60.52803,-5.661972
2024-02-15 12:00:00,DK2,66.19,57.89348,-8.296524
2024-02-15 13:00:00,DK1,69.91,66.00784,-3.9021606
2024-02-15 13:00:00,DK2,69.91,60.916557,-8.993446
2024-02-15 14:00:00,DK1,75.05,84.8767,9.826698
2024-02-15 14:00:00,DK2,75.05,68.66081,-6.3891907
2024-02-15 15:00:00,DK1,78.73,88.43535,9.705345
2024-02-15 15:00:00,DK2,79.05,72.322876,-6.727127
2024-02-15 16:00:00,DK1,84.89,87.29161,2.4016113
2024-02-15 16:00:00,DK2,87.0,70.491104,-16.508896
2024-02-15 17:00:00,DK1,86.91,94.617485,7.7074814
2024-02-15 17:00:00,DK2,86.91,83.53679,-3.3732147
2024-02-15 18:00:00,DK1,75.61,77.570526,1.9605255
2024-02-15 18:00:00,DK2,75.61,57.18097,-18.429031
2024-02-15 19:00:00,DK1,69.56,65.10291,-4.4570847
2024-02-15 19:00:00,DK2,69.56,63.224968,-6.3350296
2024-02-15 20:00:00,DK1,62.68,66.1517,3.4717026
2024-02-15 20:00:00,DK2,62.68,48.253677,-14.426323
2024-02-15 21:00:00,DK1,62.66,51.05815,-11.601849
2024-02-15 21:00:00,DK2,62.66,47.748375,-14.911625
2024-02-15 22:00:00,DK1,58.91,53.94203,-4.967968
2024-02-15 22:00:00,DK2,58.91,43.41327,-15.496731
2024-02-15 23:00:00,DK1,51.76,48.15692,-3.603077
2024-02-15 23:00:00,DK2,51.76,40.095436,-11.664562
2024-02-16 00:00:00,DK1,51.08,41.410164,-9.669838
2024-02-16 00:00:00,DK2,51.08,37.43888,-13.641121
2024-02-16 01:00:00,DK1,49.92,32.175728,-17.74427
2024-02-16 01:00:00,DK2,49.92,41.93212,-7.987877
2024-02-16 02:00:00,DK1,48.81,42.72194,-6.0880623
2024-02-16 02:00:00,DK2,48.81,41.119606,-7.6903954
2024-02-16 03:00:00,DK1,51.38,39.641464,-11.738537
2024-02-16 03:00:00,DK2,51.38,45.860878,-5.519123
2024-02-16 04:00:00,DK1,53.53,62.844025,9.314026
2024-02-16 04:00:00,DK2,35.7,44.69142,8.991421
2024-02-16 05:00:00,DK1,55.66,66.42005,10.760052
2024-02-16 05:00:00,DK2,35.81,44.97026,9.160259
2024-02-16 06:00:00,DK1,61.39,71.3911,10.001099
2024-02-16 06:00:00,DK2,61.39,45.256493,-16.133507
2024-02-16 07:00:00,DK1,63.13,71.67331,8.543308
2024-02-16 07:00:00,DK2,63.13,60.656105,-2.473896
2024-02-16 08:00:00,DK1,61.13,70.931885,9.801884
2024-02-16 08:00:00,DK2,57.69,57.69342,0.0034217834
2024-02-16 09:00:00,DK1,54.37,59.917015,5.547016
2024-02-16 09:00:00,DK2,53.07,51.82836,-1.2416382
2024-02-16 10:00:00,DK1,53.0,54.326744,1.3267441
2024-02-16 10:00:00,DK2,35.21,44.813957,9.603958
2024-02-16 11:00:00,DK1,52.33,51.5979,-0.73210144
2024-02-16 11:00:00,DK2,41.65,38.32316,-3.3268433
2024-02-16 12:00:00,DK1,52.31,54.927094,2.6170921
2024-02-16 12:00:00,DK2,52.31,36.45423,-15.85577
2024-02-16 13:00:00,DK1,53.78,61.615173,7.8351746
2024-02-16 13:00:00,DK2,32.35,46.56713,14.217133
2024-02-16 14:00:00,DK1,58.98,70.272156,11.292156
2024-02-16 14:00:00,DK2,31.29,40.712036,9.422035
2024-02-16 15:00:00,DK1,58.18,72.40908,14.22908
2024-02-16 15:00:00,DK2,33.95,39.043488,5.093487
2024-02-16 16:00:00,DK1,59.09,73.64581,14.555813
2024-02-16 16:00:00,DK2,37.92,40.908707,2.9887085
2024-02-16 17:00:00,DK1,58.0,73.7475,15.747498
2024-02-16 17:00:00,DK2,36.14,40.435585,4.2955856
2024-02-16 18:00:00,DK1,56.58,62.462578,5.882576
2024-02-16 18:00:00,DK2,29.99,30.222067,0.23206711
2024-02-16 19:00:00,DK1,54.7,58.440964,3.740963
2024-02-16 19:00:00,DK2,26.36,23.58359,-2.776411
2024-02-16 20:00:00,DK1,54.49,59.963585,5.473583
2024-02-16 20:00:00,DK2,25.51,19.644186,-5.865814
2024-02-16 21:00:00,DK1,53.62,62.38134,8.761341
2024-02-16 21:00:00,DK2,24.43,20.938065,-3.4919357
2024-02-16 22:00:00,DK1,53.59,56.64544,3.055439
2024-02-16 22:00:00,DK2,19.56,21.490587,1.9305878
2024-02-16 23:00:00,DK1,51.41,55.118225,3.7082253
2024-02-16 23:00:00,DK2,19.32,14.945372,-4.374628
2024-02-17 00:00:00,DK1,48.54,51.352463,2.8124619
2024-02-17 00:00:00,DK2,18.88,14.6530285,-4.2269707
2024-02-17 01:00:00,DK1,50.3,51.786507,1.4865074
2024-02-17 01:00:00,DK2,18.43,13.072006,-5.357994
2024-02-17 02:00:00,DK1,51.36,51.87056,0.5105591
2024-02-17 02:00:00,DK2,13.22,11.235094,-1.9849062
2024-02-17 03:00:00,DK1,52.88,51.488678,-1.3913231
2024-02-17 03:00:00,DK2,11.16,10.650593,-0.50940704
2024-02-17 04:00:00,DK1,53.76,58.337715,4.577717
2024-02-17 04:00:00,DK2,9.99,11.25804,1.2680407
2024-02-17 05:00:00,DK1,54.14,66.436455,12.296455
2024-02-17 05:00:00,DK2,11.11,10.843582,-0.2664175
2024-02-17 06:00:00,DK1,56.9,68.45148,11.551476
2024-02-17 06:00:00,DK2,17.23,13.881285,-3.3487148
2024-02-17 07:00:00,DK1,64.27,79.187546,14.917549
2024-02-17 07:00:00,DK2,22.08,18.071041,-4.008959
2024-02-17 08:00:00,DK1,63.29,82.647385,19.357384
2024-02-17 08:00:00,DK2,30.08,18.04555,-12.034451
2024-02-17 09:00:00,DK1,62.02,80.30857,18.28857
2024-02-17 09:00:00,DK2,30.06,20.530985,-9.529015
2024-02-17 10:00:00,DK1,60.69,80.666336,19.976337
2024-02-17 10:00:00,DK2,30.03,22.250105,-7.779896
2024-02-17 11:00:00,DK1,58.26,82.09076,23.830761
2024-02-17 11:00:00,DK2,30.07,24.58719,-5.482809
2024-02-17 12:00:00,DK1,55.25,80.63872,25.388718
2024-02-17 12:00:00,DK2,41.61,28.789595,-12.820406
2024-02-17 13:00:00,DK1,59.09,79.509766,20.419765
2024-02-17 13:00:00,DK2,59.09,40.89205,-18.197948
2024-02-17 14:00:00,DK1,67.07,76.29706,9.227058
2024-02-17 14:00:00,DK2,67.07,55.982063,-11.087936
2024-02-17 15:00:00,DK1,73.22,81.02471,7.8047104
2024-02-17 15:00:00,DK2,73.22,66.815414,-6.404587
2024-02-17 16:00:00,DK1,87.93,90.6301,2.7000961
2024-02-17 16:00:00,DK2,87.93,86.166245,-1.7637558
2024-02-17 17:00:00,DK1,110.06,105.82274,-4.237259
2024-02-17 17:00:00,DK2,110.06,104.85234,-5.207657
2024-02-17 18:00:00,DK1,90.28,113.70178,23.421783
2024-02-17 18:00:00,DK2,90.28,105.260826,14.980827
2024-02-17 19:00:00,DK1,80.93,89.84566,8.915657
2024-02-17 19:00:00,DK2,80.93,87.190445,6.2604446
2024-02-17 20:00:00,DK1,74.57,71.637054,-2.9329453
2024-02-17 20:00:00,DK2,74.57,91.80775,17.237747
2024-02-17 21:00:00,DK1,72.44,85.63596,13.195961
2024-02-17 21:00:00,DK2,72.44,76.47035,4.0303497
2024-02-17 22:00:00,DK1,69.11,75.85188,6.7418823
2024-02-17 22:00:00,DK2,69.11,74.69084,5.580841
2024-02-17 23:00:00,DK1,62.38,66.16728,3.787281
2024-02-17 23:00:00,DK2,62.38,67.40086,5.0208626
2024-02-18 00:00:00,DK1,54.81,65.47839,10.668392
2024-02-18 00:00:00,DK2,54.81,55.092575,0.2825737
2024-02-18 01:00:00,DK1,51.44,46.51085,-4.9291496
2024-02-18 01:00:00,DK2,51.44,55.225426,3.785427
2024-02-18 02:00:00,DK1,50.32,40.75499,-9.56501
2024-02-18 02:00:00,DK2,50.32,50.448883,0.12888336
2024-02-18 03:00:00,DK1,50.19,37.682068,-12.507931
2024-02-18 03:00:00,DK2,50.19,49.304924,-0.8850746
2024-02-18 04:00:00,DK1,48.47,38.975372,-9.494629
2024-02-18 04:00:00,DK2,48.47,45.82383,-2.6461716
2024-02-18 05:00:00,DK1,46.02,42.291542,-3.7284584
2024-02-18 05:00:00,DK2,46.02,41.730995,-4.2890053
2024-02-18 06:00:00,DK1,48.97,45.825798,-3.1442032
2024-02-18 06:00:00,DK2,48.97,38.676323,-10.293678
2024-02-18 07:00:00,DK1,47.28,53.07238,5.7923813
2024-02-18 07:00:00,DK2,47.28,43.433678,-3.846321
2024-02-18 08:00:00,DK1,43.03,50.30931,7.279312
2024-02-18 08:00:00,DK2,43.03,41.56607,-1.4639282
2024-02-18 09:00:00,DK1,40.45,35.084373,-5.3656273
2024-02-18 09:00:00,DK2,40.45,38.05706,-2.3929405
2024-02-18 10:00:00,DK1,41.0,30.373991,-10.626009
2024-02-18 10:00:00,DK2,41.0,36.75106,-4.2489395
2024-02-18 11:00:00,DK1,40.1,30.922958,-9.17704
2024-02-18 11:00:00,DK2,40.1,32.09263,-8.00737
2024-02-18 12:00:00,DK1,39.88,33.54268,-6.337322
2024-02-18 12:00:00,DK2,39.88,30.881372,-8.998629
2024-02-18 13:00:00,DK1,42.87,37.125008,-5.7449913
2024-02-18 13:00:00,DK2,42.87,28.41429,-14.455709
2024-02-18 14:00:00,DK1,54.29,49.279686,-5.010315
2024-02-18 14:00:00,DK2,46.66,34.48533,-12.174671
2024-02-18 15:00:00,DK1,62.87,73.0231,10.153103
2024-02-18 15:00:00,DK2,46.12,38.712914,-7.4070854
2024-02-18 16:00:00,DK1,72.0,79.96664,7.9666367
2024-02-18 16:00:00,DK2,46.77,38.981316,-7.788685
2024-02-18 17:00:00,DK1,73.66,78.28658,4.6265793
2024-02-18 17:00:00,DK2,47.97,40.412422,-7.557579
2024-02-18 18:00:00,DK1,70.59,86.0789,15.488907
2024-02-18 18:00:00,DK2,43.14,32.75203,-10.38797
2024-02-18 19:00:00,DK1,64.71,82.07184,17.36184
2024-02-18 19:00:00,DK2,40.36,30.16679,-10.193211
2024-02-18 20:00:00,DK1,59.83,74.628555,14.798553
2024-02-18 20:00:00,DK2,43.14,27.646753,-15.493246
2024-02-18 21:00:00,DK1,57.33,65.68906,8.359055
2024-02-18 21:00:00,DK2,44.73,28.734505,-15.995495
2024-02-18 22:00:00,DK1,53.94,57.27398,3.3339806
2024-02-18 22:00:00,DK2,53.94,26.521273,-27.418726
2024-02-18 23:00:00,DK1,44.0,49.286736,5.2867355
2024-02-18 23:00:00,DK2,44.0,26.431223,-17.568777
2024-02-19 00:00:00,DK1,43.04,33.999077,-9.040924
2024-02-19 00:00:00,DK2,43.04,26.683937,-16.356064
2024-02-19 01:00:00,DK1,44.21,28.016102,-16.193897
2024-02-19 01:00:00,DK2,44.21,28.196396,-16.013603
2024-02-19 02:00:00,DK1,43.91,35.032097,-8.877903
2024-02-19 02:00:00,DK2,43.91,34.05252,-9.857479
2024-02-19 03:00:00,DK1,44.92,43.33191,-1.588089
2024-02-19 03:00:00,DK2,44.92,37.820557,-7.0994415
2024-02-19 04:00:00,DK1,51.57,61.32032,9.75032
2024-02-19 04:00:00,DK2,51.57,46.79264,-4.777359
2024-02-19 05:00:00,DK1,68.6,73.824066,5.2240677
2024-02-19 05:00:00,DK2,68.6,66.7386,-1.8613968
2024-02-19 06:00:00,DK1,79.09,80.631096,1.5410995
2024-02-19 06:00:00,DK2,79.09,78.65138,-0.4386139
2024-02-19 07:00:00,DK1,83.84,81.1389,-2.7010956
2024-02-19 07:00:00,DK2,83.84,80.39164,-3.4483566
2024-02-19 08:00:00,DK1,75.03,74.9084,-0.12159729
2024-02-19 08:00:00,DK2,75.03,69.48446,-5.54554
2024-02-19 09:00:00,DK1,70.83,55.827553,-15.002449
2024-02-19 09:00:00,DK2,70.83,58.034203,-12.795799
2024-02-19 10:00:00,DK1,69.13,57.821793,-11.308205
2024-02-19 10:00:00,DK2,69.13,64.93918,-4.190819
2024-02-19 11:00:00,DK1,62.47,69.8099,7.339897
2024-02-19 11:00:00,DK2,62.47,63.59961,1.1296082
2024-02-19 12:00:00,DK1,60.01,58.529053,-1.4809456
2024-02-19 12:00:00,DK2,60.01,57.24829,-2.7617073
2024-02-19 13:00:00,DK1,64.38,69.09009,4.7100906
2024-02-19 13:00:00,DK2,64.38,58.123337,-6.2566605
2024-02-19 14:00:00,DK1,66.6,76.32271,9.72271
2024-02-19 14:00:00,DK2,67.62,64.385315,-3.2346878
2024-02-19 15:00:00,DK1,69.79,85.94318,16.153175
2024-02-19 15:00:00,DK2,69.79,63.057922,-6.7320786
2024-02-19 16:00:00,DK1,76.25,80.65379,4.4037933
2024-02-19 16:00:00,DK2,76.25,71.85844,-4.3915634
2024-02-19 17:00:00,DK1,97.65,93.47533,-4.174675
2024-02-19 17:00:00,DK2,97.65,82.01294,-15.637062
2024-02-19 18:00:00,DK1,79.98,94.97367,14.993668
2024-02-19 18:00:00,DK2,79.98,73.37587,-6.6041336
2024-02-19 19:00:00,DK1,68.92,65.13431,-3.7856903
2024-02-19 19:00:00,DK2,68.92,58.66391,-10.256088
2024-02-19 20:00:00,DK1,56.15,67.906204,11.756203
2024-02-19 20:00:00,DK2,56.15,51.145264,-5.004738
2024-02-19 21:00:00,DK1,53.47,49.42964,-4.0403595
2024-02-19 21:00:00,DK2,53.47,46.550087,-6.9199142
2024-02-19 22:00:00,DK1,53.77,46.27182,-7.4981804
2024-02-19 22:00:00,DK2,53.77,41.997643,-11.772358
2024-02-19 23:00:00,DK1,58.06,46.745262,-11.314739
2024-02-19 23:00:00,DK2,58.06,43.669968,-14.390034
2024-02-20 00:00:00,DK1,54.15,56.510002,2.3600006
2024-02-20 00:00:00,DK2,54.15,44.343132,-9.8068695
2024-02-20 01:00:00,DK1,53.79,47.09781,-6.692192
2024-02-20 01:00:00,DK2,53.79,44.98768,-8.802322
2024-02-20 02:00:00,DK1,53.37,51.329903,-2.0400963
2024-02-20 02:00:00,DK2,53.37,42.92314,-10.446857
2024-02-20 03:00:00,DK1,51.72,54.480354,2.760353
2024-02-20 03:00:00,DK2,51.72,46.609535,-5.110466
2024-02-20 04:00:00,DK1,52.35,66.97252,14.62252
2024-02-20 04:00:00,DK2,52.35,56.537796,4.1877975
2024-02-20 05:00:00,DK1,66.59,82.61468,16.024681
2024-02-20 05:00:00,DK2,66.59,75.5992,9.009201
2024-02-20 06:00:00,DK1,86.07,95.91617,9.8461685
2024-02-20 06:00:00,DK2,86.22,93.39168,7.1716766
2024-02-20 07:00:00,DK1,89.63,84.49805,-5.1319504
2024-02-20 07:00:00,DK2,88.71,74.23239,-14.477608
2024-02-20 08:00:00,DK1,78.55,75.06079,-3.489212
2024-02-20 08:00:00,DK2,77.78,86.24118,8.461182
2024-02-20 09:00:00,DK1,69.84,96.32999,26.48999
2024-02-20 09:00:00,DK2,69.84,87.96537,18.125374
2024-02-20 10:00:00,DK1,60.88,59.90062,-0.97938156
2024-02-20 10:00:00,DK2,59.42,51.291504,-8.128494
2024-02-20 11:00:00,DK1,53.52,48.880135,-4.639866
2024-02-20 11:00:00,DK2,53.52,51.952576,-1.5674248
2024-02-20 12:00:00,DK1,51.42,56.6192,5.1992035
2024-02-20 12:00:00,DK2,51.42,46.94352,-4.4764786
2024-02-20 13:00:00,DK1,51.79,45.692665,-6.097336
2024-02-20 13:00:00,DK2,51.79,47.677933,-4.112068
2024-02-20 14:00:00,DK1,54.81,64.24482,9.434818
2024-02-20 14:00:00,DK2,54.81,48.478027,-6.331974
2024-02-20 15:00:00,DK1,57.6,65.00547,7.405472
2024-02-20 15:00:00,DK2,57.6,53.20867,-4.391327
2024-02-20 16:00:00,DK1,68.77,72.60896,3.8389664
2024-02-20 16:00:00,DK2,68.77,56.843353,-11.926643
2024-02-20 17:00:00,DK1,67.49,74.65175,7.161751
2024-02-20 17:00:00,DK2,67.49,56.359863,-11.130135
2024-02-20 18:00:00,DK1,55.65,56.86119,1.2111893
2024-02-20 18:00:00,DK2,55.65,54.37667,-1.2733307
2024-02-20 19:00:00,DK1,52.57,41.44908,-11.120918
2024-02-20 19:00:00,DK2,52.57,46.94954,-5.6204605
2024-02-20 20:00:00,DK1,51.54,53.74684,2.2068405
2024-02-20 20:00:00,DK2,43.68,38.40052,-5.27948
2024-02-20 21:00:00,DK1,49.06,36.60399,-12.456013
2024-02-20 21:00:00,DK2,39.01,31.42599,-7.584009
2024-02-20 22:00:00,DK1,49.61,41.448746,-8.161255
2024-02-20 22:00:00,DK2,36.01,24.79033,-11.219667
2024-02-20 23:00:00,DK1,48.58,41.968307,-6.6116943
2024-02-20 23:00:00,DK2,37.37,22.82674,-14.543259
2024-02-21 00:00:00,DK1,46.91,27.463655,-19.446344
2024-02-21 00:00:00,DK2,36.79,23.83158,-12.958422
2024-02-21 01:00:00,DK1,46.84,31.3628,-15.4772
2024-02-21 01:00:00,DK2,36.82,16.586239,-20.23376
2024-02-21 02:00:00,DK1,44.77,30.156672,-14.613329
2024-02-21 02:00:00,DK2,36.82,20.763283,-16.056717
2024-02-21 03:00:00,DK1,44.66,40.98323,-3.6767693
2024-02-21 03:00:00,DK2,37.95,25.55812,-12.39188
2024-02-21 04:00:00,DK1,46.05,56.537247,10.487247
2024-02-21 04:00:00,DK2,39.02,36.04492,-2.9750786
2024-02-21 05:00:00,DK1,49.32,69.16633,19.846329
2024-02-21 05:00:00,DK2,42.74,53.405243,10.665241
2024-02-21 06:00:00,DK1,53.39,73.618195,20.228195
2024-02-21 06:00:00,DK2,53.39,50.205864,-3.1841354
2024-02-21 07:00:00,DK1,55.3,52.68799,-2.612011
2024-02-21 07:00:00,DK2,55.3,52.251152,-3.0488472
2024-02-21 08:00:00,DK1,59.51,51.438034,-8.071964
2024-02-21 08:00:00,DK2,56.18,48.426056,-7.7539444
2024-02-21 09:00:00,DK1,57.22,59.907143,2.6871414
2024-02-21 09:00:00,DK2,55.56,45.17247,-10.387531
2024-02-21 10:00:00,DK1,57.28,47.089386,-10.190613
2024-02-21 10:00:00,DK2,55.35,48.178207,-7.171791
2024-02-21 11:00:00,DK1,53.01,50.719536,-2.2904625
2024-02-21 11:00:00,DK2,51.74,44.204247,-7.535755
2024-02-21 12:00:00,DK1,51.21,48.155342,-3.054657
2024-02-21 12:00:00,DK2,49.99,42.861084,-7.1289177
2024-02-21 13:00:00,DK1,53.76,56.906,3.146
2024-02-21 13:00:00,DK2,53.76,44.929024,-8.830975
2024-02-21 14:00:00,DK1,51.31,67.28287,15.972866
2024-02-21 14:00:00,DK2,50.64,47.466652,-3.1733475
2024-02-21 15:00:00,DK1,54.93,62.369354,7.439354
2024-02-21 15:00:00,DK2,59.99,44.36818,-15.621822
2024-02-21 16:00:00,DK1,57.41,65.05755,7.6475487
2024-02-21 16:00:00,DK2,67.96,54.251625,-13.708374
2024-02-21 17:00:00,DK1,64.62,64.641,0.020996094
2024-02-21 17:00:00,DK2,66.93,58.947357,-7.982643
2024-02-21 18:00:00,DK1,53.96,61.777245,7.8172455
2024-02-21 18:00:00,DK2,59.92,45.957283,-13.962715
2024-02-21 19:00:00,DK1,50.86,38.823837,-12.036163
2024-02-21 19:00:00,DK2,50.86,48.928528,-1.9314728
2024-02-21 20:00:00,DK1,45.98,39.28514,-6.6948586
2024-02-21 20:00:00,DK2,45.98,32.86202,-13.117981
2024-02-21 21:00:00,DK1,41.71,31.782501,-9.927498
2024-02-21 21:00:00,DK2,40.71,35.63289,-5.0771103
2024-02-21 22:00:00,DK1,35.22,34.161133,-1.0588684
2024-02-21 22:00:00,DK2,34.38,26.76983,-7.6101704
2024-02-21 23:00:00,DK1,30.47,18.796343,-11.673656
2024-02-21 23:00:00,DK2,30.98,23.944715,-7.035284
2024-02-22 00:00:00,DK1,27.42,15.494265,-11.925735
2024-02-22 00:00:00,DK2,27.42,13.821304,-13.598696
2024-02-22 01:00:00,DK1,27.07,9.819512,-17.250488
2024-02-22 01:00:00,DK2,27.07,12.9357605,-14.134239
2024-02-22 02:00:00,DK1,27.95,17.19767,-10.752331
2024-02-22 02:00:00,DK2,27.95,15.004568,-12.945433
2024-02-22 03:00:00,DK1,37.0,20.613844,-16.386156
2024-02-22 03:00:00,DK2,30.93,23.48896,-7.44104
2024-02-22 04:00:00,DK1,47.91,43.175926,-4.7340736
2024-02-22 04:00:00,DK2,29.33,29.478361,0.1483612
2024-02-22 05:00:00,DK1,63.07,72.344406,9.274406
2024-02-22 05:00:00,DK2,63.07,38.876434,-24.193565
2024-02-22 06:00:00,DK1,75.0,89.1335,14.133499
2024-02-22 06:00:00,DK2,75.0,75.544754,0.544754
2024-02-22 07:00:00,DK1,81.91,81.9819,0.071899414
2024-02-22 07:00:00,DK2,81.91,79.84801,-2.0619965
2024-02-22 08:00:00,DK1,74.0,66.00812,-7.9918823
2024-02-22 08:00:00,DK2,74.0,70.20672,-3.7932816
2024-02-22 09:00:00,DK1,69.44,58.57045,-10.869553
2024-02-22 09:00:00,DK2,69.44,60.27101,-9.168991
2024-02-22 10:00:00,DK1,67.25,65.94449,-1.3055115
2024-02-22 10:00:00,DK2,67.25,59.22596,-8.02404
2024-02-22 11:00:00,DK1,59.57,74.483444,14.9134445
2024-02-22 11:00:00,DK2,59.57,52.024323,-7.545677
2024-02-22 12:00:00,DK1,57.47,50.202713,-7.267288
2024-02-22 12:00:00,DK2,57.47,46.051132,-11.418869
2024-02-22 13:00:00,DK1,56.4,61.42961,5.0296097
2024-02-22 13:00:00,DK2,56.4,64.79065,8.390648
2024-02-22 14:00:00,DK1,63.1,80.97052,17.870522
2024-02-22 14:00:00,DK2,63.2,48.023148,-15.176853
2024-02-22 15:00:00,DK1,60.93,72.74933,11.819328
2024-02-22 15:00:00,DK2,61.73,62.718864,0.9888649
2024-02-22 16:00:00,DK1,61.76,82.693634,20.933636
2024-02-22 16:00:00,DK2,61.76,57.1585,-4.6014977
2024-02-22 17:00:00,DK1,59.91,66.246376,6.336376
2024-02-22 17:00:00,DK2,59.91,52.912743,-6.997257
2024-02-22 18:00:00,DK1,52.42,53.609055,1.1890564
2024-02-22 18:00:00,DK2,52.42,43.661057,-8.758942
2024-02-22 19:00:00,DK1,42.45,38.078094,-4.3719063
2024-02-22 19:00:00,DK2,42.45,38.15883,-4.291172
2024-02-22 20:00:00,DK1,24.48,28.261454,3.781454
2024-02-22 20:00:00,DK2,24.44,29.430656,4.990656
2024-02-22 21:00:00,DK1,12.06,20.252882,8.192882
2024-02-22 21:00:00,DK2,12.06,18.407644,6.347644
2024-02-22 22:00:00,DK1,1.95,9.37204,7.42204
2024-02-22 22:00:00,DK2,1.95,10.415522,8.465522
2024-02-22 23:00:00,DK1,9.23,3.9189594,-5.31104
2024-02-22 23:00:00,DK2,1.6,6.186444,4.586444
2024-02-23 00:00:00,DK1,1.5,6.736439,5.236439
2024-02-23 00:00:00,DK2,1.04,2.3639278,1.3239279
2024-02-23 01:00:00,DK1,1.19,2.7517917,1.5617917
2024-02-23 01:00:00,DK2,1.19,2.715646,1.525646
2024-02-23 02:00:00,DK1,0.1,3.0099792,2.9099793
2024-02-23 02:00:00,DK2,0.09,3.634995,3.544995
2024-02-23 03:00:00,DK1,0.4,2.6919894,2.2919893
2024-02-23 03:00:00,DK2,0.02,3.5975776,3.5775776
2024-02-23 04:00:00,DK1,1.13,2.4502554,1.3202554
2024-02-23 04:00:00,DK2,0.09,4.4361196,4.3461194
2024-02-23 05:00:00,DK1,39.68,2.6130223,-37.06698
2024-02-23 05:00:00,DK2,5.29,8.800782,3.5107822
2024-02-23 06:00:00,DK1,57.06,23.179848,-33.880154
2024-02-23 06:00:00,DK2,17.07,16.480639,-0.5893612
2024-02-23 07:00:00,DK1,51.96,58.994995,7.034996
2024-02-23 07:00:00,DK2,24.61,21.641031,-2.9689693
2024-02-23 08:00:00,DK1,50.5,59.414917,8.914917
2024-02-23 08:00:00,DK2,16.38,27.525986,11.145987
2024-02-23 09:00:00,DK1,46.64,60.09919,13.45919
2024-02-23 09:00:00,DK2,16.33,22.284151,5.954151
2024-02-23 10:00:00,DK1,41.65,55.55906,13.909058
2024-02-23 10:00:00,DK2,16.39,21.762686,5.3726864
2024-02-23 11:00:00,DK1,37.1,55.917267,18.817268
2024-02-23 11:00:00,DK2,8.62,23.66179,15.041791
2024-02-23 12:00:00,DK1,33.6,43.791992,10.191994
2024-02-23 12:00:00,DK2,5.0,18.692781,13.692781
2024-02-23 13:00:00,DK1,39.08,36.397423,-2.682579
2024-02-23 13:00:00,DK2,1.58,17.633814,16.053814
2024-02-23 14:00:00,DK1,48.57,54.580215,6.0102158
2024-02-23 14:00:00,DK2,9.59,17.894634,8.304634
2024-02-23 15:00:00,DK1,49.99,63.077965,13.087963
2024-02-23 15:00:00,DK2,25.03,25.331797,0.30179596
2024-02-23 16:00:00,DK1,53.28,67.51933,14.239334
2024-02-23 16:00:00,DK2,53.28,34.024765,-19.255234
2024-02-23 17:00:00,DK1,57.02,61.926674,4.9066734
2024-02-23 17:00:00,DK2,57.02,47.00457,-10.01543
2024-02-23 18:00:00,DK1,55.21,63.234413,8.024414
2024-02-23 18:00:00,DK2,29.64,45.103348,15.463348
2024-02-23 19:00:00,DK1,54.81,59.982536,5.172535
2024-02-23 19:00:00,DK2,25.05,34.215714,9.165714
2024-02-23 20:00:00,DK1,53.16,64.52324,11.363239
2024-02-23 20:00:00,DK2,25.04,27.438593,2.398592
2024-02-23 21:00:00,DK1,54.05,53.585922,-0.464077
2024-02-23 21:00:00,DK2,25.03,26.848806,1.8188057
2024-02-23 22:00:00,DK1,57.24,57.309128,0.06912613
2024-02-23 22:00:00,DK2,25.1,28.293554,3.193554
2024-02-23 23:00:00,DK1,66.47,71.347824,4.877823
2024-02-23 23:00:00,DK2,66.47,31.41913,-35.050873
2024-02-24 00:00:00,DK1,63.9,71.15826,7.258255
2024-02-24 00:00:00,DK2,63.9,53.94256,-9.957443
2024-02-24 01:00:00,DK1,59.5,72.68615,13.18615
2024-02-24 01:00:00,DK2,59.5,58.96588,-0.53411865
2024-02-24 02:00:00,DK1,55.2,67.78545,12.585453
2024-02-24 02:00:00,DK2,55.2,63.073357,7.873356
2024-02-24 03:00:00,DK1,55.39,69.94501,14.555008
2024-02-24 03:00:00,DK2,55.39,42.526817,-12.863182
2024-02-24 04:00:00,DK1,57.1,59.3564,2.256401
2024-02-24 04:00:00,DK2,57.1,34.32007,-22.77993
2024-02-24 05:00:00,DK1,61.67,63.216743,1.5467453
2024-02-24 05:00:00,DK2,61.67,43.370377,-18.299622
2024-02-24 06:00:00,DK1,66.11,60.712654,-5.3973465
2024-02-24 06:00:00,DK2,66.11,55.27688,-10.833122
2024-02-24 07:00:00,DK1,64.4,71.09968,6.6996765
2024-02-24 07:00:00,DK2,64.4,57.36152,-7.0384827
2024-02-24 08:00:00,DK1,57.6,68.25336,10.653358
2024-02-24 08:00:00,DK2,57.6,53.212082,-4.3879166
2024-02-24 09:00:00,DK1,49.16,54.37037,5.210369
2024-02-24 09:00:00,DK2,49.16,50.686646,1.5266457
2024-02-24 10:00:00,DK1,45.84,38.658173,-7.1818275
2024-02-24 10:00:00,DK2,45.84,45.352165,-0.48783493
2024-02-24 11:00:00,DK1,40.32,27.610483,-12.709517
2024-02-24 11:00:00,DK2,40.32,39.830284,-0.48971558
2024-02-24 12:00:00,DK1,32.22,29.566557,-2.6534443
2024-02-24 12:00:00,DK2,32.22,33.428246,1.2082443
2024-02-24 13:00:00,DK1,37.6,27.881931,-9.718067
2024-02-24 13:00:00,DK2,37.6,33.606995,-3.9930038
2024-02-24 14:00:00,DK1,45.0,44.477547,-0.5224533
2024-02-24 14:00:00,DK2,45.0,36.301285,-8.698715
2024-02-24 15:00:00,DK1,55.95,65.98818,10.038181
2024-02-24 15:00:00,DK2,55.95,51.907204,-4.042797
2024-02-24 16:00:00,DK1,71.67,77.49978,5.8297806
2024-02-24 16:00:00,DK2,71.67,71.88364,0.2136383
2024-02-24 17:00:00,DK1,80.0,87.43383,7.4338303
2024-02-24 17:00:00,DK2,80.0,76.2875,-3.7125015
2024-02-24 18:00:00,DK1,74.13,56.730736,-17.399261
2024-02-24 18:00:00,DK2,74.13,53.58812,-20.541878
2024-02-24 19:00:00,DK1,65.17,56.779892,-8.390106
2024-02-24 19:00:00,DK2,65.17,50.89544,-14.274559
2024-02-24 20:00:00,DK1,59.94,96.69756,36.757565
2024-02-24 20:00:00,DK2,59.94,53.6616,-6.2784004
2024-02-24 21:00:00,DK1,56.0,45.620483,-10.379517
2024-02-24 21:00:00,DK2,56.0,46.129646,-9.870354
2024-02-24 22:00:00,DK1,52.2,49.258667,-2.9413338
2024-02-24 22:00:00,DK2,52.2,26.520435,-25.679565
2024-02-24 23:00:00,DK1,56.57,46.921974,-9.6480255
2024-02-24 23:00:00,DK2,56.57,35.623528,-20.946472
2024-02-25 00:00:00,DK1,55.44,57.393852,1.9538536
2024-02-25 00:00:00,DK2,55.44,50.745964,-4.6940346
2024-02-25 01:00:00,DK1,55.38,46.06466,-9.315342
2024-02-25 01:00:00,DK2,55.38,52.00129,-3.3787117
2024-02-25 02:00:00,DK1,54.89,42.99562,-11.894379
2024-02-25 02:00:00,DK2,54.89,49.66285,-5.22715
2024-02-25 03:00:00,DK1,55.19,45.06169,-10.128307
2024-02-25 03:00:00,DK2,55.19,48.09619,-7.093807
2024-02-25 04:00:00,DK1,55.07,52.05018,-3.0198212
2024-02-25 04:00:00,DK2,55.07,47.86309,-7.206909
2024-02-25 05:00:00,DK1,56.71,57.859207,1.1492081
2024-02-25 05:00:00,DK2,56.71,51.84423,-4.8657684
2024-02-25 06:00:00,DK1,59.92,66.473,6.5530014
2024-02-25 06:00:00,DK2,59.92,59.357254,-0.56274414
2024-02-25 07:00:00,DK1,61.58,66.7623,5.1822968
2024-02-25 07:00:00,DK2,61.58,59.1596,-2.4204025
2024-02-25 08:00:00,DK1,61.82,55.62538,-6.194618
2024-02-25 08:00:00,DK2,61.82,55.89927,-5.9207306
2024-02-25 09:00:00,DK1,56.31,53.10051,-3.2094917
2024-02-25 09:00:00,DK2,56.31,53.26879,-3.0412102
2024-02-25 10:00:00,DK1,54.12,54.555824,0.43582535
2024-02-25 10:00:00,DK2,54.12,45.632294,-8.487705
2024-02-25 11:00:00,DK1,50.0,50.028145,0.028144836
2024-02-25 11:00:00,DK2,50.0,46.403297,-3.5967026
2024-02-25 12:00:00,DK1,46.03,51.80803,5.7780304
2024-02-25 12:00:00,DK2,46.03,46.453056,0.42305756
2024-02-25 13:00:00,DK1,49.84,56.44729,6.6072884
2024-02-25 13:00:00,DK2,49.84,45.122803,-4.7171974
2024-02-25 14:00:00,DK1,55.0,66.75589,11.75589
2024-02-25 14:00:00,DK2,55.0,53.30465,-1.6953506
2024-02-25 15:00:00,DK1,67.8,82.28257,14.482567
2024-02-25 15:00:00,DK2,67.8,66.94992,-0.8500824
2024-02-25 16:00:00,DK1,82.19,97.86862,15.678619
2024-02-25 16:00:00,DK2,82.19,83.41458,1.2245789
2024-02-25 17:00:00,DK1,93.69,105.59169,11.901688
2024-02-25 17:00:00,DK2,93.69,97.63435,3.9443512
2024-02-25 18:00:00,DK1,79.18,94.027405,14.8474045
2024-02-25 18:00:00,DK2,79.18,80.64197,1.4619675
2024-02-25 19:00:00,DK1,69.99,61.78865,-8.201347
2024-02-25 19:00:00,DK2,69.99,66.767,-3.2229996
2024-02-25 20:00:00,DK1,65.92,69.691765,3.7717667
2024-02-25 20:00:00,DK2,65.92,57.05648,-8.863518
2024-02-25 21:00:00,DK1,65.23,73.98379,8.753784
2024-02-25 21:00:00,DK2,65.23,57.31919,-7.9108124
2024-02-25 22:00:00,DK1,58.38,83.9782,25.598202
2024-02-25 22:00:00,DK2,58.38,60.45005,2.0700493
2024-02-25 23:00:00,DK1,57.83,64.40022,6.570221
2024-02-25 23:00:00,DK2,57.83,50.180687,-7.649315
2024-02-26 00:00:00,DK1,56.82,60.089424,3.2694244
2024-02-26 00:00:00,DK2,56.82,41.953262,-14.866737
2024-02-26 01:00:00,DK1,55.7,59.813354,4.1133537
2024-02-26 01:00:00,DK2,55.7,36.23298,-19.467022
2024-02-26 02:00:00,DK1,51.8,58.722237,6.9222374
2024-02-26 02:00:00,DK2,51.8,32.0827,-19.7173
2024-02-26 03:00:00,DK1,53.3,46.981422,-6.318577
2024-02-26 03:00:00,DK2,53.3,34.23736,-19.062641
2024-02-26 04:00:00,DK1,57.92,58.13124,0.21124268
2024-02-26 04:00:00,DK2,57.92,45.155823,-12.764175
2024-02-26 05:00:00,DK1,70.02,75.50368,5.4836807
2024-02-26 05:00:00,DK2,70.02,52.30767,-17.712326
2024-02-26 06:00:00,DK1,79.9,95.878815,15.978813
2024-02-26 06:00:00,DK2,79.9,83.58133,3.6813278
2024-02-26 07:00:00,DK1,81.6,104.573456,22.973457
2024-02-26 07:00:00,DK2,81.6,97.14875,15.548752
2024-02-26 08:00:00,DK1,73.83,72.94968,-0.8803253
2024-02-26 08:00:00,DK2,73.83,50.226143,-23.603859
2024-02-26 09:00:00,DK1,66.65,46.499374,-20.150627
2024-02-26 09:00:00,DK2,66.65,54.864098,-11.785904
2024-02-26 10:00:00,DK1,65.03,63.54574,-1.4842606
2024-02-26 10:00:00,DK2,65.03,49.172012,-15.857986
2024-02-26 11:00:00,DK1,58.42,70.05357,11.633575
2024-02-26 11:00:00,DK2,58.42,57.35515,-1.0648499
2024-02-26 12:00:00,DK1,58.19,65.23005,7.0400505
2024-02-26 12:00:00,DK2,58.19,51.317787,-6.8722115
2024-02-26 13:00:00,DK1,61.29,64.48184,3.1918411
2024-02-26 13:00:00,DK2,61.29,45.631218,-15.658783
2024-02-26 14:00:00,DK1,64.95,79.36827,14.418274
2024-02-26 14:00:00,DK2,64.95,77.48844,12.5384445
2024-02-26 15:00:00,DK1,69.99,90.526215,20.536217
2024-02-26 15:00:00,DK2,69.99,58.732162,-11.257835
2024-02-26 16:00:00,DK1,77.0,83.04017,6.040169
2024-02-26 16:00:00,DK2,77.0,62.927658,-14.072342
2024-02-26 17:00:00,DK1,85.32,85.76865,0.44864655
2024-02-26 17:00:00,DK2,85.32,68.34602,-16.973976
2024-02-26 18:00:00,DK1,81.01,87.57016,6.560158
2024-02-26 18:00:00,DK2,81.01,58.089348,-22.920654
2024-02-26 19:00:00,DK1,72.21,74.2849,2.0748978
2024-02-26 19:00:00,DK2,72.21,58.625977,-13.5840225
2024-02-26 20:00:00,DK1,65.69,82.42647,16.736465
2024-02-26 20:00:00,DK2,65.69,49.794342,-15.89566
2024-02-26 21:00:00,DK1,65.21,74.465454,9.255455
2024-02-26 21:00:00,DK2,65.21,44.48404,-20.72596
2024-02-26 22:00:00,DK1,60.76,75.92858,15.168583
2024-02-26 22:00:00,DK2,60.76,42.79834,-17.961658
2024-02-26 23:00:00,DK1,57.62,66.97891,9.358913
2024-02-26 23:00:00,DK2,57.62,43.41845,-14.20155
2024-02-27 00:00:00,DK1,57.55,64.17913,6.6291313
2024-02-27 00:00:00,DK2,57.55,40.05195,-17.49805
2024-02-27 01:00:00,DK1,57.35,60.114647,2.7646484
2024-02-27 01:00:00,DK2,57.35,38.917442,-18.432556
2024-02-27 02:00:00,DK1,56.87,67.30993,10.43993
2024-02-27 02:00:00,DK2,56.87,40.79357,-16.076427
2024-02-27 03:00:00,DK1,57.35,70.76868,13.418678
2024-02-27 03:00:00,DK2,57.35,55.369812,-1.9801865
2024-02-27 04:00:00,DK1,63.1,86.64333,23.543335
2024-02-27 04:00:00,DK2,63.1,67.902214,4.8022156
2024-02-27 05:00:00,DK1,74.31,88.706535,14.396538
2024-02-27 05:00:00,DK2,74.31,79.349945,5.0399475
2024-02-27 06:00:00,DK1,95.63,93.122375,-2.5076218
2024-02-27 06:00:00,DK2,95.63,88.92625,-6.7037506
2024-02-27 07:00:00,DK1,95.78,94.17039,-1.6096115
2024-02-27 07:00:00,DK2,95.78,90.28793,-5.4920654
2024-02-27 08:00:00,DK1,80.81,89.16339,8.353394
2024-02-27 08:00:00,DK2,80.81,83.86387,3.0538712
2024-02-27 09:00:00,DK1,68.71,74.95256,6.2425613
2024-02-27 09:00:00,DK2,68.71,77.36464,8.65464
2024-02-27 10:00:00,DK1,64.93,77.76613,12.836128
2024-02-27 10:00:00,DK2,64.93,76.16454,11.234543
2024-02-27 11:00:00,DK1,59.26,77.41577,18.155773
2024-02-27 11:00:00,DK2,59.26,52.345383,-6.9146156
2024-02-27 12:00:00,DK1,59.25,57.038376,-2.2116241
2024-02-27 12:00:00,DK2,59.25,55.514908,-3.7350922
2024-02-27 13:00:00,DK1,64.71,65.92194,1.2119446
2024-02-27 13:00:00,DK2,64.71,52.86821,-11.841789
2024-02-27 14:00:00,DK1,72.06,79.44019,7.3801956
2024-02-27 14:00:00,DK2,72.06,67.44014,-4.619858
2024-02-27 15:00:00,DK1,79.82,93.153206,13.333206
2024-02-27 15:00:00,DK2,79.82,74.9086,-4.9114
2024-02-27 16:00:00,DK1,98.02,99.45256,1.4325638
2024-02-27 16:00:00,DK2,98.02,91.5074,-6.512596
2024-02-27 17:00:00,DK1,111.8,105.242676,-6.5573273
2024-02-27 17:00:00,DK2,111.8,98.78265,-13.017349
2024-02-27 18:00:00,DK1,105.17,106.06524,0.8952408
2024-02-27 18:00:00,DK2,105.17,94.633675,-10.536324
2024-02-27 19:00:00,DK1,84.36,96.092285,11.732285
2024-02-27 19:00:00,DK2,84.36,79.514336,-4.845665
2024-02-27 20:00:00,DK1,72.37,75.098236,2.7282333
2024-02-27 20:00:00,DK2,72.37,70.91133,-1.4586716
2024-02-27 21:00:00,DK1,70.27,72.59746,2.3274612
2024-02-27 21:00:00,DK2,70.27,60.576874,-9.693123
2024-02-27 22:00:00,DK1,64.97,64.78911,-0.18089294
2024-02-27 22:00:00,DK2,64.97,50.392265,-14.577736
2024-02-27 23:00:00,DK1,60.36,55.963303,-4.396698
2024-02-27 23:00:00,DK2,60.36,56.151146,-4.2088547
2024-02-28 00:00:00,DK1,59.4,58.31118,-1.0888214
2024-02-28 00:00:00,DK2,59.4,48.052986,-11.347015
2024-02-28 01:00:00,DK1,61.34,58.024185,-3.315815
2024-02-28 01:00:00,DK2,61.34,61.452087,0.11208725
2024-02-28 02:00:00,DK1,63.46,71.779755,8.319756
2024-02-28 02:00:00,DK2,63.46,53.656998,-9.803001
2024-02-28 03:00:00,DK1,63.74,72.808395,9.068394
2024-02-28 03:00:00,DK2,63.74,59.81121,-3.928791
2024-02-28 04:00:00,DK1,67.44,79.378204,11.938202
2024-02-28 04:00:00,DK2,67.44,60.90753,-6.5324707
2024-02-28 05:00:00,DK1,74.3,81.41658,7.116577
2024-02-28 05:00:00,DK2,74.3,75.45477,1.1547699
2024-02-28 06:00:00,DK1,98.89,86.63295,-12.25705
2024-02-28 06:00:00,DK2,98.89,84.29448,-14.59552
2024-02-28 07:00:00,DK1,103.83,97.82368,-6.006325
2024-02-28 07:00:00,DK2,104.49,101.518936,-2.9710617
2024-02-28 08:00:00,DK1,85.46,95.72206,10.262062
2024-02-28 08:00:00,DK2,85.46,85.846176,0.38617706
2024-02-28 09:00:00,DK1,73.99,73.20002,-0.789978
2024-02-28 09:00:00,DK2,73.99,70.80387,-3.1861267
2024-02-28 10:00:00,DK1,67.55,63.348526,-4.201477
2024-02-28 10:00:00,DK2,67.55,60.26013,-7.289871
2024-02-28 11:00:00,DK1,63.1,63.46353,0.36353302
2024-02-28 11:00:00,DK2,63.1,55.394386,-7.705612
2024-02-28 12:00:00,DK1,57.9,66.92403,9.024025
2024-02-28 12:00:00,DK2,59.26,53.81317,-5.446827
2024-02-28 13:00:00,DK1,58.5,66.91034,8.410339
2024-02-28 13:00:00,DK2,60.03,51.24227,-8.787727
2024-02-28 14:00:00,DK1,58.89,67.919075,9.029076
2024-02-28 14:00:00,DK2,68.74,50.755157,-17.98484
2024-02-28 15:00:00,DK1,73.57,77.88346,4.3134613
2024-02-28 15:00:00,DK2,73.57,88.497734,14.927734
2024-02-28 16:00:00,DK1,70.0,106.50281,36.502808
2024-02-28 16:00:00,DK2,93.04,103.319824,10.279823
2024-02-28 17:00:00,DK1,89.8,110.24317,20.443169
2024-02-28 17:00:00,DK2,93.24,91.35765,-1.8823471
2024-02-28 18:00:00,DK1,78.29,69.08404,-9.205963
2024-02-28 18:00:00,DK2,78.29,68.48784,-9.802162
2024-02-28 19:00:00,DK1,65.44,87.261765,21.821762
2024-02-28 19:00:00,DK2,65.44,55.93255,-9.507454
2024-02-28 20:00:00,DK1,52.27,55.9749,3.7048988
2024-02-28 20:00:00,DK2,52.27,50.749405,-1.5205956
2024-02-28 21:00:00,DK1,49.89,46.419296,-3.4707031
2024-02-28 21:00:00,DK2,49.89,41.501236,-8.388763
2024-02-28 22:00:00,DK1,47.36,40.082977,-7.2770233
2024-02-28 22:00:00,DK2,47.36,38.739662,-8.620338
2024-02-28 23:00:00,DK1,51.83,39.249023,-12.580978
2024-02-28 23:00:00,DK2,51.83,37.881836,-13.948166
2024-02-29 00:00:00,DK1,50.72,36.36068,-14.359322
2024-02-29 00:00:00,DK2,50.72,41.12445,-9.595551
2024-02-29 01:00:00,DK1,46.7,36.64055,-10.059452
2024-02-29 01:00:00,DK2,46.7,37.10533,-9.594669
2024-02-29 02:00:00,DK1,45.07,37.632065,-7.437935
2024-02-29 02:00:00,DK2,45.07,31.893547,-13.176453
2024-02-29 03:00:00,DK1,41.0,40.67772,-0.32228088
2024-02-29 03:00:00,DK2,41.0,31.399603,-9.600397
2024-02-29 04:00:00,DK1,42.64,48.808197,6.1681976
2024-02-29 04:00:00,DK2,42.64,30.803244,-11.836756
2024-02-29 05:00:00,DK1,47.07,49.054504,1.9845047
2024-02-29 05:00:00,DK2,47.07,37.65468,-9.415321
2024-02-29 06:00:00,DK1,47.24,52.69319,5.45319
2024-02-29 06:00:00,DK2,47.24,40.659363,-6.580639
2024-02-29 07:00:00,DK1,49.21,48.003654,-1.2063446
2024-02-29 07:00:00,DK2,49.21,44.782074,-4.427925
2024-02-29 08:00:00,DK1,49.74,46.868034,-2.8719673
2024-02-29 08:00:00,DK2,49.74,40.994415,-8.745586
2024-02-29 09:00:00,DK1,50.0,43.317474,-6.6825256
2024-02-29 09:00:00,DK2,50.0,40.844162,-9.155838
2024-02-29 10:00:00,DK1,51.37,38.423805,-12.946194
2024-02-29 10:00:00,DK2,24.18,34.638474,10.458473
2024-02-29 11:00:00,DK1,50.89,49.931816,-0.9581833
2024-02-29 11:00:00,DK2,25.04,19.610243,-5.429758
2024-02-29 12:00:00,DK1,50.6,57.044426,6.4444275
2024-02-29 12:00:00,DK2,25.01,17.620121,-7.389879
2024-02-29 13:00:00,DK1,49.36,62.75753,13.39753
2024-02-29 13:00:00,DK2,25.49,21.37986,-4.11014
2024-02-29 14:00:00,DK1,49.91,64.02573,14.115726
2024-02-29 14:00:00,DK2,31.7,23.307348,-8.3926525
2024-02-29 15:00:00,DK1,47.71,66.352745,18.642746
2024-02-29 15:00:00,DK2,41.94,27.88503,-14.054968
2024-02-29 16:00:00,DK1,62.61,59.7025,-2.9075012
2024-02-29 16:00:00,DK2,62.61,46.56511,-16.044891
2024-02-29 17:00:00,DK1,61.87,84.73192,22.86192
2024-02-29 17:00:00,DK2,61.87,46.327675,-15.542324
2024-02-29 18:00:00,DK1,54.0,55.7136,1.7136002
2024-02-29 18:00:00,DK2,54.0,53.059723,-0.9402771
2024-02-29 19:00:00,DK1,52.57,50.23114,-2.3388596
2024-02-29 19:00:00,DK2,29.1,41.932793,12.832792
2024-02-29 20:00:00,DK1,51.58,46.87729,-4.702713
2024-02-29 20:00:00,DK2,25.05,29.585234,4.5352345
2024-02-29 21:00:00,DK1,51.1,53.88951,2.7895126
2024-02-29 21:00:00,DK2,25.05,24.447927,-0.60207176
2024-02-29 22:00:00,DK1,50.35,56.88172,6.531723
2024-02-29 22:00:00,DK2,25.02,25.034916,0.014915466
2024-02-29 23:00:00,DK1,50.81,57.690956,6.8809547
2024-02-29 23:00:00,DK2,25.43,28.867628,3.4376278
2024-03-01 00:00:00,DK1,51.51,53.26615,1.7561531
2024-03-01 00:00:00,DK2,26.01,32.34012,6.330118
2024-03-01 01:00:00,DK1,51.95,54.86962,2.9196205
2024-03-01 01:00:00,DK2,24.81,27.984379,3.1743793
2024-03-01 02:00:00,DK1,51.91,60.16883,8.258831
2024-03-01 02:00:00,DK2,26.08,28.985184,2.9051838
2024-03-01 03:00:00,DK1,52.03,67.142006,15.112007
2024-03-01 03:00:00,DK2,52.03,31.217188,-20.81281
2024-03-01 04:00:00,DK1,52.52,69.07131,16.551311
2024-03-01 04:00:00,DK2,52.52,49.912895,-2.6071053
2024-03-01 05:00:00,DK1,54.46,70.20214,15.742142
2024-03-01 05:00:00,DK2,54.46,55.57009,1.1100922
2024-03-01 06:00:00,DK1,58.85,72.858154,14.008156
2024-03-01 06:00:00,DK2,58.85,59.90171,1.051712
2024-03-01 07:00:00,DK1,59.94,68.71852,8.7785225
2024-03-01 07:00:00,DK2,59.94,63.14991,3.2099113
2024-03-01 08:00:00,DK1,59.95,59.757988,-0.19201279
2024-03-01 08:00:00,DK2,59.95,55.782547,-4.167454
2024-03-01 09:00:00,DK1,59.94,52.184814,-7.755184
2024-03-01 09:00:00,DK2,59.94,52.351265,-7.5887337
2024-03-01 10:00:00,DK1,57.98,49.62802,-8.351978
2024-03-01 10:00:00,DK2,57.98,50.6808,-7.299198
2024-03-01 11:00:00,DK1,54.11,51.025513,-3.084488
2024-03-01 11:00:00,DK2,54.11,47.18036,-6.9296417
2024-03-01 12:00:00,DK1,56.6,50.60794,-5.992058
2024-03-01 12:00:00,DK2,56.6,46.62996,-9.970039
2024-03-01 13:00:00,DK1,66.72,58.790627,-7.9293747
2024-03-01 13:00:00,DK2,66.72,49.868668,-16.851334
2024-03-01 14:00:00,DK1,72.21,71.99597,-0.2140274
2024-03-01 14:00:00,DK2,72.21,61.800644,-10.409355
2024-03-01 15:00:00,DK1,78.28,86.33775,8.0577545
2024-03-01 15:00:00,DK2,78.28,74.80193,-3.4780655
2024-03-01 16:00:00,DK1,89.4,95.69028,6.2902756
2024-03-01 16:00:00,DK2,89.4,89.91794,0.5179367
2024-03-01 17:00:00,DK1,93.73,111.12676,17.396759
2024-03-01 17:00:00,DK2,93.73,105.06771,11.3377075
2024-03-01 18:00:00,DK1,87.19,93.72625,6.5362473
2024-03-01 18:00:00,DK2,87.19,60.76204,-26.427963
2024-03-01 19:00:00,DK1,77.49,84.63422,7.1442184
2024-03-01 19:00:00,DK2,77.49,68.11349,-9.376511
2024-03-01 20:00:00,DK1,71.62,68.76224,-2.8577652
2024-03-01 20:00:00,DK2,71.62,60.99855,-10.621452
2024-03-01 21:00:00,DK1,70.06,70.61325,0.5532532
2024-03-01 21:00:00,DK2,70.06,61.614952,-8.445045
2024-03-01 22:00:00,DK1,66.39,65.65906,-0.7309418
2024-03-01 22:00:00,DK2,66.39,60.011658,-6.3783417
2024-03-01 23:00:00,DK1,59.95,61.081245,1.1312447
2024-03-01 23:00:00,DK2,59.95,56.4504,-3.4995995
2024-03-02 00:00:00,DK1,56.03,52.379997,-3.6500015
2024-03-02 00:00:00,DK2,56.03,48.862274,-7.1677246
2024-03-02 01:00:00,DK1,56.02,40.956734,-15.063267
2024-03-02 01:00:00,DK2,56.02,48.82643,-7.193569
2024-03-02 02:00:00,DK1,55.48,45.064888,-10.415112
2024-03-02 02:00:00,DK2,55.48,49.090057,-6.389942
2024-03-02 03:00:00,DK1,54.88,44.429077,-10.450924
2024-03-02 03:00:00,DK2,54.88,51.649483,-3.2305183
2024-03-02 04:00:00,DK1,55.99,47.663055,-8.326946
2024-03-02 04:00:00,DK2,55.99,56.217278,0.22727585
2024-03-02 05:00:00,DK1,56.58,51.598274,-4.9817276
2024-03-02 05:00:00,DK2,56.58,56.650146,0.07014465
2024-03-02 06:00:00,DK1,58.8,55.15307,-3.6469307
2024-03-02 06:00:00,DK2,58.8,61.95302,3.153019
2024-03-02 07:00:00,DK1,59.75,53.37683,-6.373169
2024-03-02 07:00:00,DK2,59.75,59.435524,-0.314476
2024-03-02 08:00:00,DK1,65.75,52.337616,-13.412384
2024-03-02 08:00:00,DK2,65.75,64.70957,-1.0404282
2024-03-02 09:00:00,DK1,60.44,53.745735,-6.6942635
2024-03-02 09:00:00,DK2,60.44,61.281,0.8409996
2024-03-02 10:00:00,DK1,59.18,47.535065,-11.644936
2024-03-02 10:00:00,DK2,59.18,55.110764,-4.0692368
2024-03-02 11:00:00,DK1,55.83,45.675476,-10.154526
2024-03-02 11:00:00,DK2,55.83,52.59501,-3.234993
2024-03-02 12:00:00,DK1,54.9,50.08899,-4.8110123
2024-03-02 12:00:00,DK2,54.9,45.12153,-9.778473
2024-03-02 13:00:00,DK1,59.86,51.231033,-8.628967
2024-03-02 13:00:00,DK2,59.86,50.49411,-9.3658905
2024-03-02 14:00:00,DK1,66.08,70.88065,4.8006516
2024-03-02 14:00:00,DK2,66.08,61.776115,-4.3038864
2024-03-02 15:00:00,DK1,73.0,89.63356,16.63356
2024-03-02 15:00:00,DK2,73.0,77.067505,4.067505
2024-03-02 16:00:00,DK1,80.63,94.19774,13.567741
2024-03-02 16:00:00,DK2,80.63,89.37334,8.74334
2024-03-02 17:00:00,DK1,93.6,80.96828,-12.6317215
2024-03-02 17:00:00,DK2,93.6,83.8457,-9.754295
2024-03-02 18:00:00,DK1,89.9,91.38227,1.4822693
2024-03-02 18:00:00,DK2,89.9,79.02927,-10.870735
2024-03-02 19:00:00,DK1,76.98,78.3121,1.3320999
2024-03-02 19:00:00,DK2,76.98,66.01384,-10.966164
2024-03-02 20:00:00,DK1,69.81,67.178795,-2.6312027
2024-03-02 20:00:00,DK2,69.81,63.90445,-5.905548
2024-03-02 21:00:00,DK1,60.94,59.98446,-0.9555397
2024-03-02 21:00:00,DK2,60.94,59.309242,-1.6307564
2024-03-02 22:00:00,DK1,54.99,52.161873,-2.8281288
2024-03-02 22:00:00,DK2,54.99,54.175484,-0.814518
2024-03-02 23:00:00,DK1,54.5,42.968697,-11.531303
2024-03-02 23:00:00,DK2,54.5,49.754906,-4.7450943
2024-03-03 00:00:00,DK1,53.63,40.675446,-12.9545555
2024-03-03 00:00:00,DK2,53.63,47.676826,-5.9531746
2024-03-03 01:00:00,DK1,53.8,39.831276,-13.968723
2024-03-03 01:00:00,DK2,53.8,46.64083,-7.1591682
2024-03-03 02:00:00,DK1,55.59,39.965866,-15.624134
2024-03-03 02:00:00,DK2,55.59,46.536316,-9.053684
2024-03-03 03:00:00,DK1,55.31,40.737312,-14.572689
2024-03-03 03:00:00,DK2,55.31,46.953156,-8.356846
2024-03-03 04:00:00,DK1,55.82,44.008644,-11.811356
2024-03-03 04:00:00,DK2,55.82,49.149696,-6.6703033
2024-03-03 05:00:00,DK1,56.0,49.427513,-6.572487
2024-03-03 05:00:00,DK2,56.0,52.502228,-3.4977722
2024-03-03 06:00:00,DK1,56.88,51.62452,-5.2554817
2024-03-03 06:00:00,DK2,56.88,52.836784,-4.0432167
2024-03-03 07:00:00,DK1,54.77,48.17395,-6.5960503
2024-03-03 07:00:00,DK2,54.77,51.622993,-3.147007
2024-03-03 08:00:00,DK1,53.99,45.934822,-8.05518
2024-03-03 08:00:00,DK2,53.99,51.147118,-2.842884
2024-03-03 09:00:00,DK1,52.01,44.23674,-7.773258
2024-03-03 09:00:00,DK2,52.01,48.569473,-3.440525
2024-03-03 10:00:00,DK1,49.46,35.59668,-13.863319
2024-03-03 10:00:00,DK2,49.46,43.632645,-5.8273544
2024-03-03 11:00:00,DK1,47.51,30.72385,-16.786148
2024-03-03 11:00:00,DK2,47.51,39.99105,-7.5189476
2024-03-03 12:00:00,DK1,42.51,32.400074,-10.109924
2024-03-03 12:00:00,DK2,42.51,38.486053,-4.023945
2024-03-03 13:00:00,DK1,46.84,33.95958,-12.880421
2024-03-03 13:00:00,DK2,46.84,37.28595,-9.55405
2024-03-03 14:00:00,DK1,54.13,45.78016,-8.349842
2024-03-03 14:00:00,DK2,54.13,41.44442,-12.685581
2024-03-03 15:00:00,DK1,60.28,62.36785,2.0878525
2024-03-03 15:00:00,DK2,60.28,50.415237,-9.864761
2024-03-03 16:00:00,DK1,75.58,77.44377,1.8637695
2024-03-03 16:00:00,DK2,75.58,64.60157,-10.978432
2024-03-03 17:00:00,DK1,84.36,79.846886,-4.513115
2024-03-03 17:00:00,DK2,84.36,77.96246,-6.397537
2024-03-03 18:00:00,DK1,79.63,87.36889,7.7388916
2024-03-03 18:00:00,DK2,79.63,76.5905,-3.0394974
2024-03-03 19:00:00,DK1,80.21,59.760345,-20.449654
2024-03-03 19:00:00,DK2,80.21,56.326027,-23.883972
2024-03-03 20:00:00,DK1,75.0,65.03422,-9.965782
2024-03-03 20:00:00,DK2,75.0,66.492035,-8.507965
2024-03-03 21:00:00,DK1,62.15,55.060936,-7.0890656
2024-03-03 21:00:00,DK2,62.15,55.0045,-7.1455
2024-03-03 22:00:00,DK1,72.42,51.96853,-20.45147
2024-03-03 22:00:00,DK2,72.42,55.9161,-16.503899
2024-03-03 23:00:00,DK1,69.13,58.789856,-10.340141
2024-03-03 23:00:00,DK2,69.13,54.91458,-14.215416
2024-03-04 00:00:00,DK1,67.9,51.50805,-16.391953
2024-03-04 00:00:00,DK2,59.55,58.943558,-0.6064415
2024-03-04 01:00:00,DK1,67.41,58.450638,-8.959366
2024-03-04 01:00:00,DK2,58.7,40.52115,-18.178852
2024-03-04 02:00:00,DK1,66.22,65.77836,-0.44164276
2024-03-04 02:00:00,DK2,58.8,56.32366,-2.4763374
2024-03-04 03:00:00,DK1,65.59,92.22065,26.630653
2024-03-04 03:00:00,DK2,58.99,61.605095,2.6150932
2024-03-04 04:00:00,DK1,70.83,81.95063,11.120628
2024-03-04 04:00:00,DK2,59.88,66.195435,6.3154335
2024-03-04 05:00:00,DK1,81.18,81.262405,0.08240509
2024-03-04 05:00:00,DK2,60.92,62.630997,1.7109985
2024-03-04 06:00:00,DK1,96.67,84.50575,-12.164246
2024-03-04 06:00:00,DK2,93.58,74.816475,-18.763527
2024-03-04 07:00:00,DK1,102.97,90.88984,-12.080162
2024-03-04 07:00:00,DK2,99.78,91.4881,-8.291901
2024-03-04 08:00:00,DK1,85.02,96.874985,11.854988
2024-03-04 08:00:00,DK2,82.2,88.31787,6.117874
2024-03-04 09:00:00,DK1,71.23,82.77693,11.546928
2024-03-04 09:00:00,DK2,63.72,49.8356,-13.884399
2024-03-04 10:00:00,DK1,61.71,49.813255,-11.896744
2024-03-04 10:00:00,DK2,58.52,49.91063,-8.609371
2024-03-04 11:00:00,DK1,61.02,56.850403,-4.1695976
2024-03-04 11:00:00,DK2,59.25,38.900276,-20.349724
2024-03-04 12:00:00,DK1,60.98,56.07193,-4.9080696
2024-03-04 12:00:00,DK2,59.21,48.063988,-11.146011
2024-03-04 13:00:00,DK1,61.38,66.06588,4.6858788
2024-03-04 13:00:00,DK2,59.6,47.767563,-11.832436
2024-03-04 14:00:00,DK1,59.87,66.182846,6.312847
2024-03-04 14:00:00,DK2,59.87,51.705536,-8.164463
2024-03-04 15:00:00,DK1,60.42,72.12833,11.708328
2024-03-04 15:00:00,DK2,60.42,57.325172,-3.0948257
2024-03-04 16:00:00,DK1,78.08,67.89785,-10.182152
2024-03-04 16:00:00,DK2,72.33,59.792007,-12.537994
2024-03-04 17:00:00,DK1,74.49,83.72287,9.232872
2024-03-04 17:00:00,DK2,74.49,58.571945,-15.918053
2024-03-04 18:00:00,DK1,64.7,61.777496,-2.9225006
2024-03-04 18:00:00,DK2,62.78,64.04926,1.2692642
2024-03-04 19:00:00,DK1,62.66,50.442238,-12.217762
2024-03-04 19:00:00,DK2,60.89,49.610146,-11.279854
2024-03-04 20:00:00,DK1,61.01,53.382492,-7.6275063
2024-03-04 20:00:00,DK2,59.24,48.553993,-10.686008
2024-03-04 21:00:00,DK1,59.98,51.857986,-8.122013
2024-03-04 21:00:00,DK2,58.24,46.898193,-11.341808
2024-03-04 22:00:00,DK1,59.6,49.70983,-9.890167
2024-03-04 22:00:00,DK2,57.87,47.05121,-10.81879
2024-03-04 23:00:00,DK1,56.21,53.420876,-2.7891235
2024-03-04 23:00:00,DK2,56.21,44.84838,-11.361618
2024-03-05 00:00:00,DK1,56.48,44.77687,-11.703129
2024-03-05 00:00:00,DK2,56.48,48.25894,-8.221058
2024-03-05 01:00:00,DK1,56.46,48.41964,-8.0403595
2024-03-05 01:00:00,DK2,56.46,44.97512,-11.484879
2024-03-05 02:00:00,DK1,56.36,51.773865,-4.586136
2024-03-05 02:00:00,DK2,56.36,46.662064,-9.697937
2024-03-05 03:00:00,DK1,56.47,60.313965,3.8439636
2024-03-05 03:00:00,DK2,56.47,45.501335,-10.968666
2024-03-05 04:00:00,DK1,57.39,66.81129,9.421288
2024-03-05 04:00:00,DK2,57.39,51.75506,-5.634941
2024-03-05 05:00:00,DK1,58.38,71.64816,13.268162
2024-03-05 05:00:00,DK2,58.38,55.36525,-3.0147514
2024-03-05 06:00:00,DK1,60.3,64.88814,4.5881386
2024-03-05 06:00:00,DK2,60.3,56.330795,-3.969204
2024-03-05 07:00:00,DK1,61.24,60.06475,-1.175251
2024-03-05 07:00:00,DK2,61.24,54.35726,-6.88274
2024-03-05 08:00:00,DK1,59.64,54.937485,-4.7025146
2024-03-05 08:00:00,DK2,59.64,52.042152,-7.597847
2024-03-05 09:00:00,DK1,59.18,51.50688,-7.6731186
2024-03-05 09:00:00,DK2,59.18,51.319862,-7.860138
2024-03-05 10:00:00,DK1,59.22,44.344322,-14.875679
2024-03-05 10:00:00,DK2,59.22,51.163475,-8.056526
2024-03-05 11:00:00,DK1,58.61,48.68476,-9.92524
2024-03-05 11:00:00,DK2,58.61,44.13199,-14.478012
2024-03-05 12:00:00,DK1,58.59,41.385307,-17.204693
2024-03-05 12:00:00,DK2,58.59,44.23593,-14.354069
2024-03-05 13:00:00,DK1,59.06,55.821938,-3.2380638
2024-03-05 13:00:00,DK2,59.06,42.306847,-16.753155
2024-03-05 14:00:00,DK1,59.65,57.903946,-1.7460556
2024-03-05 14:00:00,DK2,59.65,44.04518,-15.60482
2024-03-05 15:00:00,DK1,60.69,62.586502,1.8965034
2024-03-05 15:00:00,DK2,60.69,45.274208,-15.415791
2024-03-05 16:00:00,DK1,73.86,66.48781,-7.3721924
2024-03-05 16:00:00,DK2,73.86,54.478012,-19.381989
2024-03-05 17:00:00,DK1,104.38,85.87136,-18.508636
2024-03-05 17:00:00,DK2,104.38,65.19407,-39.18593
2024-03-05 18:00:00,DK1,96.6,96.99168,0.39167786
2024-03-05 18:00:00,DK2,96.6,85.0756,-11.524399
2024-03-05 19:00:00,DK1,78.42,93.68515,15.265152
2024-03-05 19:00:00,DK2,68.69,67.46614,-1.2238617
2024-03-05 20:00:00,DK1,73.07,59.82891,-13.241089
2024-03-05 20:00:00,DK2,73.07,53.416115,-19.653885
2024-03-05 21:00:00,DK1,66.0,80.94673,14.946732
2024-03-05 21:00:00,DK2,61.98,37.599068,-24.380932
2024-03-05 22:00:00,DK1,70.0,58.671967,-11.328033
2024-03-05 22:00:00,DK2,60.79,52.69996,-8.090042
2024-03-05 23:00:00,DK1,71.0,65.81172,-5.188278
2024-03-05 23:00:00,DK2,71.0,41.544205,-29.455795
2024-03-06 00:00:00,DK1,70.7,71.13457,0.4345703
2024-03-06 00:00:00,DK2,70.7,53.844643,-16.855354
2024-03-06 01:00:00,DK1,70.46,65.57941,-4.8805923
2024-03-06 01:00:00,DK2,70.46,57.95652,-12.503479
2024-03-06 02:00:00,DK1,69.74,73.02522,3.285225
2024-03-06 02:00:00,DK2,69.74,57.430794,-12.309204
2024-03-06 03:00:00,DK1,70.46,70.28137,-0.17862701
2024-03-06 03:00:00,DK2,70.46,56.079155,-14.380844
2024-03-06 04:00:00,DK1,73.91,73.84724,-0.06276703
2024-03-06 04:00:00,DK2,73.91,68.65415,-5.2558517
2024-03-06 05:00:00,DK1,83.98,79.98546,-3.994545
2024-03-06 05:00:00,DK2,83.98,70.076546,-13.903458
2024-03-06 06:00:00,DK1,106.64,85.97211,-20.667892
2024-03-06 06:00:00,DK2,106.64,86.1564,-20.483597
2024-03-06 07:00:00,DK1,108.7,100.09978,-8.60022
2024-03-06 07:00:00,DK2,108.7,101.37155,-7.3284454
2024-03-06 08:00:00,DK1,87.21,100.22693,13.01693
2024-03-06 08:00:00,DK2,87.21,91.33214,4.122139
2024-03-06 09:00:00,DK1,75.92,75.04596,-0.8740387
2024-03-06 09:00:00,DK2,75.92,73.450874,-2.4691238
2024-03-06 10:00:00,DK1,72.02,65.30819,-6.7118073
2024-03-06 10:00:00,DK2,72.02,64.43202,-7.5879745
2024-03-06 11:00:00,DK1,69.35,69.4061,0.056098938
2024-03-06 11:00:00,DK2,69.35,62.743286,-6.6067123
2024-03-06 12:00:00,DK1,69.29,69.23088,-0.05912018
2024-03-06 12:00:00,DK2,69.29,61.135826,-8.154175
2024-03-06 13:00:00,DK1,70.64,82.91962,12.279617
2024-03-06 13:00:00,DK2,70.64,70.08195,-0.55805206
2024-03-06 14:00:00,DK1,72.26,76.815834,4.555832
2024-03-06 14:00:00,DK2,72.26,59.90622,-12.353783
2024-03-06 15:00:00,DK1,81.06,78.209,-2.850998
2024-03-06 15:00:00,DK2,81.06,69.5059,-11.5541
2024-03-06 16:00:00,DK1,100.0,92.181076,-7.818924
2024-03-06 16:00:00,DK2,100.0,88.01908,-11.980919
2024-03-06 17:00:00,DK1,119.58,107.346596,-12.233406
2024-03-06 17:00:00,DK2,119.58,110.52345,-9.056549
2024-03-06 18:00:00,DK1,119.25,127.2019,7.9518967
2024-03-06 18:00:00,DK2,119.25,125.47745,6.2274475
2024-03-06 19:00:00,DK1,93.4,122.70721,29.307205
2024-03-06 19:00:00,DK2,93.4,109.371414,15.971413
2024-03-06 20:00:00,DK1,80.15,102.32077,22.170769
2024-03-06 20:00:00,DK2,80.15,88.25956,8.109558
2024-03-06 21:00:00,DK1,77.98,79.72579,1.7457886
2024-03-06 21:00:00,DK2,77.98,51.066307,-26.913696
2024-03-06 22:00:00,DK1,74.34,73.78421,-0.55578613
2024-03-06 22:00:00,DK2,74.34,61.660126,-12.679871
2024-03-06 23:00:00,DK1,73.33,68.095955,-5.234047
2024-03-06 23:00:00,DK2,73.33,60.95662,-12.373383
2024-03-07 00:00:00,DK1,72.32,66.866974,-5.453026
2024-03-07 00:00:00,DK2,72.32,66.36139,-5.9586105
2024-03-07 01:00:00,DK1,70.34,70.309654,-0.030342102
2024-03-07 01:00:00,DK2,70.34,67.64972,-2.690277
2024-03-07 02:00:00,DK1,68.71,76.43822,7.728218
2024-03-07 02:00:00,DK2,68.71,66.13649,-2.5735092
2024-03-07 03:00:00,DK1,69.89,79.21082,9.320824
2024-03-07 03:00:00,DK2,69.89,65.828064,-4.0619354
2024-03-07 04:00:00,DK1,73.13,81.93102,8.801025
2024-03-07 04:00:00,DK2,73.13,67.973694,-5.1563034
2024-03-07 05:00:00,DK1,84.27,75.78597,-8.484024
2024-03-07 05:00:00,DK2,84.27,68.75747,-15.512527
2024-03-07 06:00:00,DK1,103.2,93.49232,-9.70768
2024-03-07 06:00:00,DK2,103.2,94.73532,-8.464676
2024-03-07 07:00:00,DK1,96.7,103.15914,6.4591446
2024-03-07 07:00:00,DK2,96.7,98.9258,2.2257996
2024-03-07 08:00:00,DK1,79.09,94.2455,15.155502
2024-03-07 08:00:00,DK2,79.09,83.81291,4.7229156
2024-03-07 09:00:00,DK1,71.31,76.04523,4.7352295
2024-03-07 09:00:00,DK2,71.31,63.950012,-7.3599854
2024-03-07 10:00:00,DK1,66.16,67.142044,0.9820404
2024-03-07 10:00:00,DK2,66.16,58.982315,-7.1776886
2024-03-07 11:00:00,DK1,61.69,65.030815,3.3408165
2024-03-07 11:00:00,DK2,61.69,56.815018,-4.874981
2024-03-07 12:00:00,DK1,60.26,66.6387,6.378704
2024-03-07 12:00:00,DK2,60.26,53.882492,-6.3775063
2024-03-07 13:00:00,DK1,63.33,69.94407,6.614067
2024-03-07 13:00:00,DK2,63.33,51.436516,-11.893486
2024-03-07 14:00:00,DK1,66.04,72.405,6.364998
2024-03-07 14:00:00,DK2,66.04,60.71341,-5.3265915
2024-03-07 15:00:00,DK1,69.92,85.75194,15.83194
2024-03-07 15:00:00,DK2,69.92,60.511093,-9.408905
2024-03-07 16:00:00,DK1,89.2,88.65971,-0.5402832
2024-03-07 16:00:00,DK2,89.2,75.689095,-13.510902
2024-03-07 17:00:00,DK1,105.71,107.98886,2.278862
2024-03-07 17:00:00,DK2,105.71,101.50548,-4.204521
2024-03-07 18:00:00,DK1,90.3,115.41802,25.11802
2024-03-07 18:00:00,DK2,90.3,99.1071,8.807098
2024-03-07 19:00:00,DK1,82.49,93.73776,11.247765
2024-03-07 19:00:00,DK2,82.49,66.85359,-15.636406
2024-03-07 20:00:00,DK1,73.35,75.005875,1.6558762
2024-03-07 20:00:00,DK2,73.35,72.23352,-1.116478
2024-03-07 21:00:00,DK1,73.32,80.21863,6.898628
2024-03-07 21:00:00,DK2,73.32,62.96756,-10.35244
2024-03-07 22:00:00,DK1,67.72,82.20208,14.482079
2024-03-07 22:00:00,DK2,67.72,67.11366,-0.6063385
2024-03-07 23:00:00,DK1,68.45,74.18657,5.7365723
2024-03-07 23:00:00,DK2,68.45,53.669617,-14.78038
2024-03-08 00:00:00,DK1,66.96,70.63852,3.6785202
2024-03-08 00:00:00,DK2,66.96,59.875107,-7.0848923
2024-03-08 01:00:00,DK1,67.01,72.59425,5.5842514
2024-03-08 01:00:00,DK2,67.01,60.702957,-6.307045
2024-03-08 02:00:00,DK1,65.99,78.061646,12.071648
2024-03-08 02:00:00,DK2,65.99,62.68422,-3.3057785
2024-03-08 03:00:00,DK1,66.3,76.48805,10.188049
2024-03-08 03:00:00,DK2,66.3,57.534805,-8.765198
2024-03-08 04:00:00,DK1,67.11,85.995056,18.885056
2024-03-08 04:00:00,DK2,67.11,62.59733,-4.5126724
2024-03-08 05:00:00,DK1,82.91,84.8176,1.9075928
2024-03-08 05:00:00,DK2,82.91,75.88281,-7.027191
2024-03-08 06:00:00,DK1,95.06,91.79282,-3.2671738
2024-03-08 06:00:00,DK2,95.06,82.28027,-12.779724
2024-03-08 07:00:00,DK1,88.89,89.000046,0.11004639
2024-03-08 07:00:00,DK2,88.89,84.33179,-4.5582123
2024-03-08 08:00:00,DK1,74.36,79.28168,4.9216766
2024-03-08 08:00:00,DK2,72.57,71.1071,-1.4628983
2024-03-08 09:00:00,DK1,57.59,63.947975,6.357975
2024-03-08 09:00:00,DK2,59.37,57.634758,-1.7352409
2024-03-08 10:00:00,DK1,52.07,52.48883,0.41883087
2024-03-08 10:00:00,DK2,55.78,44.99901,-10.780991
2024-03-08 11:00:00,DK1,52.6,45.40944,-7.1905594
2024-03-08 11:00:00,DK2,54.17,40.760895,-13.409103
2024-03-08 12:00:00,DK1,51.27,46.29431,-4.975689
2024-03-08 12:00:00,DK2,52.8,39.86872,-12.931278
2024-03-08 13:00:00,DK1,49.8,51.472443,1.6724434
2024-03-08 13:00:00,DK2,51.98,39.288033,-12.691967
2024-03-08 14:00:00,DK1,40.25,55.097466,14.8474655
2024-03-08 14:00:00,DK2,52.72,37.885887,-14.834114
2024-03-08 15:00:00,DK1,55.74,46.819565,-8.920437
2024-03-08 15:00:00,DK2,58.11,42.154564,-15.955437
2024-03-08 16:00:00,DK1,71.98,83.17429,11.19429
2024-03-08 16:00:00,DK2,69.61,59.704872,-9.9051285
2024-03-08 17:00:00,DK1,83.76,90.77244,7.012436
2024-03-08 17:00:00,DK2,83.76,67.66484,-16.095161
2024-03-08 18:00:00,DK1,79.98,97.90857,17.928566
2024-03-08 18:00:00,DK2,79.98,70.112686,-9.867317
2024-03-08 19:00:00,DK1,71.18,73.150925,1.9709244
2024-03-08 19:00:00,DK2,71.18,61.768173,-9.411827
2024-03-08 20:00:00,DK1,64.9,64.125,-0.7750015
2024-03-08 20:00:00,DK2,64.9,50.51902,-14.380981
2024-03-08 21:00:00,DK1,64.79,66.08478,1.2947769
2024-03-08 21:00:00,DK2,64.79,44.484116,-20.305885
2024-03-08 22:00:00,DK1,59.89,66.2169,6.3269043
2024-03-08 22:00:00,DK2,59.89,44.024323,-15.865677
2024-03-08 23:00:00,DK1,56.56,55.508392,-1.051609
2024-03-08 23:00:00,DK2,57.95,46.68421,-11.265789
2024-03-09 00:00:00,DK1,54.91,57.104706,2.194706
2024-03-09 00:00:00,DK2,54.91,46.817963,-8.092037
2024-03-09 01:00:00,DK1,53.72,50.430824,-3.289177
2024-03-09 01:00:00,DK2,53.96,45.30419,-8.6558075
2024-03-09 02:00:00,DK1,52.56,49.99582,-2.5641823
2024-03-09 02:00:00,DK2,53.42,46.542526,-6.877472
2024-03-09 03:00:00,DK1,48.6,50.4737,1.873703
2024-03-09 03:00:00,DK2,49.79,47.325134,-2.4648666
2024-03-09 04:00:00,DK1,47.79,48.164818,0.3748169
2024-03-09 04:00:00,DK2,47.79,46.13833,-1.6516724
2024-03-09 05:00:00,DK1,50.47,44.89917,-5.5708313
2024-03-09 05:00:00,DK2,50.47,46.529984,-3.9400177
2024-03-09 06:00:00,DK1,53.06,48.298508,-4.7614937
2024-03-09 06:00:00,DK2,53.06,51.15676,-1.9032402
2024-03-09 07:00:00,DK1,53.06,53.918747,0.8587456
2024-03-09 07:00:00,DK2,53.06,50.59079,-2.4692116
2024-03-09 08:00:00,DK1,48.12,47.277374,-0.84262466
2024-03-09 08:00:00,DK2,48.12,49.601753,1.4817543
2024-03-09 09:00:00,DK1,32.94,41.817657,8.877659
2024-03-09 09:00:00,DK2,32.94,42.45063,9.510632
2024-03-09 10:00:00,DK1,0.2,26.058264,25.858263
2024-03-09 10:00:00,DK2,0.2,31.143587,30.943586
2024-03-09 11:00:00,DK1,-1.15,9.615168,10.765167
2024-03-09 11:00:00,DK2,0.01,18.964375,18.954374
2024-03-09 12:00:00,DK1,-2.46,6.4443874,8.904387
2024-03-09 12:00:00,DK2,0.01,11.608801,11.598801
2024-03-09 13:00:00,DK1,-0.04,4.274086,4.314086
2024-03-09 13:00:00,DK2,0.01,11.694089,11.684089
2024-03-09 14:00:00,DK1,28.19,7.287384,-20.902617
2024-03-09 14:00:00,DK2,28.19,16.722124,-11.467876
2024-03-09 15:00:00,DK1,52.64,45.806892,-6.833107
2024-03-09 15:00:00,DK2,53.93,31.425144,-22.504856
2024-03-09 16:00:00,DK1,61.39,74.610214,13.220215
2024-03-09 16:00:00,DK2,59.85,45.241783,-14.608215
2024-03-09 17:00:00,DK1,62.06,71.760506,9.700504
2024-03-09 17:00:00,DK2,62.06,54.19854,-7.8614616
2024-03-09 18:00:00,DK1,60.16,64.96947,4.8094673
2024-03-09 18:00:00,DK2,60.16,56.654297,-3.505703
2024-03-09 19:00:00,DK1,57.24,55.00399,-2.2360115
2024-03-09 19:00:00,DK2,56.84,50.58747,-6.252529
2024-03-09 20:00:00,DK1,56.9,47.04976,-9.850243
2024-03-09 20:00:00,DK2,54.02,45.90087,-8.119129
2024-03-09 21:00:00,DK1,55.62,45.165222,-10.454777
2024-03-09 21:00:00,DK2,52.98,45.901268,-7.0787315
2024-03-09 22:00:00,DK1,54.37,45.893433,-8.476566
2024-03-09 22:00:00,DK2,50.32,47.18029,-3.1397095
2024-03-09 23:00:00,DK1,48.65,45.033073,-3.616928
2024-03-09 23:00:00,DK2,48.65,47.369102,-1.280899
2024-03-10 00:00:00,DK1,46.06,39.33683,-6.723171
2024-03-10 00:00:00,DK2,46.06,47.00434,0.94433975
2024-03-10 01:00:00,DK1,40.98,42.211525,1.2315254
2024-03-10 01:00:00,DK2,40.98,42.056747,1.0767479
2024-03-10 02:00:00,DK1,35.55,39.888702,4.338703
2024-03-10 02:00:00,DK2,35.55,39.283722,3.7337227
2024-03-10 03:00:00,DK1,32.39,38.949432,6.559433
2024-03-10 03:00:00,DK2,32.39,37.41768,5.0276794
2024-03-10 04:00:00,DK1,32.28,38.914818,6.634819
2024-03-10 04:00:00,DK2,32.28,36.1184,3.8384018
2024-03-10 05:00:00,DK1,33.91,37.23516,3.325161
2024-03-10 05:00:00,DK2,33.91,37.685562,3.7755623
2024-03-10 06:00:00,DK1,39.49,39.14434,-0.34566116
2024-03-10 06:00:00,DK2,39.49,36.206085,-3.2839165
2024-03-10 07:00:00,DK1,34.82,42.294212,7.4742126
2024-03-10 07:00:00,DK2,34.82,36.68181,1.8618088
2024-03-10 08:00:00,DK1,25.25,34.02774,8.7777405
2024-03-10 08:00:00,DK2,25.25,38.9852,13.735199
2024-03-10 09:00:00,DK1,2.35,19.366941,17.016941
2024-03-10 09:00:00,DK2,4.63,33.18991,28.55991
2024-03-10 10:00:00,DK1,-0.04,11.340689,11.380689
2024-03-10 10:00:00,DK2,4.98,26.535185,21.555185
2024-03-10 11:00:00,DK1,0.0,8.8440895,8.8440895
2024-03-10 11:00:00,DK2,1.51,16.320068,14.810068
2024-03-10 12:00:00,DK1,0.0,6.6603127,6.6603127
2024-03-10 12:00:00,DK2,1.58,13.292662,11.712662
2024-03-10 13:00:00,DK1,-0.02,5.288416,5.308416
2024-03-10 13:00:00,DK2,3.41,16.95048,13.54048
2024-03-10 14:00:00,DK1,14.41,22.108183,7.698183
2024-03-10 14:00:00,DK2,14.41,19.239279,4.829279
2024-03-10 15:00:00,DK1,47.96,45.546127,-2.4138718
2024-03-10 15:00:00,DK2,48.75,32.93193,-15.818069
2024-03-10 16:00:00,DK1,55.97,63.438927,7.4689255
2024-03-10 16:00:00,DK2,55.18,43.459778,-11.720222
2024-03-10 17:00:00,DK1,57.64,68.66527,11.025269
2024-03-10 17:00:00,DK2,57.64,50.048874,-7.5911255
2024-03-10 18:00:00,DK1,56.62,61.84651,5.226513
2024-03-10 18:00:00,DK2,55.55,53.41104,-2.138958
2024-03-10 19:00:00,DK1,53.66,50.994446,-2.665554
2024-03-10 19:00:00,DK2,50.01,53.797775,3.787777
2024-03-10 20:00:00,DK1,53.4,51.121895,-2.2781067
2024-03-10 20:00:00,DK2,52.45,48.485313,-3.9646873
2024-03-10 21:00:00,DK1,53.08,53.615196,0.5351944
2024-03-10 21:00:00,DK2,50.01,48.575294,-1.4347038
2024-03-10 22:00:00,DK1,52.05,50.728027,-1.3219719
2024-03-10 22:00:00,DK2,49.09,46.338097,-2.7519035
2024-03-10 23:00:00,DK1,48.93,49.069435,0.13943481
2024-03-10 23:00:00,DK2,36.68,43.826065,7.1460648
2024-03-11 00:00:00,DK1,49.33,46.37951,-2.9504929
2024-03-11 00:00:00,DK2,33.9,38.434196,4.534195
2024-03-11 01:00:00,DK1,50.21,48.35369,-1.856308
2024-03-11 01:00:00,DK2,34.84,33.19169,-1.6483116
2024-03-11 02:00:00,DK1,49.28,49.169662,-0.1103363
2024-03-11 02:00:00,DK2,35.0,31.991264,-3.0087357
2024-03-11 03:00:00,DK1,49.99,46.4533,-3.5367012
2024-03-11 03:00:00,DK2,44.47,37.075172,-7.394829
2024-03-11 04:00:00,DK1,54.95,61.756165,6.806164
2024-03-11 04:00:00,DK2,54.95,43.081474,-11.868526
2024-03-11 05:00:00,DK1,56.44,65.799126,9.359127
2024-03-11 05:00:00,DK2,56.44,54.670425,-1.7695732
2024-03-11 06:00:00,DK1,62.27,68.52591,6.255909
2024-03-11 06:00:00,DK2,62.27,55.36142,-6.908581
2024-03-11 07:00:00,DK1,64.79,67.117294,2.3272934
2024-03-11 07:00:00,DK2,64.79,58.077065,-6.7129364
2024-03-11 08:00:00,DK1,62.85,61.912178,-0.93782043
2024-03-11 08:00:00,DK2,62.85,57.846626,-5.003372
2024-03-11 09:00:00,DK1,61.9,53.23581,-8.664192
2024-03-11 09:00:00,DK2,61.9,46.61003,-15.28997
2024-03-11 10:00:00,DK1,60.44,61.656204,1.2162056
2024-03-11 10:00:00,DK2,60.44,52.801674,-7.6383247
2024-03-11 11:00:00,DK1,58.85,51.731598,-7.1184006
2024-03-11 11:00:00,DK2,58.85,50.95632,-7.8936768
2024-03-11 12:00:00,DK1,58.92,50.038734,-8.881264
2024-03-11 12:00:00,DK2,58.92,48.21209,-10.707909
2024-03-11 13:00:00,DK1,58.72,52.058212,-6.661789
2024-03-11 13:00:00,DK2,58.72,47.925674,-10.794327
2024-03-11 14:00:00,DK1,59.95,55.29229,-4.657711
2024-03-11 14:00:00,DK2,59.95,46.416183,-13.533817
2024-03-11 15:00:00,DK1,61.61,58.614647,-2.9953537
2024-03-11 15:00:00,DK2,61.61,46.686203,-14.923798
2024-03-11 16:00:00,DK1,65.32,69.64772,4.3277206
2024-03-11 16:00:00,DK2,65.32,57.724106,-7.595894
2024-03-11 17:00:00,DK1,75.19,71.44138,-3.748619
2024-03-11 17:00:00,DK2,75.19,59.413734,-15.776268
2024-03-11 18:00:00,DK1,72.1,75.178154,3.0781555
2024-03-11 18:00:00,DK2,72.1,61.20913,-10.890869
2024-03-11 19:00:00,DK1,69.2,63.68203,-5.517967
2024-03-11 19:00:00,DK2,69.2,56.60005,-12.599945
2024-03-11 20:00:00,DK1,67.55,59.573547,-7.9764557
2024-03-11 20:00:00,DK2,67.55,60.591988,-6.9580154
2024-03-11 21:00:00,DK1,64.69,60.432648,-4.2573547
2024-03-11 21:00:00,DK2,64.69,54.718987,-9.971016
2024-03-11 22:00:00,DK1,65.77,51.593002,-14.176994
2024-03-11 22:00:00,DK2,65.77,56.06423,-9.705765
2024-03-11 23:00:00,DK1,69.19,59.829933,-9.360069
2024-03-11 23:00:00,DK2,69.19,54.224815,-14.965187
2024-03-12 00:00:00,DK1,65.56,67.79509,2.2350922
2024-03-12 00:00:00,DK2,65.56,56.857414,-8.702583
2024-03-12 01:00:00,DK1,66.51,59.99321,-6.5167923
2024-03-12 01:00:00,DK2,66.51,61.155365,-5.354637
2024-03-12 02:00:00,DK1,65.2,66.062294,0.86229706
2024-03-12 02:00:00,DK2,65.2,53.929855,-11.270142
2024-03-12 03:00:00,DK1,65.96,70.68733,4.727333
2024-03-12 03:00:00,DK2,65.96,60.002357,-5.9576416
2024-03-12 04:00:00,DK1,71.37,74.52048,3.1504745
2024-03-12 04:00:00,DK2,71.37,59.9591,-11.410904
2024-03-12 05:00:00,DK1,87.06,83.56581,-3.4941864
2024-03-12 05:00:00,DK2,87.06,75.64137,-11.418625
2024-03-12 06:00:00,DK1,96.55,94.037155,-2.512848
2024-03-12 06:00:00,DK2,96.55,88.078445,-8.471558
2024-03-12 07:00:00,DK1,100.78,95.86989,-4.9101105
2024-03-12 07:00:00,DK2,100.78,94.25542,-6.524582
2024-03-12 08:00:00,DK1,93.81,84.18985,-9.620148
2024-03-12 08:00:00,DK2,93.81,83.07002,-10.739975
2024-03-12 09:00:00,DK1,85.42,76.725334,-8.694664
2024-03-12 09:00:00,DK2,85.42,75.19365,-10.226349
2024-03-12 10:00:00,DK1,80.68,71.960785,-8.719215
2024-03-12 10:00:00,DK2,80.68,74.34745,-6.33255
2024-03-12 11:00:00,DK1,78.44,77.34856,-1.0914459
2024-03-12 11:00:00,DK2,78.44,66.04278,-12.397224
2024-03-12 12:00:00,DK1,78.26,74.89935,-3.360649
2024-03-12 12:00:00,DK2,78.26,68.87964,-9.380363
2024-03-12 13:00:00,DK1,79.02,77.33542,-1.684578
2024-03-12 13:00:00,DK2,79.02,68.792145,-10.227852
2024-03-12 14:00:00,DK1,86.34,79.278,-7.0619965
2024-03-12 14:00:00,DK2,86.34,71.2559,-15.084099
2024-03-12 15:00:00,DK1,101.61,88.60363,-13.006371
2024-03-12 15:00:00,DK2,101.61,86.85644,-14.753563
2024-03-12 16:00:00,DK1,113.06,102.8638,-10.1961975
2024-03-12 16:00:00,DK2,113.06,98.18404,-14.875961
2024-03-12 17:00:00,DK1,134.92,108.87851,-26.041489
2024-03-12 17:00:00,DK2,134.92,113.73436,-21.185638
2024-03-12 18:00:00,DK1,124.57,119.85409,-4.715912
2024-03-12 18:00:00,DK2,124.57,111.34591,-13.224091
2024-03-12 19:00:00,DK1,97.48,106.60297,9.122963
2024-03-12 19:00:00,DK2,97.48,86.513306,-10.966698
2024-03-12 20:00:00,DK1,83.63,84.27863,0.64863586
2024-03-12 20:00:00,DK2,83.63,70.45998,-13.170021
2024-03-12 21:00:00,DK1,78.93,74.97957,-3.9504318
2024-03-12 21:00:00,DK2,78.93,61.578087,-17.351913
2024-03-12 22:00:00,DK1,70.33,70.821,0.4909973
2024-03-12 22:00:00,DK2,70.33,55.17272,-15.15728
2024-03-12 23:00:00,DK1,63.93,62.50724,-1.42276
2024-03-12 23:00:00,DK2,63.93,57.303787,-6.626213
2024-03-13 00:00:00,DK1,62.3,55.150024,-7.149975
2024-03-13 00:00:00,DK2,62.3,52.137367,-10.162632
2024-03-13 01:00:00,DK1,61.79,55.118637,-6.671364
2024-03-13 01:00:00,DK2,61.79,52.547127,-9.242874
2024-03-13 02:00:00,DK1,60.89,54.81128,-6.07872
2024-03-13 02:00:00,DK2,60.89,45.54548,-15.344521
2024-03-13 03:00:00,DK1,59.87,67.31444,7.444439
2024-03-13 03:00:00,DK2,62.46,49.015556,-13.444443
2024-03-13 04:00:00,DK1,62.3,80.378944,18.078945
2024-03-13 04:00:00,DK2,66.8,66.25173,-0.5482712
2024-03-13 05:00:00,DK1,77.32,91.55425,14.234253
2024-03-13 05:00:00,DK2,77.32,79.0746,1.7546005
2024-03-13 06:00:00,DK1,76.47,88.71486,12.244858
2024-03-13 06:00:00,DK2,88.27,76.51814,-11.751854
2024-03-13 07:00:00,DK1,89.8,64.94023,-24.859772
2024-03-13 07:00:00,DK2,89.91,73.98001,-15.929993
2024-03-13 08:00:00,DK1,76.85,71.79115,-5.0588455
2024-03-13 08:00:00,DK2,77.71,78.70594,0.99594116
2024-03-13 09:00:00,DK1,67.38,65.6226,-1.7574005
2024-03-13 09:00:00,DK2,68.07,63.537987,-4.532013
2024-03-13 10:00:00,DK1,62.8,49.58335,-13.216648
2024-03-13 10:00:00,DK2,64.85,60.409904,-4.440094
2024-03-13 11:00:00,DK1,61.69,52.313843,-9.376156
2024-03-13 11:00:00,DK2,64.61,54.300934,-10.309067
2024-03-13 12:00:00,DK1,59.41,56.43213,-2.977871
2024-03-13 12:00:00,DK2,64.83,56.24962,-8.580383
2024-03-13 13:00:00,DK1,58.64,65.16748,6.527481
2024-03-13 13:00:00,DK2,63.96,51.97425,-11.985748
2024-03-13 14:00:00,DK1,57.3,68.90939,11.609394
2024-03-13 14:00:00,DK2,67.84,51.96512,-15.874878
2024-03-13 15:00:00,DK1,60.8,71.0564,10.256397
2024-03-13 15:00:00,DK2,71.77,56.545532,-15.224464
2024-03-13 16:00:00,DK1,66.12,80.85923,14.739227
2024-03-13 16:00:00,DK2,89.91,62.845512,-27.064491
2024-03-13 17:00:00,DK1,72.21,80.85858,8.648582
2024-03-13 17:00:00,DK2,95.45,79.29653,-16.153465
2024-03-13 18:00:00,DK1,65.19,79.98555,14.7955475
2024-03-13 18:00:00,DK2,65.19,73.37175,8.181747
2024-03-13 19:00:00,DK1,51.55,51.037308,-0.5126915
2024-03-13 19:00:00,DK2,51.55,44.21424,-7.335758
2024-03-13 20:00:00,DK1,54.56,41.605583,-12.954418
2024-03-13 20:00:00,DK2,54.56,43.8275,-10.732502
2024-03-13 21:00:00,DK1,53.77,41.048866,-12.721134
2024-03-13 21:00:00,DK2,53.77,35.748886,-18.021114
2024-03-13 22:00:00,DK1,51.78,47.12307,-4.656929
2024-03-13 22:00:00,DK2,51.78,34.946243,-16.833755
2024-03-13 23:00:00,DK1,51.82,38.30094,-13.519058
2024-03-13 23:00:00,DK2,51.82,38.87121,-12.9487915
2024-03-14 00:00:00,DK1,50.45,42.91429,-7.5357094
2024-03-14 00:00:00,DK2,50.45,33.813763,-16.636238
2024-03-14 01:00:00,DK1,49.63,35.687157,-13.942844
2024-03-14 01:00:00,DK2,49.63,35.61789,-14.012112
2024-03-14 02:00:00,DK1,49.13,37.14321,-11.98679
2024-03-14 02:00:00,DK2,49.13,35.47431,-13.655689
2024-03-14 03:00:00,DK1,50.71,41.526955,-9.183044
2024-03-14 03:00:00,DK2,50.71,40.13079,-10.579208
2024-03-14 04:00:00,DK1,51.53,49.149918,-2.3800812
2024-03-14 04:00:00,DK2,51.53,36.97889,-14.551109
2024-03-14 05:00:00,DK1,56.5,64.77818,8.278183
2024-03-14 05:00:00,DK2,56.5,42.27825,-14.221748
2024-03-14 06:00:00,DK1,57.92,75.94222,18.022224
2024-03-14 06:00:00,DK2,57.92,62.14093,4.220932
2024-03-14 07:00:00,DK1,59.65,60.883987,1.2339859
2024-03-14 07:00:00,DK2,59.65,62.023643,2.373642
2024-03-14 08:00:00,DK1,57.89,43.903748,-13.986252
2024-03-14 08:00:00,DK2,57.89,50.45018,-7.4398193
2024-03-14 09:00:00,DK1,52.42,38.849808,-13.57019
2024-03-14 09:00:00,DK2,52.42,47.277283,-5.1427155
2024-03-14 10:00:00,DK1,49.84,40.50585,-9.334148
2024-03-14 10:00:00,DK2,49.84,42.949158,-6.8908424
2024-03-14 11:00:00,DK1,49.71,33.132782,-16.577217
2024-03-14 11:00:00,DK2,49.71,36.49656,-13.21344
2024-03-14 12:00:00,DK1,46.96,38.63942,-8.32058
2024-03-14 12:00:00,DK2,46.96,34.488037,-12.471962
2024-03-14 13:00:00,DK1,47.73,33.03633,-14.693668
2024-03-14 13:00:00,DK2,47.73,28.142874,-19.587126
2024-03-14 14:00:00,DK1,53.68,39.11895,-14.56105
2024-03-14 14:00:00,DK2,53.68,33.353745,-20.326256
2024-03-14 15:00:00,DK1,55.84,63.960915,8.120914
2024-03-14 15:00:00,DK2,55.84,43.060356,-12.779644
2024-03-14 16:00:00,DK1,67.81,81.063736,13.253738
2024-03-14 16:00:00,DK2,67.81,56.60865,-11.201347
2024-03-14 17:00:00,DK1,67.08,85.59639,18.516388
2024-03-14 17:00:00,DK2,67.08,53.2073,-13.872704
2024-03-14 18:00:00,DK1,58.25,59.09984,0.84983826
2024-03-14 18:00:00,DK2,58.25,53.640427,-4.6095734
2024-03-14 19:00:00,DK1,55.99,48.572823,-7.417179
2024-03-14 19:00:00,DK2,55.99,43.654076,-12.335926
2024-03-14 20:00:00,DK1,55.14,51.525383,-3.6146164
2024-03-14 20:00:00,DK2,55.14,40.316994,-14.823006
2024-03-14 21:00:00,DK1,54.45,53.86116,-0.5888405
2024-03-14 21:00:00,DK2,54.45,38.24803,-16.20197
2024-03-14 22:00:00,DK1,51.66,51.700134,0.04013443
2024-03-14 22:00:00,DK2,32.02,39.648193,7.628193
2024-03-14 23:00:00,DK1,47.89,42.90278,-4.987221
2024-03-14 23:00:00,DK2,47.89,20.780722,-27.109278
2024-03-15 00:00:00,DK1,46.58,25.03874,-21.541262
2024-03-15 00:00:00,DK2,46.58,19.690495,-26.889507
2024-03-15 01:00:00,DK1,45.57,27.576054,-17.993946
2024-03-15 01:00:00,DK2,45.57,17.005602,-28.564398
2024-03-15 02:00:00,DK1,43.95,34.23117,-9.71883
2024-03-15 02:00:00,DK2,43.95,19.200764,-24.749237
2024-03-15 03:00:00,DK1,44.19,32.556923,-11.633076
2024-03-15 03:00:00,DK2,37.41,25.560255,-11.849745
2024-03-15 04:00:00,DK1,43.36,36.90406,-6.4559402
2024-03-15 04:00:00,DK2,43.36,24.278004,-19.081997
2024-03-15 05:00:00,DK1,48.3,46.98391,-1.3160896
2024-03-15 05:00:00,DK2,48.3,33.194298,-15.105701
2024-03-15 06:00:00,DK1,57.75,63.18569,5.435692
2024-03-15 06:00:00,DK2,57.75,45.00995,-12.740051
2024-03-15 07:00:00,DK1,63.93,66.065125,2.1351242
2024-03-15 07:00:00,DK2,63.93,58.719925,-5.2100754
2024-03-15 08:00:00,DK1,53.8,58.510757,4.710758
2024-03-15 08:00:00,DK2,53.8,54.212532,0.4125328
2024-03-15 09:00:00,DK1,46.56,36.52466,-10.035343
2024-03-15 09:00:00,DK2,46.56,38.417404,-8.142597
2024-03-15 10:00:00,DK1,39.27,27.00659,-12.263411
2024-03-15 10:00:00,DK2,39.27,34.637077,-4.632923
2024-03-15 11:00:00,DK1,38.34,29.173784,-9.166216
2024-03-15 11:00:00,DK2,38.34,23.02796,-15.31204
2024-03-15 12:00:00,DK1,36.87,25.877281,-10.992718
2024-03-15 12:00:00,DK2,37.95,24.403791,-13.546209
2024-03-15 13:00:00,DK1,44.93,29.256727,-15.673273
2024-03-15 13:00:00,DK2,43.85,26.759562,-17.090437
2024-03-15 14:00:00,DK1,50.31,50.29297,-0.017032623
2024-03-15 14:00:00,DK2,50.31,34.54798,-15.76202
2024-03-15 15:00:00,DK1,54.53,59.314995,4.784996
2024-03-15 15:00:00,DK2,54.53,42.98387,-11.546127
2024-03-15 16:00:00,DK1,60.48,70.81675,10.33675
2024-03-15 16:00:00,DK2,60.48,50.33407,-10.145931
2024-03-15 17:00:00,DK1,58.51,72.60565,14.095654
2024-03-15 17:00:00,DK2,58.51,44.887886,-13.622112
2024-03-15 18:00:00,DK1,57.2,53.68289,-3.517109
2024-03-15 18:00:00,DK2,57.2,49.24131,-7.9586906
2024-03-15 19:00:00,DK1,55.82,54.094757,-1.7252426
2024-03-15 19:00:00,DK2,55.82,38.271797,-17.548203
2024-03-15 20:00:00,DK1,51.71,40.91181,-10.798187
2024-03-15 20:00:00,DK2,51.71,36.306183,-15.403816
2024-03-15 21:00:00,DK1,50.16,30.946531,-19.213469
2024-03-15 21:00:00,DK2,50.16,34.212006,-15.947994
2024-03-15 22:00:00,DK1,49.33,26.786062,-22.54394
2024-03-15 22:00:00,DK2,38.22,28.07332,-10.146681
2024-03-15 23:00:00,DK1,44.12,25.101019,-19.01898
2024-03-15 23:00:00,DK2,38.05,19.81944,-18.230558
2024-03-16 00:00:00,DK1,42.01,22.334555,-19.675444
2024-03-16 00:00:00,DK2,38.09,25.0951,-12.9949
2024-03-16 01:00:00,DK1,40.69,25.193178,-15.49682
2024-03-16 01:00:00,DK2,36.68,28.688082,-7.9919186
2024-03-16 02:00:00,DK1,38.88,23.004505,-15.875496
2024-03-16 02:00:00,DK2,35.62,29.45106,-6.1689396
2024-03-16 03:00:00,DK1,38.67,21.949503,-16.720495
2024-03-16 03:00:00,DK2,34.9,28.49097,-6.409031
2024-03-16 04:00:00,DK1,40.34,23.411016,-16.928984
2024-03-16 04:00:00,DK2,34.26,26.871582,-7.3884163
2024-03-16 05:00:00,DK1,47.26,25.779657,-21.480341
2024-03-16 05:00:00,DK2,34.28,30.89894,-3.3810596
2024-03-16 06:00:00,DK1,49.38,48.025032,-1.354969
2024-03-16 06:00:00,DK2,35.57,27.864563,-7.7054367
2024-03-16 07:00:00,DK1,47.25,55.49018,8.240181
2024-03-16 07:00:00,DK2,37.08,25.12011,-11.959892
2024-03-16 08:00:00,DK1,46.76,49.704727,2.9447289
2024-03-16 08:00:00,DK2,38.89,22.86858,-16.02142
2024-03-16 09:00:00,DK1,44.88,40.39933,-4.480671
2024-03-16 09:00:00,DK2,39.19,21.27858,-17.911419
2024-03-16 10:00:00,DK1,41.62,29.025084,-12.594915
2024-03-16 10:00:00,DK2,38.89,21.013208,-17.876791
2024-03-16 11:00:00,DK1,36.7,21.60127,-15.09873
2024-03-16 11:00:00,DK2,35.82,22.426361,-13.393639
2024-03-16 12:00:00,DK1,21.02,22.857439,1.8374386
2024-03-16 12:00:00,DK2,21.9,20.919224,-0.98077583
2024-03-16 13:00:00,DK1,10.99,11.22353,0.23353004
2024-03-16 13:00:00,DK2,12.99,14.742418,1.7524185
2024-03-16 14:00:00,DK1,31.01,6.900599,-24.109402
2024-03-16 14:00:00,DK2,29.0,9.444761,-19.555239
2024-03-16 15:00:00,DK1,46.98,11.450324,-35.529675
2024-03-16 15:00:00,DK2,34.22,19.760393,-14.459608
2024-03-16 16:00:00,DK1,49.81,57.305496,7.495495
2024-03-16 16:00:00,DK2,38.22,24.797106,-13.422895
2024-03-16 17:00:00,DK1,53.56,50.8208,-2.7392006
2024-03-16 17:00:00,DK2,37.92,32.75622,-5.1637764
2024-03-16 18:00:00,DK1,52.21,51.624336,-0.58566284
2024-03-16 18:00:00,DK2,33.16,27.379814,-5.7801857
2024-03-16 19:00:00,DK1,52.21,59.254425,7.044426
2024-03-16 19:00:00,DK2,29.69,25.77414,-3.9158611
2024-03-16 20:00:00,DK1,53.74,63.440956,9.700954
2024-03-16 20:00:00,DK2,28.88,28.026457,-0.8535423
2024-03-16 21:00:00,DK1,52.29,63.615173,11.325172
2024-03-16 21:00:00,DK2,25.37,26.286394,0.9163933
2024-03-16 22:00:00,DK1,56.62,61.63021,5.010212
2024-03-16 22:00:00,DK2,17.03,22.394447,5.3644466
2024-03-16 23:00:00,DK1,64.99,65.81333,0.82333374
2024-03-16 23:00:00,DK2,26.4,21.914446,-4.4855537
2024-03-17 00:00:00,DK1,60.49,75.03279,14.542789
2024-03-17 00:00:00,DK2,27.51,22.619642,-4.890358
2024-03-17 01:00:00,DK1,55.83,76.573814,20.743813
2024-03-17 01:00:00,DK2,29.11,22.252958,-6.8570423
2024-03-17 02:00:00,DK1,57.47,70.110275,12.640274
2024-03-17 02:00:00,DK2,30.3,23.105783,-7.194216
2024-03-17 03:00:00,DK1,58.16,71.6515,13.491497
2024-03-17 03:00:00,DK2,35.05,22.41434,-12.63566
2024-03-17 04:00:00,DK1,59.9,72.46678,12.56678
2024-03-17 04:00:00,DK2,38.47,24.579937,-13.890064
2024-03-17 05:00:00,DK1,60.1,74.054,13.954002
2024-03-17 05:00:00,DK2,54.53,23.173595,-31.356403
2024-03-17 06:00:00,DK1,56.6,80.52968,23.92968
2024-03-17 06:00:00,DK2,56.6,32.160133,-24.439865
2024-03-17 07:00:00,DK1,50.58,73.90648,23.326477
2024-03-17 07:00:00,DK2,50.58,48.31299,-2.2670135
2024-03-17 08:00:00,DK1,47.15,44.601456,-2.5485458
2024-03-17 08:00:00,DK2,47.15,51.445435,4.295433
2024-03-17 09:00:00,DK1,45.4,33.660133,-11.739868
2024-03-17 09:00:00,DK2,45.4,39.781395,-5.6186066
2024-03-17 10:00:00,DK1,45.91,26.664759,-19.245241
2024-03-17 10:00:00,DK2,45.91,35.500298,-10.409702
2024-03-17 11:00:00,DK1,41.81,24.457685,-17.352316
2024-03-17 11:00:00,DK2,41.81,32.791416,-9.018585
2024-03-17 12:00:00,DK1,40.15,27.577715,-12.572287
2024-03-17 12:00:00,DK2,40.15,33.79805,-6.3519516
2024-03-17 13:00:00,DK1,48.06,37.557632,-10.502369
2024-03-17 13:00:00,DK2,48.06,38.85292,-9.207081
2024-03-17 14:00:00,DK1,56.12,47.224747,-8.895252
2024-03-17 14:00:00,DK2,56.12,51.275223,-4.844776
2024-03-17 15:00:00,DK1,71.76,77.08926,5.329254
2024-03-17 15:00:00,DK2,71.76,65.72123,-6.0387726
2024-03-17 16:00:00,DK1,82.86,87.00595,4.1459503
2024-03-17 16:00:00,DK2,82.86,72.737,-10.123001
2024-03-17 17:00:00,DK1,94.11,104.15935,10.049347
2024-03-17 17:00:00,DK2,94.31,101.51524,7.205246
2024-03-17 18:00:00,DK1,88.29,91.13788,2.8478775
2024-03-17 18:00:00,DK2,88.29,87.2885,-1.001503
2024-03-17 19:00:00,DK1,62.84,78.15068,15.31068
2024-03-17 19:00:00,DK2,75.08,70.65802,-4.421982
2024-03-17 20:00:00,DK1,59.45,54.58226,-4.8677406
2024-03-17 20:00:00,DK2,59.45,67.9563,8.506298
2024-03-17 21:00:00,DK1,57.05,50.71865,-6.3313484
2024-03-17 21:00:00,DK2,57.05,57.148415,0.098415375
2024-03-17 22:00:00,DK1,55.95,46.862007,-9.087994
2024-03-17 22:00:00,DK2,55.95,54.346153,-1.6038475
2024-03-17 23:00:00,DK1,56.18,45.961433,-10.218567
2024-03-17 23:00:00,DK2,56.18,55.02259,-1.1574097
2024-03-18 00:00:00,DK1,55.96,48.48812,-7.471878
2024-03-18 00:00:00,DK2,55.96,52.97896,-2.981041
2024-03-18 01:00:00,DK1,55.82,51.309166,-4.5108337
2024-03-18 01:00:00,DK2,55.82,51.44165,-4.3783493
2024-03-18 02:00:00,DK1,55.68,51.732033,-3.9479675
2024-03-18 02:00:00,DK2,55.68,51.2256,-4.454399
2024-03-18 03:00:00,DK1,55.86,52.43757,-3.422432
2024-03-18 03:00:00,DK2,55.86,51.944366,-3.9156342
2024-03-18 04:00:00,DK1,57.26,58.89235,1.6323509
2024-03-18 04:00:00,DK2,57.26,49.707237,-7.552761
2024-03-18 05:00:00,DK1,59.38,62.88784,3.5078392
2024-03-18 05:00:00,DK2,84.25,52.96872,-31.28128
2024-03-18 06:00:00,DK1,68.96,68.38826,-0.5717392
2024-03-18 06:00:00,DK2,97.71,73.46932,-24.240677
2024-03-18 07:00:00,DK1,94.16,76.49765,-17.662354
2024-03-18 07:00:00,DK2,94.16,84.56363,-9.5963745
2024-03-18 08:00:00,DK1,80.81,86.80496,5.9949646
2024-03-18 08:00:00,DK2,80.81,77.62471,-3.1852875
2024-03-18 09:00:00,DK1,72.02,71.99327,-0.026725769
2024-03-18 09:00:00,DK2,72.02,62.74163,-9.278366
2024-03-18 10:00:00,DK1,65.04,62.33613,-2.7038727
2024-03-18 10:00:00,DK2,65.04,54.888847,-10.151154
2024-03-18 11:00:00,DK1,62.95,60.147102,-2.8028984
2024-03-18 11:00:00,DK2,62.95,50.482613,-12.467388
2024-03-18 12:00:00,DK1,60.73,59.300117,-1.429882
2024-03-18 12:00:00,DK2,66.66,49.31272,-17.347282
2024-03-18 13:00:00,DK1,57.75,62.616516,4.866516
2024-03-18 13:00:00,DK2,67.28,50.298073,-16.981926
2024-03-18 14:00:00,DK1,65.0,69.13605,4.1360474
2024-03-18 14:00:00,DK2,71.63,57.651093,-13.978905
2024-03-18 15:00:00,DK1,68.38,83.990036,15.610039
2024-03-18 15:00:00,DK2,77.08,65.21402,-11.865982
2024-03-18 16:00:00,DK1,69.09,86.05647,16.966476
2024-03-18 16:00:00,DK2,107.65,77.60667,-30.043335
2024-03-18 17:00:00,DK1,74.46,88.54627,14.086273
2024-03-18 17:00:00,DK2,142.51,93.48546,-49.024536
2024-03-18 18:00:00,DK1,95.16,84.65695,-10.503052
2024-03-18 18:00:00,DK2,126.48,105.616165,-20.863838
2024-03-18 19:00:00,DK1,97.88,92.44623,-5.433769
2024-03-18 19:00:00,DK2,101.23,89.96106,-11.268944
2024-03-18 20:00:00,DK1,79.74,71.49405,-8.245949
2024-03-18 20:00:00,DK2,79.74,64.73838,-15.001617
2024-03-18 21:00:00,DK1,71.2,70.92821,-0.27178955
2024-03-18 21:00:00,DK2,76.5,57.45063,-19.04937
2024-03-18 22:00:00,DK1,56.99,62.78855,5.7985497
2024-03-18 22:00:00,DK2,72.66,53.750923,-18.90908
2024-03-18 23:00:00,DK1,56.71,49.908524,-6.8014755
2024-03-18 23:00:00,DK2,70.27,57.07305,-13.196945
2024-03-19 00:00:00,DK1,55.67,51.05983,-4.6101685
2024-03-19 00:00:00,DK2,69.53,53.59896,-15.931038
2024-03-19 01:00:00,DK1,56.66,48.013878,-8.646122
2024-03-19 01:00:00,DK2,69.93,55.885117,-14.044884
2024-03-19 02:00:00,DK1,51.53,54.979156,3.4491577
2024-03-19 02:00:00,DK2,69.84,50.349426,-19.49057
2024-03-19 03:00:00,DK1,53.4,50.77748,-2.6225204
2024-03-19 03:00:00,DK2,56.86,57.376762,0.5167618
2024-03-19 04:00:00,DK1,56.59,64.33466,7.7446632
2024-03-19 04:00:00,DK2,69.31,49.99848,-19.311516
2024-03-19 05:00:00,DK1,60.85,79.40931,18.55931
2024-03-19 05:00:00,DK2,87.35,54.866203,-32.483795
2024-03-19 06:00:00,DK1,91.04,67.262856,-23.777145
2024-03-19 06:00:00,DK2,110.47,82.61772,-27.85228
2024-03-19 07:00:00,DK1,95.87,91.02794,-4.842064
2024-03-19 07:00:00,DK2,95.87,88.850624,-7.0193787
2024-03-19 08:00:00,DK1,72.02,82.91273,10.892731
2024-03-19 08:00:00,DK2,72.02,77.68709,5.6670914
2024-03-19 09:00:00,DK1,64.15,58.95794,-5.1920624
2024-03-19 09:00:00,DK2,64.15,54.543976,-9.606026
2024-03-19 10:00:00,DK1,57.41,44.615723,-12.794277
2024-03-19 10:00:00,DK2,57.41,50.108658,-7.301342
2024-03-19 11:00:00,DK1,54.47,43.154755,-11.315247
2024-03-19 11:00:00,DK2,54.47,45.864662,-8.605339
2024-03-19 12:00:00,DK1,54.96,43.82261,-11.13739
2024-03-19 12:00:00,DK2,55.36,40.6764,-14.683601
2024-03-19 13:00:00,DK1,56.24,60.545624,4.305622
2024-03-19 13:00:00,DK2,59.03,47.0511,-11.978897
2024-03-19 14:00:00,DK1,62.3,57.105576,-5.1944237
2024-03-19 14:00:00,DK2,68.37,59.12053,-9.249474
2024-03-19 15:00:00,DK1,65.26,81.83066,16.570656
2024-03-19 15:00:00,DK2,71.93,61.508522,-10.421478
2024-03-19 16:00:00,DK1,90.7,71.816345,-18.883652
2024-03-19 16:00:00,DK2,101.46,80.16283,-21.297173
2024-03-19 17:00:00,DK1,112.45,101.41664,-11.033356
2024-03-19 17:00:00,DK2,128.27,100.78648,-27.48352
2024-03-19 18:00:00,DK1,125.26,112.67717,-12.582832
2024-03-19 18:00:00,DK2,125.87,121.59662,-4.273384
2024-03-19 19:00:00,DK1,107.36,113.3894,6.029396
2024-03-19 19:00:00,DK2,107.36,83.2096,-24.150398
2024-03-19 20:00:00,DK1,86.88,79.82924,-7.0507584
2024-03-19 20:00:00,DK2,86.88,88.478165,1.5981674
2024-03-19 21:00:00,DK1,81.5,77.733536,-3.7664642
2024-03-19 21:00:00,DK2,81.5,63.764854,-17.735146
2024-03-19 22:00:00,DK1,76.1,65.29642,-10.803581
2024-03-19 22:00:00,DK2,76.1,72.1714,-3.9285965
2024-03-19 23:00:00,DK1,76.01,66.613655,-9.396347
2024-03-19 23:00:00,DK2,76.01,64.84414,-11.165863
2024-03-20 00:00:00,DK1,73.4,66.55079,-6.8492126
2024-03-20 00:00:00,DK2,73.4,71.366486,-2.033516
2024-03-20 01:00:00,DK1,74.9,73.815834,-1.0841675
2024-03-20 01:00:00,DK2,74.9,66.99779,-7.902214
2024-03-20 02:00:00,DK1,75.7,73.294014,-2.405983
2024-03-20 02:00:00,DK2,75.7,72.90154,-2.7984543
2024-03-20 03:00:00,DK1,76.36,85.27706,8.917061
2024-03-20 03:00:00,DK2,76.36,77.42862,1.0686188
2024-03-20 04:00:00,DK1,80.9,86.56736,5.6673584
2024-03-20 04:00:00,DK2,80.9,85.61046,4.710457
2024-03-20 05:00:00,DK1,116.0,91.97307,-24.026932
2024-03-20 05:00:00,DK2,116.0,99.94643,-16.053574
2024-03-20 06:00:00,DK1,116.24,117.235146,0.9951477
2024-03-20 06:00:00,DK2,116.24,113.27758,-2.9624176
2024-03-20 07:00:00,DK1,98.33,112.23795,13.907951
2024-03-20 07:00:00,DK2,98.33,104.359825,6.0298233
2024-03-20 08:00:00,DK1,70.63,84.991165,14.361168
2024-03-20 08:00:00,DK2,70.63,73.28966,2.6596603
2024-03-20 09:00:00,DK1,66.0,68.59367,2.5936737
2024-03-20 09:00:00,DK2,66.0,73.234566,7.2345657
2024-03-20 10:00:00,DK1,65.39,71.17902,5.7890244
2024-03-20 10:00:00,DK2,65.39,72.333046,6.9430466
2024-03-20 11:00:00,DK1,61.43,70.085335,8.655334
2024-03-20 11:00:00,DK2,61.43,44.43795,-16.99205
2024-03-20 12:00:00,DK1,63.95,62.78354,-1.166462
2024-03-20 12:00:00,DK2,63.95,46.04934,-17.900661
2024-03-20 13:00:00,DK1,64.35,68.233894,3.8838959
2024-03-20 13:00:00,DK2,64.35,59.40898,-4.941017
2024-03-20 14:00:00,DK1,70.78,90.510956,19.730957
2024-03-20 14:00:00,DK2,70.78,71.72856,0.9485626
2024-03-20 15:00:00,DK1,87.07,92.25379,5.183792
2024-03-20 15:00:00,DK2,87.07,77.61317,-9.456833
2024-03-20 16:00:00,DK1,119.68,99.70697,-19.97303
2024-03-20 16:00:00,DK2,119.68,92.17662,-27.50338
2024-03-20 17:00:00,DK1,168.54,108.70131,-59.838684
2024-03-20 17:00:00,DK2,168.54,126.771996,-41.767998
2024-03-20 18:00:00,DK1,159.05,151.8675,-7.1825104
2024-03-20 18:00:00,DK2,159.05,153.14435,-5.905655
2024-03-20 19:00:00,DK1,124.95,136.95522,12.0052185
2024-03-20 19:00:00,DK2,124.95,124.998886,0.04888916
2024-03-20 20:00:00,DK1,106.52,107.49997,0.97997284
2024-03-20 20:00:00,DK2,106.52,93.2653,-13.2547
2024-03-20 21:00:00,DK1,96.07,99.24997,3.1799698
2024-03-20 21:00:00,DK2,96.07,72.36459,-23.705406
2024-03-20 22:00:00,DK1,79.98,90.95419,10.97419
2024-03-20 22:00:00,DK2,79.98,73.17578,-6.804222
2024-03-20 23:00:00,DK1,76.18,76.357834,0.17783356
2024-03-20 23:00:00,DK2,76.18,65.8654,-10.314598
2024-03-21 00:00:00,DK1,73.37,73.64183,0.2718277
2024-03-21 00:00:00,DK2,73.37,64.78123,-8.588776
2024-03-21 01:00:00,DK1,71.55,70.91976,-0.6302414
2024-03-21 01:00:00,DK2,71.55,60.5869,-10.963104
2024-03-21 02:00:00,DK1,69.82,61.964043,-7.855957
2024-03-21 02:00:00,DK2,69.82,61.81981,-8.000191
2024-03-21 03:00:00,DK1,69.3,68.963585,-0.33641815
2024-03-21 03:00:00,DK2,69.3,70.62163,1.3216248
2024-03-21 04:00:00,DK1,71.74,65.01725,-6.722748
2024-03-21 04:00:00,DK2,71.74,68.26746,-3.4725342
2024-03-21 05:00:00,DK1,81.0,84.53466,3.5346603
2024-03-21 05:00:00,DK2,87.11,82.41701,-4.692993
2024-03-21 06:00:00,DK1,98.21,94.98119,-3.2288055
2024-03-21 06:00:00,DK2,98.21,98.49832,0.28832245
2024-03-21 07:00:00,DK1,102.29,96.63497,-5.6550293
2024-03-21 07:00:00,DK2,102.29,91.73242,-10.557579
2024-03-21 08:00:00,DK1,80.0,80.979904,0.9799042
2024-03-21 08:00:00,DK2,80.0,79.85391,-0.14608765
2024-03-21 09:00:00,DK1,72.41,67.93181,-4.478195
2024-03-21 09:00:00,DK2,72.41,66.63617,-5.773834
2024-03-21 10:00:00,DK1,68.03,58.393288,-9.636711
2024-03-21 10:00:00,DK2,68.03,56.235153,-11.794846
2024-03-21 11:00:00,DK1,64.64,60.158035,-4.481964
2024-03-21 11:00:00,DK2,64.64,53.173607,-11.4663925
2024-03-21 12:00:00,DK1,59.96,60.78074,0.82073975
2024-03-21 12:00:00,DK2,59.96,57.30163,-2.658371
2024-03-21 13:00:00,DK1,65.24,83.52338,18.283379
2024-03-21 13:00:00,DK2,65.24,54.23932,-11.000679
2024-03-21 14:00:00,DK1,64.69,74.46107,9.771065
2024-03-21 14:00:00,DK2,64.69,57.42163,-7.2683716
2024-03-21 15:00:00,DK1,75.27,79.10731,3.8373108
2024-03-21 15:00:00,DK2,75.27,58.371834,-16.898163
2024-03-21 16:00:00,DK1,100.9,85.402405,-15.497597
2024-03-21 16:00:00,DK2,100.9,78.77464,-22.125359
2024-03-21 17:00:00,DK1,127.13,101.523026,-25.606972
2024-03-21 17:00:00,DK2,127.13,97.20249,-29.927505
2024-03-21 18:00:00,DK1,120.69,111.24005,-9.449951
2024-03-21 18:00:00,DK2,122.85,94.40126,-28.448738
2024-03-21 19:00:00,DK1,93.08,99.81816,6.738159
2024-03-21 19:00:00,DK2,93.08,77.06585,-16.014153
2024-03-21 20:00:00,DK1,76.27,70.15306,-6.1169357
2024-03-21 20:00:00,DK2,77.69,53.671432,-24.01857
2024-03-21 21:00:00,DK1,67.3,54.052963,-13.24704
2024-03-21 21:00:00,DK2,75.62,46.61712,-29.002884
2024-03-21 22:00:00,DK1,56.92,55.405838,-1.5141602
2024-03-21 22:00:00,DK2,56.92,38.639603,-18.280396
2024-03-21 23:00:00,DK1,19.92,41.302574,21.382574
2024-03-21 23:00:00,DK2,37.68,23.889704,-13.790297
2024-03-22 00:00:00,DK1,34.26,16.78897,-17.471027
2024-03-22 00:00:00,DK2,34.26,20.341553,-13.918446
2024-03-22 01:00:00,DK1,32.24,10.010092,-22.22991
2024-03-22 01:00:00,DK2,32.24,18.53298,-13.707022
2024-03-22 02:00:00,DK1,28.92,14.404716,-14.515285
2024-03-22 02:00:00,DK2,28.92,29.029604,0.10960388
2024-03-22 03:00:00,DK1,31.92,35.946877,4.0268764
2024-03-22 03:00:00,DK2,31.92,21.295301,-10.624699
2024-03-22 04:00:00,DK1,39.55,32.555016,-6.9949837
2024-03-22 04:00:00,DK2,36.94,35.60797,-1.3320274
2024-03-22 05:00:00,DK1,42.38,51.24759,8.867588
2024-03-22 05:00:00,DK2,42.32,32.39798,-9.92202
2024-03-22 06:00:00,DK1,64.02,50.290962,-13.729034
2024-03-22 06:00:00,DK2,48.05,48.52764,0.47764206
2024-03-22 07:00:00,DK1,64.57,67.065994,2.4959946
2024-03-22 07:00:00,DK2,53.23,44.03264,-9.197361
2024-03-22 08:00:00,DK1,56.32,52.51644,-3.8035583
2024-03-22 08:00:00,DK2,56.32,38.251152,-18.068848
2024-03-22 09:00:00,DK1,51.81,36.22493,-15.585072
2024-03-22 09:00:00,DK2,51.81,33.102997,-18.707005
2024-03-22 10:00:00,DK1,49.85,31.041023,-18.808975
2024-03-22 10:00:00,DK2,49.85,34.060726,-15.789272
2024-03-22 11:00:00,DK1,49.76,32.490715,-17.269283
2024-03-22 11:00:00,DK2,49.76,29.25428,-20.505718
2024-03-22 12:00:00,DK1,50.26,38.989067,-11.270931
2024-03-22 12:00:00,DK2,50.26,33.579834,-16.680164
2024-03-22 13:00:00,DK1,48.75,53.3311,4.5811005
2024-03-22 13:00:00,DK2,48.75,43.61106,-5.138939
2024-03-22 14:00:00,DK1,49.81,67.13878,17.328777
2024-03-22 14:00:00,DK2,49.81,39.0767,-10.733303
2024-03-22 15:00:00,DK1,53.42,65.44084,12.0208435
2024-03-22 15:00:00,DK2,53.42,45.12194,-8.298058
2024-03-22 16:00:00,DK1,63.94,71.22164,7.281643
2024-03-22 16:00:00,DK2,63.94,44.501236,-19.438763
2024-03-22 17:00:00,DK1,60.63,72.602905,11.972904
2024-03-22 17:00:00,DK2,60.63,40.883713,-19.746288
2024-03-22 18:00:00,DK1,62.17,67.48988,5.3198853
2024-03-22 18:00:00,DK2,62.17,51.204605,-10.965393
2024-03-22 19:00:00,DK1,61.09,58.574463,-2.5155373
2024-03-22 19:00:00,DK2,61.09,46.48172,-14.60828
2024-03-22 20:00:00,DK1,60.5,49.962883,-10.537117
2024-03-22 20:00:00,DK2,60.5,43.35962,-17.14038
2024-03-22 21:00:00,DK1,60.12,54.851242,-5.268757
2024-03-22 21:00:00,DK2,60.12,40.78466,-19.335339
2024-03-22 22:00:00,DK1,54.51,59.546165,5.036167
2024-03-22 22:00:00,DK2,54.51,46.187843,-8.322155
2024-03-22 23:00:00,DK1,36.79,46.997658,10.207657
2024-03-22 23:00:00,DK2,36.79,42.22959,5.4395905
2024-03-23 00:00:00,DK1,49.68,37.151672,-12.528328
2024-03-23 00:00:00,DK2,49.68,41.100266,-8.579735
2024-03-23 01:00:00,DK1,51.01,41.03769,-9.972309
2024-03-23 01:00:00,DK2,51.01,42.060173,-8.949825
2024-03-23 02:00:00,DK1,49.99,48.728287,-1.2617149
2024-03-23 02:00:00,DK2,49.99,44.333847,-5.6561546
2024-03-23 03:00:00,DK1,50.44,42.227684,-8.212315
2024-03-23 03:00:00,DK2,50.44,43.607048,-6.8329506
2024-03-23 04:00:00,DK1,48.82,40.586014,-8.233986
2024-03-23 04:00:00,DK2,48.82,42.223587,-6.5964127
2024-03-23 05:00:00,DK1,47.87,36.864365,-11.005634
2024-03-23 05:00:00,DK2,47.87,41.614746,-6.255253
2024-03-23 06:00:00,DK1,43.48,34.46161,-9.018391
2024-03-23 06:00:00,DK2,43.48,44.192146,0.71214676
2024-03-23 07:00:00,DK1,37.72,33.04389,-4.6761093
2024-03-23 07:00:00,DK2,37.72,37.46341,-0.2565918
2024-03-23 08:00:00,DK1,13.2,21.84511,8.64511
2024-03-23 08:00:00,DK2,23.93,25.372377,1.4423771
2024-03-23 09:00:00,DK1,0.02,8.385413,8.365413
2024-03-23 09:00:00,DK2,2.01,12.131088,10.121088
2024-03-23 10:00:00,DK1,-0.05,1.9522018,2.0022018
2024-03-23 10:00:00,DK2,1.53,7.671417,6.1414175
2024-03-23 11:00:00,DK1,-1.94,1.6360819,3.576082
2024-03-23 11:00:00,DK2,0.71,4.674982,3.964982
2024-03-23 12:00:00,DK1,-2.74,2.4864707,5.226471
2024-03-23 12:00:00,DK2,0.01,5.9757643,5.965764
2024-03-23 13:00:00,DK1,-2.71,6.4432096,9.15321
2024-03-23 13:00:00,DK2,0.01,8.038834,8.028833
2024-03-23 14:00:00,DK1,-1.46,13.218655,14.678655
2024-03-23 14:00:00,DK2,2.02,13.710938,11.690939
2024-03-23 15:00:00,DK1,0.07,27.03214,26.962141
2024-03-23 15:00:00,DK2,14.78,19.693647,4.9136477
2024-03-23 16:00:00,DK1,47.8,32.387512,-15.412487
2024-03-23 16:00:00,DK2,48.29,49.47593,1.1859283
2024-03-23 17:00:00,DK1,55.37,82.92441,27.554409
2024-03-23 17:00:00,DK2,54.89,36.814224,-18.075775
2024-03-23 18:00:00,DK1,58.64,56.04303,-2.5969696
2024-03-23 18:00:00,DK2,58.64,65.63278,6.9927826
2024-03-23 19:00:00,DK1,52.94,67.32746,14.387463
2024-03-23 19:00:00,DK2,51.81,45.823326,-5.9866753
2024-03-23 20:00:00,DK1,45.84,47.93415,2.0941505
2024-03-23 20:00:00,DK2,46.97,51.439415,4.4694138
2024-03-23 21:00:00,DK1,40.28,38.938087,-1.3419113
2024-03-23 21:00:00,DK2,40.28,41.29245,1.0124512
2024-03-23 22:00:00,DK1,28.39,30.921572,2.5315723
2024-03-23 22:00:00,DK2,28.39,34.690384,6.3003845
2024-03-23 23:00:00,DK1,32.1,20.838713,-11.261286
2024-03-23 23:00:00,DK2,36.26,26.693344,-9.566654
2024-03-24 00:00:00,DK1,13.28,18.476013,5.1960135
2024-03-24 00:00:00,DK2,33.87,18.60517,-15.26483
2024-03-24 01:00:00,DK1,10.13,10.233505,0.103505135
2024-03-24 01:00:00,DK2,33.37,18.091396,-15.278603
2024-03-24 02:00:00,DK1,17.0,5.618705,-11.381295
2024-03-24 02:00:00,DK2,33.54,17.839104,-15.700897
2024-03-24 03:00:00,DK1,19.92,5.7898145,-14.130186
2024-03-24 03:00:00,DK2,19.92,21.378681,1.4586811
2024-03-24 04:00:00,DK1,26.82,11.304979,-15.51502
2024-03-24 04:00:00,DK2,26.82,14.039518,-12.780481
2024-03-24 05:00:00,DK1,24.9,22.75816,-2.14184
2024-03-24 05:00:00,DK2,24.9,16.952343,-7.9476566
2024-03-24 06:00:00,DK1,36.15,27.899904,-8.250097
2024-03-24 06:00:00,DK2,36.15,19.363258,-16.786743
2024-03-24 07:00:00,DK1,40.71,33.68853,-7.021469
2024-03-24 07:00:00,DK2,41.92,25.370901,-16.549097
2024-03-24 08:00:00,DK1,43.78,32.39704,-11.382957
2024-03-24 08:00:00,DK2,45.09,33.258873,-11.831127
2024-03-24 09:00:00,DK1,42.07,32.515083,-9.554916
2024-03-24 09:00:00,DK2,46.25,36.459816,-9.790184
2024-03-24 10:00:00,DK1,48.23,31.09347,-17.13653
2024-03-24 10:00:00,DK2,48.23,36.776337,-11.453663
2024-03-24 11:00:00,DK1,49.63,36.530228,-13.099773
2024-03-24 11:00:00,DK2,49.63,35.86489,-13.76511
2024-03-24 12:00:00,DK1,48.31,50.121582,1.8115807
2024-03-24 12:00:00,DK2,49.24,35.667175,-13.572826
2024-03-24 13:00:00,DK1,49.04,50.42372,1.3837204
2024-03-24 13:00:00,DK2,49.53,39.867363,-9.662636
2024-03-24 14:00:00,DK1,51.23,68.3665,17.136501
2024-03-24 14:00:00,DK2,51.23,43.884415,-7.345585
2024-03-24 15:00:00,DK1,52.72,68.92954,16.209541
2024-03-24 15:00:00,DK2,54.9,53.947235,-0.9527664
2024-03-24 16:00:00,DK1,59.4,74.76129,15.36129
2024-03-24 16:00:00,DK2,59.4,55.273994,-4.126007
2024-03-24 17:00:00,DK1,75.0,83.42967,8.429672
2024-03-24 17:00:00,DK2,75.0,74.36853,-0.6314697
2024-03-24 18:00:00,DK1,74.9,69.493675,-5.4063263
2024-03-24 18:00:00,DK2,74.9,69.517586,-5.382416
2024-03-24 19:00:00,DK1,66.9,72.97524,6.075241
2024-03-24 19:00:00,DK2,66.9,64.857994,-2.0420074
2024-03-24 20:00:00,DK1,64.77,42.78048,-21.989517
2024-03-24 20:00:00,DK2,64.77,60.3835,-4.3864975
2024-03-24 21:00:00,DK1,64.27,57.69323,-6.576767
2024-03-24 21:00:00,DK2,64.27,52.762527,-11.507469
2024-03-24 22:00:00,DK1,62.97,60.586975,-2.3830261
2024-03-24 22:00:00,DK2,62.97,60.177902,-2.792099
2024-03-24 23:00:00,DK1,62.51,61.758217,-0.75178146
2024-03-24 23:00:00,DK2,62.51,54.17701,-8.332989
2024-03-25 00:00:00,DK1,62.29,72.446785,10.156784
2024-03-25 00:00:00,DK2,62.29,59.478325,-2.811676
2024-03-25 01:00:00,DK1,62.48,64.05209,1.572094
2024-03-25 01:00:00,DK2,62.48,57.07544,-5.40456
2024-03-25 02:00:00,DK1,64.51,60.598907,-3.9110947
2024-03-25 02:00:00,DK2,64.51,49.038338,-15.471664
2024-03-25 03:00:00,DK1,66.96,61.490623,-5.4693756
2024-03-25 03:00:00,DK2,66.96,47.752403,-19.207596
2024-03-25 04:00:00,DK1,77.14,77.5502,0.41020203
2024-03-25 04:00:00,DK2,77.14,71.063446,-6.0765533
2024-03-25 05:00:00,DK1,88.43,96.67884,8.24884
2024-03-25 05:00:00,DK2,88.43,97.731224,9.301224
2024-03-25 06:00:00,DK1,113.87,111.09535,-2.7746506
2024-03-25 06:00:00,DK2,113.87,109.72284,-4.1471634
2024-03-25 07:00:00,DK1,99.68,114.49138,14.8113785
2024-03-25 07:00:00,DK2,99.68,106.24144,6.5614395
2024-03-25 08:00:00,DK1,77.43,76.722244,-0.70775604
2024-03-25 08:00:00,DK2,77.43,61.056755,-16.373245
2024-03-25 09:00:00,DK1,70.05,48.553307,-21.496696
2024-03-25 09:00:00,DK2,70.05,56.471924,-13.578079
2024-03-25 10:00:00,DK1,63.66,38.352287,-25.307713
2024-03-25 10:00:00,DK2,63.66,44.566216,-19.093784
2024-03-25 11:00:00,DK1,61.85,37.423454,-24.426544
2024-03-25 11:00:00,DK2,61.85,45.563545,-16.286453
2024-03-25 12:00:00,DK1,63.22,65.60001,2.3800125
2024-03-25 12:00:00,DK2,63.22,55.177177,-8.042824
2024-03-25 13:00:00,DK1,64.52,79.013985,14.493988
2024-03-25 13:00:00,DK2,64.52,58.124367,-6.39563
2024-03-25 14:00:00,DK1,73.97,77.35923,3.3892288
2024-03-25 14:00:00,DK2,73.97,59.7826,-14.187401
2024-03-25 15:00:00,DK1,81.05,89.477844,8.427841
2024-03-25 15:00:00,DK2,81.05,74.8699,-6.1800995
2024-03-25 16:00:00,DK1,111.88,100.04028,-11.839714
2024-03-25 16:00:00,DK2,111.88,95.705795,-16.174202
2024-03-25 17:00:00,DK1,174.7,117.0278,-57.672195
2024-03-25 17:00:00,DK2,174.7,130.6019,-44.0981
2024-03-25 18:00:00,DK1,149.75,152.51529,2.7652893
2024-03-25 18:00:00,DK2,149.75,155.74005,5.9900513
2024-03-25 19:00:00,DK1,102.73,145.06921,42.33921
2024-03-25 19:00:00,DK2,102.73,131.17847,28.448463
2024-03-25 20:00:00,DK1,82.39,117.04953,34.65953
2024-03-25 20:00:00,DK2,82.39,89.74505,7.355049
2024-03-25 21:00:00,DK1,79.56,76.68497,-2.8750305
2024-03-25 21:00:00,DK2,79.56,47.0252,-32.534798
2024-03-25 22:00:00,DK1,74.74,79.94124,5.2012405
2024-03-25 22:00:00,DK2,74.74,64.661644,-10.078354
2024-03-25 23:00:00,DK1,79.9,83.45727,3.5572662
2024-03-25 23:00:00,DK2,79.9,62.402603,-17.497398
2024-03-26 00:00:00,DK1,73.3,80.41719,7.1171875
2024-03-26 00:00:00,DK2,73.3,67.70383,-5.596176
2024-03-26 01:00:00,DK1,68.91,73.56047,4.650467
2024-03-26 01:00:00,DK2,68.91,63.492065,-5.417938
2024-03-26 02:00:00,DK1,67.98,65.933,-2.0470047
2024-03-26 02:00:00,DK2,67.98,63.073784,-4.9062195
2024-03-26 03:00:00,DK1,70.07,67.21245,-2.8575516
2024-03-26 03:00:00,DK2,70.07,64.737144,-5.332855
2024-03-26 04:00:00,DK1,72.28,80.33656,8.056564
2024-03-26 04:00:00,DK2,72.28,69.09216,-3.1878357
2024-03-26 05:00:00,DK1,80.38,95.36317,14.98317
2024-03-26 05:00:00,DK2,80.38,89.02907,8.649071
2024-03-26 06:00:00,DK1,79.2,94.139084,14.939087
2024-03-26 06:00:00,DK2,79.2,82.157745,2.9577484
2024-03-26 07:00:00,DK1,72.1,74.5664,2.4664001
2024-03-26 07:00:00,DK2,72.1,66.31755,-5.782448
2024-03-26 08:00:00,DK1,62.0,56.79458,-5.2054214
2024-03-26 08:00:00,DK2,59.91,57.040802,-2.8691978
2024-03-26 09:00:00,DK1,49.5,40.447227,-9.0527725
2024-03-26 09:00:00,DK2,54.85,41.93126,-12.918739
2024-03-26 10:00:00,DK1,49.35,31.846697,-17.503302
2024-03-26 10:00:00,DK2,52.22,35.846207,-16.373795
2024-03-26 11:00:00,DK1,48.47,36.53705,-11.932953
2024-03-26 11:00:00,DK2,49.92,37.694336,-12.225662
2024-03-26 12:00:00,DK1,45.94,38.52343,-7.4165688
2024-03-26 12:00:00,DK2,47.99,41.293518,-6.6964836
2024-03-26 13:00:00,DK1,37.1,46.897247,9.797249
2024-03-26 13:00:00,DK2,49.56,38.025124,-11.534878
2024-03-26 14:00:00,DK1,51.93,35.550507,-16.379494
2024-03-26 14:00:00,DK2,55.14,46.934494,-8.205505
2024-03-26 15:00:00,DK1,66.9,78.30084,11.400841
2024-03-26 15:00:00,DK2,63.69,53.140022,-10.549976
2024-03-26 16:00:00,DK1,66.59,74.70501,8.115013
2024-03-26 16:00:00,DK2,66.59,55.00377,-11.586227
2024-03-26 17:00:00,DK1,63.43,73.342896,9.912895
2024-03-26 17:00:00,DK2,63.43,42.993507,-20.436493
2024-03-26 18:00:00,DK1,61.64,72.185036,10.545036
2024-03-26 18:00:00,DK2,61.64,50.802986,-10.837013
2024-03-26 19:00:00,DK1,58.36,67.85979,9.499786
2024-03-26 19:00:00,DK2,58.36,48.300743,-10.0592575
2024-03-26 20:00:00,DK1,58.01,39.52652,-18.483479
2024-03-26 20:00:00,DK2,58.01,56.835197,-1.1748009
2024-03-26 21:00:00,DK1,56.65,49.569283,-7.080719
2024-03-26 21:00:00,DK2,56.65,46.84574,-9.80426
2024-03-26 22:00:00,DK1,55.17,49.287125,-5.8828735
2024-03-26 22:00:00,DK2,55.17,46.063263,-9.106735
2024-03-26 23:00:00,DK1,56.09,46.7266,-9.3633995
2024-03-26 23:00:00,DK2,56.09,40.460083,-15.629917
2024-03-27 00:00:00,DK1,56.91,47.256172,-9.653828
2024-03-27 00:00:00,DK2,56.91,41.48478,-15.4252205
2024-03-27 01:00:00,DK1,57.1,46.60668,-10.493317
2024-03-27 01:00:00,DK2,57.1,42.617287,-14.482712
2024-03-27 02:00:00,DK1,53.86,54.120605,0.26060486
2024-03-27 02:00:00,DK2,53.86,42.578415,-11.281586
2024-03-27 03:00:00,DK1,52.95,50.145622,-2.8043785
2024-03-27 03:00:00,DK2,52.95,46.652267,-6.2977333
2024-03-27 04:00:00,DK1,54.14,55.95188,1.811882
2024-03-27 04:00:00,DK2,54.14,47.949036,-6.1909637
2024-03-27 05:00:00,DK1,56.89,62.342705,5.4527054
2024-03-27 05:00:00,DK2,56.89,55.95896,-0.9310379
2024-03-27 06:00:00,DK1,62.37,62.85647,0.48646927
2024-03-27 06:00:00,DK2,62.37,55.140503,-7.229496
2024-03-27 07:00:00,DK1,61.5,51.737473,-9.762527
2024-03-27 07:00:00,DK2,61.5,59.55916,-1.9408417
2024-03-27 08:00:00,DK1,61.26,68.39644,7.1364403
2024-03-27 08:00:00,DK2,61.26,67.75632,6.496319
2024-03-27 09:00:00,DK1,62.86,61.8928,-0.96720123
2024-03-27 09:00:00,DK2,62.86,51.95559,-10.904411
2024-03-27 10:00:00,DK1,57.13,63.60692,6.4769173
2024-03-27 10:00:00,DK2,57.13,37.463867,-19.666134
2024-03-27 11:00:00,DK1,57.66,41.19136,-16.46864
2024-03-27 11:00:00,DK2,57.66,37.039,-20.620998
2024-03-27 12:00:00,DK1,59.54,42.393852,-17.146149
2024-03-27 12:00:00,DK2,59.54,44.119003,-15.420998
2024-03-27 13:00:00,DK1,61.45,60.695053,-0.75494766
2024-03-27 13:00:00,DK2,61.45,54.858612,-6.5913887
2024-03-27 14:00:00,DK1,62.2,80.742294,18.542294
2024-03-27 14:00:00,DK2,62.2,60.5897,-1.610302
2024-03-27 15:00:00,DK1,76.0,78.8528,2.8527985
2024-03-27 15:00:00,DK2,76.0,59.38176,-16.61824
2024-03-27 16:00:00,DK1,94.44,99.87074,5.4307404
2024-03-27 16:00:00,DK2,94.44,74.781204,-19.658798
2024-03-27 17:00:00,DK1,120.42,109.62307,-10.796928
2024-03-27 17:00:00,DK2,120.42,108.434906,-11.985092
2024-03-27 18:00:00,DK1,116.88,117.648926,0.7689285
2024-03-27 18:00:00,DK2,116.88,109.715706,-7.1642914
2024-03-27 19:00:00,DK1,97.6,105.57387,7.9738693
2024-03-27 19:00:00,DK2,97.6,88.74347,-8.856529
2024-03-27 20:00:00,DK1,84.25,84.86869,0.6186905
2024-03-27 20:00:00,DK2,84.25,68.94551,-15.304489
2024-03-27 21:00:00,DK1,83.02,82.71895,-0.30104828
2024-03-27 21:00:00,DK2,83.02,66.25527,-16.764725
2024-03-27 22:00:00,DK1,74.47,76.893814,2.4238129
2024-03-27 22:00:00,DK2,74.47,60.70137,-13.768631
2024-03-27 23:00:00,DK1,79.09,72.24735,-6.8426437
2024-03-27 23:00:00,DK2,79.09,66.5893,-12.500694
2024-03-28 00:00:00,DK1,72.6,73.73326,1.1332626
2024-03-28 00:00:00,DK2,72.6,67.70804,-4.89196
2024-03-28 01:00:00,DK1,65.24,70.486855,5.2468567
2024-03-28 01:00:00,DK2,65.24,64.05886,-1.1811371
2024-03-28 02:00:00,DK1,58.1,62.197273,4.097275
2024-03-28 02:00:00,DK2,58.1,61.672638,3.5726395
2024-03-28 03:00:00,DK1,57.4,63.56652,6.166519
2024-03-28 03:00:00,DK2,57.4,55.511368,-1.8886337
2024-03-28 04:00:00,DK1,57.52,74.92061,17.400608
2024-03-28 04:00:00,DK2,57.52,65.15649,7.636486
2024-03-28 05:00:00,DK1,60.01,78.13939,18.12939
2024-03-28 05:00:00,DK2,60.01,68.312035,8.302036
2024-03-28 06:00:00,DK1,76.05,64.95063,-11.099373
2024-03-28 06:00:00,DK2,76.05,64.53599,-11.514015
2024-03-28 07:00:00,DK1,80.92,73.41025,-7.5097504
2024-03-28 07:00:00,DK2,80.92,74.7379,-6.1820984
2024-03-28 08:00:00,DK1,63.24,77.739006,14.499004
2024-03-28 08:00:00,DK2,63.24,64.39338,1.1533775
2024-03-28 09:00:00,DK1,47.07,42.989334,-4.0806656
2024-03-28 09:00:00,DK2,46.16,41.9281,-4.2318993
2024-03-28 10:00:00,DK1,37.82,30.230091,-7.5899086
2024-03-28 10:00:00,DK2,37.91,28.124434,-9.785566
2024-03-28 11:00:00,DK1,32.91,13.63381,-19.27619
2024-03-28 11:00:00,DK2,32.91,20.674906,-12.235094
2024-03-28 12:00:00,DK1,30.29,48.624107,18.334106
2024-03-28 12:00:00,DK2,30.29,39.044914,8.754913
2024-03-28 13:00:00,DK1,29.47,76.43147,46.96147
2024-03-28 13:00:00,DK2,29.47,54.409355,24.939356
2024-03-28 14:00:00,DK1,24.67,77.40224,52.73224
2024-03-28 14:00:00,DK2,24.67,48.772713,24.102713
2024-03-28 15:00:00,DK1,33.17,79.9068,46.7368
2024-03-28 15:00:00,DK2,34.99,26.88651,-8.103491
2024-03-28 16:00:00,DK1,52.72,61.018753,8.298752
2024-03-28 16:00:00,DK2,44.33,40.45723,-3.8727722
2024-03-28 17:00:00,DK1,63.68,89.55211,25.872108
2024-03-28 17:00:00,DK2,63.68,45.94432,-17.73568
2024-03-28 18:00:00,DK1,62.17,74.811584,12.641586
2024-03-28 18:00:00,DK2,62.17,42.052956,-20.117043
2024-03-28 19:00:00,DK1,54.84,63.863594,9.023594
2024-03-28 19:00:00,DK2,38.92,43.575005,4.6550064
2024-03-28 20:00:00,DK1,51.83,30.497194,-21.332808
2024-03-28 20:00:00,DK2,36.1,36.38624,0.28623962
2024-03-28 21:00:00,DK1,33.05,31.441498,-1.6085014
2024-03-28 21:00:00,DK2,31.12,24.868055,-6.2519455
2024-03-28 22:00:00,DK1,25.0,18.365698,-6.634302
2024-03-28 22:00:00,DK2,24.08,20.077917,-4.002083
2024-03-28 23:00:00,DK1,20.6,16.110447,-4.4895535
2024-03-28 23:00:00,DK2,20.6,11.648278,-8.951722
2024-03-29 00:00:00,DK1,18.83,7.9892282,-10.840772
2024-03-29 00:00:00,DK2,18.38,7.2655153,-11.114484
2024-03-29 01:00:00,DK1,12.43,3.2226057,-9.207395
2024-03-29 01:00:00,DK2,12.13,4.7716455,-7.3583546
2024-03-29 02:00:00,DK1,10.24,2.2533815,-7.986618
2024-03-29 02:00:00,DK2,9.99,4.309191,-5.6808085
2024-03-29 03:00:00,DK1,12.59,4.4329486,-8.157051
2024-03-29 03:00:00,DK2,12.01,5.5410023,-6.468998
2024-03-29 04:00:00,DK1,14.32,9.995518,-4.324482
2024-03-29 04:00:00,DK2,12.77,7.419286,-5.3507147
2024-03-29 05:00:00,DK1,22.02,22.529549,0.5095482
2024-03-29 05:00:00,DK2,21.49,13.474296,-8.015704
2024-03-29 06:00:00,DK1,22.39,33.204666,10.814667
2024-03-29 06:00:00,DK2,22.39,18.802172,-3.5878277
2024-03-29 07:00:00,DK1,15.94,34.023224,18.083225
2024-03-29 07:00:00,DK2,15.94,16.965525,1.0255251
2024-03-29 08:00:00,DK1,13.28,18.27703,4.997031
2024-03-29 08:00:00,DK2,13.28,13.837442,0.55744267
2024-03-29 09:00:00,DK1,16.88,9.22275,-7.6572495
2024-03-29 09:00:00,DK2,16.88,10.380577,-6.499422
2024-03-29 10:00:00,DK1,18.83,8.568777,-10.261223
2024-03-29 10:00:00,DK2,18.83,9.376752,-9.453248
2024-03-29 11:00:00,DK1,13.0,15.913088,2.9130878
2024-03-29 11:00:00,DK2,13.0,10.158189,-2.8418112
2024-03-29 12:00:00,DK1,9.86,15.909342,6.049342
2024-03-29 12:00:00,DK2,9.86,10.350872,0.49087238
2024-03-29 13:00:00,DK1,13.44,16.57413,3.1341295
2024-03-29 13:00:00,DK2,13.44,12.534284,-0.90571594
2024-03-29 14:00:00,DK1,21.58,33.99601,12.41601
2024-03-29 14:00:00,DK2,26.19,22.910055,-3.2799454
2024-03-29 15:00:00,DK1,49.5,62.7759,13.275902
2024-03-29 15:00:00,DK2,44.89,42.42948,-2.460518
2024-03-29 16:00:00,DK1,79.93,86.79189,6.8618927
2024-03-29 16:00:00,DK2,79.93,65.44566,-14.484337
2024-03-29 17:00:00,DK1,101.97,93.95331,-8.016693
2024-03-29 17:00:00,DK2,101.97,94.31042,-7.659584
2024-03-29 18:00:00,DK1,105.45,103.03441,-2.4155884
2024-03-29 18:00:00,DK2,105.45,97.58852,-7.8614807
2024-03-29 19:00:00,DK1,87.4,107.26976,19.869759
2024-03-29 19:00:00,DK2,87.4,82.51703,-4.8829727
2024-03-29 20:00:00,DK1,79.93,81.37817,1.4481659
2024-03-29 20:00:00,DK2,79.93,72.55741,-7.372589
2024-03-29 21:00:00,DK1,75.89,66.02535,-9.864647
2024-03-29 21:00:00,DK2,75.89,72.00344,-3.8865585
2024-03-29 22:00:00,DK1,70.0,65.66267,-4.3373337
2024-03-29 22:00:00,DK2,70.0,56.00145,-13.99855
2024-03-29 23:00:00,DK1,69.3,67.16635,-2.1336517
2024-03-29 23:00:00,DK2,69.3,60.067078,-9.232925
2024-03-30 00:00:00,DK1,58.16,65.70764,7.5476418
2024-03-30 00:00:00,DK2,58.16,55.38018,-2.7798195
2024-03-30 01:00:00,DK1,58.88,57.642776,-1.2372246
2024-03-30 01:00:00,DK2,58.88,59.028168,0.14816666
2024-03-30 02:00:00,DK1,58.95,67.70376,8.753757
2024-03-30 02:00:00,DK2,58.95,58.168495,-0.7815056
2024-03-30 03:00:00,DK1,59.23,50.256348,-8.973652
2024-03-30 03:00:00,DK2,59.23,55.879807,-3.350193
2024-03-30 04:00:00,DK1,65.05,51.3403,-13.709702
2024-03-30 04:00:00,DK2,65.05,57.66391,-7.386093
2024-03-30 05:00:00,DK1,58.57,60.31978,1.7497787
2024-03-30 05:00:00,DK2,58.57,59.63057,1.0605698
2024-03-30 06:00:00,DK1,47.79,60.656082,12.866081
2024-03-30 06:00:00,DK2,47.79,54.19731,6.4073105
2024-03-30 07:00:00,DK1,45.23,39.48645,-5.7435493
2024-03-30 07:00:00,DK2,45.23,47.16163,1.9316292
2024-03-30 08:00:00,DK1,46.18,29.064707,-17.115294
2024-03-30 08:00:00,DK2,41.83,39.384163,-2.445839
2024-03-30 09:00:00,DK1,36.07,24.738264,-11.331736
2024-03-30 09:00:00,DK2,36.04,29.93292,-6.1070805
2024-03-30 10:00:00,DK1,25.08,20.5323,-4.547699
2024-03-30 10:00:00,DK2,25.08,28.773714,3.6937141
2024-03-30 11:00:00,DK1,25.74,22.099043,-3.6409569
2024-03-30 11:00:00,DK2,25.74,25.433603,-0.30639648
2024-03-30 12:00:00,DK1,13.15,18.807577,5.6575775
2024-03-30 12:00:00,DK2,12.75,22.444777,9.694777
2024-03-30 13:00:00,DK1,15.87,23.683962,7.813962
2024-03-30 13:00:00,DK2,16.26,23.149595,6.889595
2024-03-30 14:00:00,DK1,34.2,32.642563,-1.5574379
2024-03-30 14:00:00,DK2,35.04,28.02715,-7.0128517
2024-03-30 15:00:00,DK1,52.52,55.083733,2.5637321
2024-03-30 15:00:00,DK2,51.29,41.166344,-10.123657
2024-03-30 16:00:00,DK1,77.75,79.88101,2.131012
2024-03-30 16:00:00,DK2,56.66,65.78763,9.127628
2024-03-30 17:00:00,DK1,88.11,88.31114,0.20114136
2024-03-30 17:00:00,DK2,88.11,63.16667,-24.943329
2024-03-30 18:00:00,DK1,59.31,94.638664,35.328663
2024-03-30 18:00:00,DK2,59.31,67.934845,8.624844
2024-03-30 19:00:00,DK1,59.22,47.912773,-11.307228
2024-03-30 19:00:00,DK2,59.22,46.556793,-12.663208
2024-03-30 20:00:00,DK1,59.03,63.26734,4.237343
2024-03-30 20:00:00,DK2,59.03,54.902596,-4.1274033
2024-03-30 21:00:00,DK1,70.83,46.312553,-24.517448
2024-03-30 21:00:00,DK2,70.83,51.754623,-19.075378
2024-03-30 22:00:00,DK1,65.74,58.292236,-7.4477615
2024-03-30 22:00:00,DK2,65.74,55.18554,-10.554459
2024-03-30 23:00:00,DK1,75.7,56.207016,-19.492981
2024-03-30 23:00:00,DK2,75.7,49.385254,-26.314743
2024-03-31 00:00:00,DK1,66.71,58.75631,-7.9536896
2024-03-31 00:00:00,DK2,66.71,56.510582,-10.199417
2024-03-31 01:00:00,DK1,64.98,58.239555,-6.740448
2024-03-31 01:00:00,DK2,64.98,53.51676,-11.463242
2024-03-31 02:00:00,DK1,60.48,55.49385,-4.986149
2024-03-31 02:00:00,DK2,60.48,52.501205,-7.978794
2024-03-31 03:00:00,DK1,58.74,51.04158,-7.6984215
2024-03-31 03:00:00,DK2,58.74,51.643127,-7.096874
2024-03-31 04:00:00,DK1,64.46,52.999557,-11.460442
2024-03-31 04:00:00,DK2,64.46,54.50657,-9.95343
2024-03-31 05:00:00,DK1,71.51,64.93396,-6.576042
2024-03-31 05:00:00,DK2,71.51,71.08557,-0.42443085
2024-03-31 06:00:00,DK1,65.03,81.805725,16.775726
2024-03-31 06:00:00,DK2,65.03,67.14872,2.118721
2024-03-31 07:00:00,DK1,50.32,65.31603,14.996033
2024-03-31 07:00:00,DK2,49.31,52.342384,3.032383
2024-03-31 08:00:00,DK1,41.03,29.215643,-11.814356
2024-03-31 08:00:00,DK2,42.04,24.984652,-17.05535
2024-03-31 09:00:00,DK1,35.37,12.898361,-22.471638
2024-03-31 09:00:00,DK2,35.37,13.352988,-22.01701
2024-03-31 10:00:00,DK1,35.46,6.0856476,-29.374352
2024-03-31 10:00:00,DK2,35.46,10.751297,-24.708702
2024-03-31 11:00:00,DK1,33.1,8.161587,-24.938412
2024-03-31 11:00:00,DK2,33.1,11.099344,-22.000654
2024-03-31 12:00:00,DK1,30.68,9.666448,-21.013554
2024-03-31 12:00:00,DK2,30.68,11.904565,-18.775436
2024-03-31 13:00:00,DK1,32.6,13.032033,-19.567966
2024-03-31 13:00:00,DK2,32.6,17.505136,-15.094862
2024-03-31 14:00:00,DK1,41.07,33.35621,-7.713791
2024-03-31 14:00:00,DK2,41.07,26.141005,-14.928995
2024-03-31 15:00:00,DK1,66.74,58.968437,-7.7715607
2024-03-31 15:00:00,DK2,66.74,52.826035,-13.913963
2024-03-31 16:00:00,DK1,89.32,101.34761,12.027611
2024-03-31 16:00:00,DK2,89.32,90.41254,1.0925369
2024-03-31 17:00:00,DK1,117.29,108.52434,-8.765663
2024-03-31 17:00:00,DK2,117.29,111.94591,-5.3440933
2024-03-31 18:00:00,DK1,83.72,122.097046,38.377045
2024-03-31 18:00:00,DK2,83.72,95.261475,11.541473
2024-03-31 19:00:00,DK1,70.0,54.517876,-15.482124
2024-03-31 19:00:00,DK2,70.0,60.402794,-9.597206
2024-03-31 20:00:00,DK1,64.51,57.645073,-6.864929
2024-03-31 20:00:00,DK2,64.51,54.049812,-10.46019
2024-03-31 21:00:00,DK1,54.9,58.263794,3.3637924
2024-03-31 21:00:00,DK2,54.9,53.47663,-1.4233704
2024-03-31 22:00:00,DK1,49.95,46.94516,-3.0048409
2024-03-31 22:00:00,DK2,49.95,47.53038,-2.4196205
2024-03-31 23:00:00,DK1,48.98,38.251595,-10.728405
2024-03-31 23:00:00,DK2,48.98,45.15084,-3.8291588
2024-04-01 00:00:00,DK1,46.06,34.54235,-11.517651
2024-04-01 00:00:00,DK2,46.06,39.487343,-6.5726585
2024-04-01 01:00:00,DK1,43.58,34.51709,-9.062912
2024-04-01 01:00:00,DK2,43.58,30.897879,-12.682123
2024-04-01 02:00:00,DK1,49.4,28.858828,-20.541174
2024-04-01 02:00:00,DK2,49.4,29.733915,-19.666086
2024-04-01 03:00:00,DK1,52.35,43.409683,-8.940315
2024-04-01 03:00:00,DK2,52.35,45.13224,-7.217758
2024-04-01 04:00:00,DK1,58.71,57.495216,-1.2147827
2024-04-01 04:00:00,DK2,58.71,43.337036,-15.372963
2024-04-01 05:00:00,DK1,64.49,73.58614,9.096146
2024-04-01 05:00:00,DK2,64.49,61.874786,-2.6152115
2024-04-01 06:00:00,DK1,58.71,80.34737,21.637367
2024-04-01 06:00:00,DK2,58.71,67.40135,8.691353
2024-04-01 07:00:00,DK1,60.89,43.99492,-16.89508
2024-04-01 07:00:00,DK2,60.89,42.033333,-18.856667
2024-04-01 08:00:00,DK1,54.36,38.537407,-15.822594
2024-04-01 08:00:00,DK2,54.36,41.19757,-13.16243
2024-04-01 09:00:00,DK1,44.78,29.051205,-15.728794
2024-04-01 09:00:00,DK2,30.39,30.025705,-0.36429405
2024-04-01 10:00:00,DK1,48.75,18.770279,-29.979721
2024-04-01 10:00:00,DK2,18.04,21.056505,3.0165043
2024-04-01 11:00:00,DK1,35.19,15.772234,-19.417765
2024-04-01 11:00:00,DK2,20.05,13.373187,-6.676812
2024-04-01 12:00:00,DK1,34.02,14.803972,-19.216028
2024-04-01 12:00:00,DK2,10.03,18.66301,8.63301
2024-04-01 13:00:00,DK1,43.68,21.206072,-22.473928
2024-04-01 13:00:00,DK2,4.47,16.991066,12.521067
2024-04-01 14:00:00,DK1,44.4,24.73363,-19.666372
2024-04-01 14:00:00,DK2,4.12,14.670702,10.550702
2024-04-01 15:00:00,DK1,40.77,37.837814,-2.9321861
2024-04-01 15:00:00,DK2,13.15,20.265755,7.115755
2024-04-01 16:00:00,DK1,48.86,57.387817,8.527817
2024-04-01 16:00:00,DK2,34.61,34.311607,-0.29839325
2024-04-01 17:00:00,DK1,50.08,73.22781,23.147812
2024-04-01 17:00:00,DK2,48.53,26.50751,-22.02249
2024-04-01 18:00:00,DK1,51.12,67.96054,16.840542
2024-04-01 18:00:00,DK2,49.88,63.772408,13.892406
2024-04-01 19:00:00,DK1,48.99,60.341568,11.351566
2024-04-01 19:00:00,DK2,45.69,27.228476,-18.461523
2024-04-01 20:00:00,DK1,41.0,19.655832,-21.344168
2024-04-01 20:00:00,DK2,25.97,34.05255,8.082552
2024-04-01 21:00:00,DK1,29.63,27.026701,-2.6032982
2024-04-01 21:00:00,DK2,7.47,20.497908,13.027908
2024-04-01 22:00:00,DK1,43.36,30.066914,-13.293087
2024-04-01 22:00:00,DK2,7.97,17.084175,9.114176
2024-04-01 23:00:00,DK1,36.33,32.88491,-3.4450912
2024-04-01 23:00:00,DK2,1.28,7.3076434,6.027643
2024-04-02 00:00:00,DK1,16.46,18.518906,2.0589066
2024-04-02 00:00:00,DK2,0.61,3.1032524,2.4932523
2024-04-02 01:00:00,DK1,7.54,11.420778,3.8807783
2024-04-02 01:00:00,DK2,0.87,0.84684193,-0.023158073
2024-04-02 02:00:00,DK1,1.94,8.058147,6.1181474
2024-04-02 02:00:00,DK2,1.94,0.33840013,-1.6015999
2024-04-02 03:00:00,DK1,7.27,6.267061,-1.0029387
2024-04-02 03:00:00,DK2,7.27,1.6152928,-5.654707
2024-04-02 04:00:00,DK1,57.22,24.209688,-33.010315
2024-04-02 04:00:00,DK2,57.22,11.069193,-46.15081
2024-04-02 05:00:00,DK1,74.36,75.86948,1.5094757
2024-04-02 05:00:00,DK2,74.36,54.783997,-19.576004
2024-04-02 06:00:00,DK1,68.93,92.934586,24.004585
2024-04-02 06:00:00,DK2,67.28,79.35603,12.076035
2024-04-02 07:00:00,DK1,46.98,60.27597,13.295971
2024-04-02 07:00:00,DK2,46.82,51.393723,4.573723
2024-04-02 08:00:00,DK1,38.29,29.933645,-8.356356
2024-04-02 08:00:00,DK2,38.29,28.091785,-10.1982155
2024-04-02 09:00:00,DK1,39.3,13.929217,-25.37078
2024-04-02 09:00:00,DK2,39.3,21.216206,-18.083794
2024-04-02 10:00:00,DK1,40.07,14.092388,-25.977612
2024-04-02 10:00:00,DK2,39.28,23.322142,-15.957857
2024-04-02 11:00:00,DK1,43.63,22.657913,-20.972088
2024-04-02 11:00:00,DK2,38.37,23.480764,-14.889235
2024-04-02 12:00:00,DK1,33.38,32.18789,-1.192112
2024-04-02 12:00:00,DK2,33.38,26.578197,-6.8018036
2024-04-02 13:00:00,DK1,25.1,40.896255,15.796255
2024-04-02 13:00:00,DK2,25.1,29.141195,4.041195
2024-04-02 14:00:00,DK1,8.83,49.686256,40.856255
2024-04-02 14:00:00,DK2,8.83,25.614775,16.784775
2024-04-02 15:00:00,DK1,41.46,38.750694,-2.7093048
2024-04-02 15:00:00,DK2,41.2,31.118584,-10.081417
2024-04-02 16:00:00,DK1,72.7,93.24858,20.548584
2024-04-02 16:00:00,DK2,72.7,76.43358,3.7335815
2024-04-02 17:00:00,DK1,95.39,107.28354,11.893539
2024-04-02 17:00:00,DK2,95.39,99.65137,4.261368
2024-04-02 18:00:00,DK1,94.88,111.51447,16.634476
2024-04-02 18:00:00,DK2,94.88,110.20218,15.322182
2024-04-02 19:00:00,DK1,78.13,113.60829,35.478294
2024-04-02 19:00:00,DK2,78.13,100.664734,22.534737
2024-04-02 20:00:00,DK1,74.86,89.374916,14.514915
2024-04-02 20:00:00,DK2,74.86,63.56508,-11.294922
2024-04-02 21:00:00,DK1,70.88,65.843605,-5.036392
2024-04-02 21:00:00,DK2,70.88,58.307632,-12.572365
2024-04-02 22:00:00,DK1,74.13,77.99989,3.869896
2024-04-02 22:00:00,DK2,74.13,48.605347,-25.52465
2024-04-02 23:00:00,DK1,71.75,78.55972,6.809723
2024-04-02 23:00:00,DK2,71.75,58.96826,-12.781738
2024-04-03 00:00:00,DK1,70.05,76.456894,6.406891
2024-04-03 00:00:00,DK2,70.05,60.2751,-9.774902
2024-04-03 01:00:00,DK1,64.66,70.365654,5.7056503
2024-04-03 01:00:00,DK2,64.66,56.300087,-8.359917
2024-04-03 02:00:00,DK1,64.89,67.55353,2.6635284
2024-04-03 02:00:00,DK2,64.89,59.377716,-5.5122833
2024-04-03 03:00:00,DK1,68.73,77.871994,9.141991
2024-04-03 03:00:00,DK2,68.73,61.828392,-6.9016113
2024-04-03 04:00:00,DK1,94.91,76.04069,-18.869316
2024-04-03 04:00:00,DK2,94.91,73.643555,-21.266449
2024-04-03 05:00:00,DK1,117.93,108.670944,-9.259056
2024-04-03 05:00:00,DK2,117.93,112.97275,-4.9572525
2024-04-03 06:00:00,DK1,117.93,127.3472,9.417198
2024-04-03 06:00:00,DK2,117.93,121.398094,3.4680939
2024-04-03 07:00:00,DK1,100.98,99.9864,-0.99360657
2024-04-03 07:00:00,DK2,100.98,93.581436,-7.398567
2024-04-03 08:00:00,DK1,107.35,86.51054,-20.839462
2024-04-03 08:00:00,DK2,107.35,80.18236,-27.16764
2024-04-03 09:00:00,DK1,90.81,86.44649,-4.36351
2024-04-03 09:00:00,DK2,90.81,84.28027,-6.529724
2024-04-03 10:00:00,DK1,82.03,88.08992,6.0599213
2024-04-03 10:00:00,DK2,82.03,79.87787,-2.1521301
2024-04-03 11:00:00,DK1,76.88,76.22997,-0.6500244
2024-04-03 11:00:00,DK2,76.88,72.143845,-4.7361526
2024-04-03 12:00:00,DK1,73.04,72.730774,-0.309227
2024-04-03 12:00:00,DK2,73.04,61.93248,-11.107521
2024-04-03 13:00:00,DK1,58.77,68.583954,9.813953
2024-04-03 13:00:00,DK2,71.32,55.050636,-16.269363
2024-04-03 14:00:00,DK1,60.97,63.150085,2.1800842
2024-04-03 14:00:00,DK2,74.86,55.63334,-19.226662
2024-04-03 15:00:00,DK1,70.31,81.25613,10.946129
2024-04-03 15:00:00,DK2,90.22,60.49942,-29.720581
2024-04-03 16:00:00,DK1,85.0,91.04399,6.043991
2024-04-03 16:00:00,DK2,108.14,80.65116,-27.488838
2024-04-03 17:00:00,DK1,106.59,103.13434,-3.455658
2024-04-03 17:00:00,DK2,120.35,106.479675,-13.870323
2024-04-03 18:00:00,DK1,99.14,115.23595,16.095947
2024-04-03 18:00:00,DK2,99.14,107.9706,8.830597
2024-04-03 19:00:00,DK1,74.71,84.8817,10.1717
2024-04-03 19:00:00,DK2,74.71,71.476715,-3.233284
2024-04-03 20:00:00,DK1,61.49,66.5954,5.1053963
2024-04-03 20:00:00,DK2,61.49,57.783592,-3.7064095
2024-04-03 21:00:00,DK1,55.33,44.73124,-10.5987625
2024-04-03 21:00:00,DK2,55.33,43.01506,-12.314941
2024-04-03 22:00:00,DK1,54.52,39.33589,-15.184109
2024-04-03 22:00:00,DK2,54.52,41.12603,-13.3939705
2024-04-03 23:00:00,DK1,52.01,42.033043,-9.976955
2024-04-03 23:00:00,DK2,52.01,40.797516,-11.212482
2024-04-04 00:00:00,DK1,50.17,40.701103,-9.468895
2024-04-04 00:00:00,DK2,50.17,41.86149,-8.30851
2024-04-04 01:00:00,DK1,51.57,45.450653,-6.1193466
2024-04-04 01:00:00,DK2,51.57,41.518715,-10.051285
2024-04-04 02:00:00,DK1,51.94,41.629272,-10.310726
2024-04-04 02:00:00,DK2,51.94,43.16678,-8.77322
2024-04-04 03:00:00,DK1,54.08,49.96261,-4.1173935
2024-04-04 03:00:00,DK2,54.08,42.439857,-11.640144
2024-04-04 04:00:00,DK1,60.9,56.47667,-4.423332
2024-04-04 04:00:00,DK2,60.9,49.632057,-11.267944
2024-04-04 05:00:00,DK1,65.47,73.3685,7.8984985
2024-04-04 05:00:00,DK2,77.26,53.260513,-23.999489
2024-04-04 06:00:00,DK1,75.33,61.94097,-13.38903
2024-04-04 06:00:00,DK2,75.33,67.24753,-8.082474
2024-04-04 07:00:00,DK1,71.79,65.168,-6.6220016
2024-04-04 07:00:00,DK2,71.79,65.20529,-6.584709
2024-04-04 08:00:00,DK1,69.17,59.57148,-9.598518
2024-04-04 08:00:00,DK2,69.17,57.199272,-11.970726
2024-04-04 09:00:00,DK1,63.06,51.075005,-11.984997
2024-04-04 09:00:00,DK2,63.06,50.91617,-12.143833
2024-04-04 10:00:00,DK1,58.08,47.657097,-10.422905
2024-04-04 10:00:00,DK2,58.08,45.604492,-12.47551
2024-04-04 11:00:00,DK1,56.22,41.790604,-14.429398
2024-04-04 11:00:00,DK2,56.22,42.445114,-13.774887
2024-04-04 12:00:00,DK1,55.49,47.241264,-8.248737
2024-04-04 12:00:00,DK2,55.49,40.98551,-14.50449
2024-04-04 13:00:00,DK1,56.17,62.796585,6.626587
2024-04-04 13:00:00,DK2,56.17,44.67241,-11.497589
2024-04-04 14:00:00,DK1,57.08,69.83483,12.754829
2024-04-04 14:00:00,DK2,57.08,48.923676,-8.156326
2024-04-04 15:00:00,DK1,69.08,82.38074,13.300735
2024-04-04 15:00:00,DK2,69.08,61.724915,-7.3550873
2024-04-04 16:00:00,DK1,75.36,93.33702,17.97702
2024-04-04 16:00:00,DK2,75.36,75.22874,-0.13126373
2024-04-04 17:00:00,DK1,90.48,93.86577,3.385765
2024-04-04 17:00:00,DK2,90.66,78.42169,-12.238312
2024-04-04 18:00:00,DK1,69.8,89.28757,19.487564
2024-04-04 18:00:00,DK2,80.58,74.08551,-6.4944916
2024-04-04 19:00:00,DK1,61.73,50.906982,-10.823017
2024-04-04 19:00:00,DK2,71.53,66.04227,-5.487732
2024-04-04 20:00:00,DK1,58.92,57.33303,-1.5869675
2024-04-04 20:00:00,DK2,69.76,50.07924,-19.680763
2024-04-04 21:00:00,DK1,57.67,45.306717,-12.363281
2024-04-04 21:00:00,DK2,57.67,51.145355,-6.524643
2024-04-04 22:00:00,DK1,52.85,56.53044,3.6804428
2024-04-04 22:00:00,DK2,46.78,40.675392,-6.1046066
2024-04-04 23:00:00,DK1,51.2,33.763863,-17.436138
2024-04-04 23:00:00,DK2,48.27,43.12401,-5.1459923
2024-04-05 00:00:00,DK1,49.95,45.180008,-4.769993
2024-04-05 00:00:00,DK2,47.52,34.298866,-13.221134
2024-04-05 01:00:00,DK1,47.91,31.391817,-16.518183
2024-04-05 01:00:00,DK2,46.53,35.830116,-10.6998825
2024-04-05 02:00:00,DK1,47.37,35.69664,-11.673359
2024-04-05 02:00:00,DK2,47.37,30.442804,-16.927195
2024-04-05 03:00:00,DK1,47.29,34.021866,-13.268135
2024-04-05 03:00:00,DK2,47.29,32.87075,-14.4192505
2024-04-05 04:00:00,DK1,60.16,64.10221,3.9422112
2024-04-05 04:00:00,DK2,74.46,37.985855,-36.474144
2024-04-05 05:00:00,DK1,76.79,78.735115,1.9451141
2024-04-05 05:00:00,DK2,82.22,73.76428,-8.455719
2024-04-05 06:00:00,DK1,80.0,96.50949,16.509491
2024-04-05 06:00:00,DK2,81.0,77.79697,-3.2030334
2024-04-05 07:00:00,DK1,67.59,63.781723,-3.8082733
2024-04-05 07:00:00,DK2,66.59,66.317,-0.272995
2024-04-05 08:00:00,DK1,50.5,66.031006,15.531006
2024-04-05 08:00:00,DK2,50.5,57.62918,7.129181
2024-04-05 09:00:00,DK1,45.54,35.308548,-10.231453
2024-04-05 09:00:00,DK2,45.54,43.802673,-1.7373276
2024-04-05 10:00:00,DK1,44.43,31.170258,-13.259743
2024-04-05 10:00:00,DK2,44.43,34.198654,-10.231346
2024-04-05 11:00:00,DK1,40.03,31.746515,-8.2834835
2024-04-05 11:00:00,DK2,40.03,31.291319,-8.73868
2024-04-05 12:00:00,DK1,37.07,25.92582,-11.14418
2024-04-05 12:00:00,DK2,37.07,23.960451,-13.109549
2024-04-05 13:00:00,DK1,23.69,17.310213,-6.3797874
2024-04-05 13:00:00,DK2,31.04,17.323088,-13.716913
2024-04-05 14:00:00,DK1,8.09,8.640696,0.5506954
2024-04-05 14:00:00,DK2,27.61,13.036922,-14.573078
2024-04-05 15:00:00,DK1,37.46,8.560072,-28.899927
2024-04-05 15:00:00,DK2,39.99,19.050274,-20.939728
2024-04-05 16:00:00,DK1,49.65,58.14766,8.497658
2024-04-05 16:00:00,DK2,49.65,39.108963,-10.5410385
2024-04-05 17:00:00,DK1,53.4,74.951324,21.551323
2024-04-05 17:00:00,DK2,53.4,45.762283,-7.637718
2024-04-05 18:00:00,DK1,53.92,38.17044,-15.7495575
2024-04-05 18:00:00,DK2,53.92,39.910065,-14.009933
2024-04-05 19:00:00,DK1,53.4,40.07289,-13.32711
2024-04-05 19:00:00,DK2,53.4,37.43341,-15.966591
2024-04-05 20:00:00,DK1,52.73,48.279594,-4.450405
2024-04-05 20:00:00,DK2,52.73,35.472244,-17.257755
2024-04-05 21:00:00,DK1,49.62,49.944305,0.3243065
2024-04-05 21:00:00,DK2,49.62,30.326387,-19.293612
2024-04-05 22:00:00,DK1,42.31,35.921387,-6.3886147
2024-04-05 22:00:00,DK2,42.05,31.991346,-10.058653
2024-04-05 23:00:00,DK1,43.78,37.158485,-6.6215134
2024-04-05 23:00:00,DK2,43.78,28.680597,-15.099401
2024-04-06 00:00:00,DK1,44.0,33.662254,-10.337746
2024-04-06 00:00:00,DK2,44.0,35.502403,-8.497597
2024-04-06 01:00:00,DK1,44.87,49.377144,4.507145
2024-04-06 01:00:00,DK2,44.87,36.276215,-8.593784
2024-04-06 02:00:00,DK1,47.51,44.130325,-3.379673
2024-04-06 02:00:00,DK2,47.51,41.097656,-6.412342
2024-04-06 03:00:00,DK1,48.25,45.598267,-2.6517334
2024-04-06 03:00:00,DK2,48.25,39.794632,-8.455368
2024-04-06 04:00:00,DK1,49.94,46.077698,-3.8623009
2024-04-06 04:00:00,DK2,49.94,43.34429,-6.595707
2024-04-06 05:00:00,DK1,51.26,52.478966,1.2189674
2024-04-06 05:00:00,DK2,51.26,46.33001,-4.929989
2024-04-06 06:00:00,DK1,50.23,60.28936,10.0593605
2024-04-06 06:00:00,DK2,50.23,53.16439,2.934391
2024-04-06 07:00:00,DK1,48.25,41.61943,-6.6305695
2024-04-06 07:00:00,DK2,48.25,48.365547,0.11554718
2024-04-06 08:00:00,DK1,29.42,28.86466,-0.5553398
2024-04-06 08:00:00,DK2,39.12,28.097229,-11.02277
2024-04-06 09:00:00,DK1,4.6,10.863573,6.263573
2024-04-06 09:00:00,DK2,39.99,12.208595,-27.781406
2024-04-06 10:00:00,DK1,16.5,4.601054,-11.898946
2024-04-06 10:00:00,DK2,39.55,13.459983,-26.090015
2024-04-06 11:00:00,DK1,2.0,4.484954,2.4849539
2024-04-06 11:00:00,DK2,37.84,14.236305,-23.603695
2024-04-06 12:00:00,DK1,0.04,4.3029795,4.2629795
2024-04-06 12:00:00,DK2,34.92,14.229433,-20.690565
2024-04-06 13:00:00,DK1,0.06,6.5184584,6.4584584
2024-04-06 13:00:00,DK2,39.21,16.471846,-22.738153
2024-04-06 14:00:00,DK1,0.1,10.404391,10.304391
2024-04-06 14:00:00,DK2,39.87,20.691984,-19.178015
2024-04-06 15:00:00,DK1,15.81,12.1266365,-3.683364
2024-04-06 15:00:00,DK2,46.28,33.245995,-13.034004
2024-04-06 16:00:00,DK1,52.7,61.868225,9.168224
2024-04-06 16:00:00,DK2,52.7,42.265594,-10.434406
2024-04-06 17:00:00,DK1,50.96,52.206642,1.2466431
2024-04-06 17:00:00,DK2,58.37,55.681915,-2.6880836
2024-04-06 18:00:00,DK1,46.88,43.480446,-3.3995552
2024-04-06 18:00:00,DK2,48.28,45.685997,-2.5940018
2024-04-06 19:00:00,DK1,43.71,32.731705,-10.978294
2024-04-06 19:00:00,DK2,45.02,46.684433,1.6644325
2024-04-06 20:00:00,DK1,39.65,32.49317,-7.15683
2024-04-06 20:00:00,DK2,39.86,34.429703,-5.430298
2024-04-06 21:00:00,DK1,25.26,29.6633,4.4032993
2024-04-06 21:00:00,DK2,25.26,26.772827,1.5128269
2024-04-06 22:00:00,DK1,10.97,15.72613,4.7561293
2024-04-06 22:00:00,DK2,11.3,15.499529,4.1995287
2024-04-06 23:00:00,DK1,0.09,6.481926,6.391926
2024-04-06 23:00:00,DK2,0.1,6.1282883,6.0282884
2024-04-07 00:00:00,DK1,0.0,1.6282656,1.6282656
2024-04-07 00:00:00,DK2,0.0,0.57689476,0.57689476
2024-04-07 01:00:00,DK1,0.0,-1.1454208,-1.1454208
2024-04-07 01:00:00,DK2,0.0,-1.4596179,-1.4596179
2024-04-07 02:00:00,DK1,0.0,0.53384733,0.53384733
2024-04-07 02:00:00,DK2,0.0,-0.35439682,-0.35439682
2024-04-07 03:00:00,DK1,0.0,10.321508,10.321508
2024-04-07 03:00:00,DK2,0.0,7.451969,7.451969
2024-04-07 04:00:00,DK1,0.0,4.940947,4.940947
2024-04-07 04:00:00,DK2,0.0,5.897633,5.897633
2024-04-07 05:00:00,DK1,0.0,2.7814221,2.7814221
2024-04-07 05:00:00,DK2,0.0,3.727664,3.727664
2024-04-07 06:00:00,DK1,0.0,3.436726,3.436726
2024-04-07 06:00:00,DK2,0.0,2.5889955,2.5889955
2024-04-07 07:00:00,DK1,-0.01,5.4714813,5.4814816
2024-04-07 07:00:00,DK2,-0.01,4.7180414,4.7280416
2024-04-07 08:00:00,DK1,-0.16,2.44913,2.6091301
2024-04-07 08:00:00,DK2,-0.16,1.1239085,1.2839085
2024-04-07 09:00:00,DK1,-3.01,-1.1889179,1.8210821
2024-04-07 09:00:00,DK2,-3.01,0.80506957,3.8150697
2024-04-07 10:00:00,DK1,-4.1,-2.990447,1.1095529
2024-04-07 10:00:00,DK2,-3.99,-2.8676138,1.1223862
2024-04-07 11:00:00,DK1,-6.55,-3.4914012,3.058599
2024-04-07 11:00:00,DK2,-6.55,-3.0834355,3.4665647
2024-04-07 12:00:00,DK1,-10.0,-3.6229787,6.3770213
2024-04-07 12:00:00,DK2,-10.0,-2.5738873,7.4261127
2024-04-07 13:00:00,DK1,-5.04,-3.2401462,1.7998538
2024-04-07 13:00:00,DK2,-5.04,-4.226939,0.81306076
2024-04-07 14:00:00,DK1,-0.16,-5.7232614,-5.5632615
2024-04-07 14:00:00,DK2,-0.16,-3.7213564,-3.5613563
2024-04-07 15:00:00,DK1,4.28,4.502424,0.22242355
2024-04-07 15:00:00,DK2,6.92,-0.08503103,-7.005031
2024-04-07 16:00:00,DK1,38.72,0.9680983,-37.751904
2024-04-07 16:00:00,DK2,91.46,11.186014,-80.27399
2024-04-07 17:00:00,DK1,46.12,58.49214,12.372143
2024-04-07 17:00:00,DK2,108.39,50.936195,-57.453804
2024-04-07 18:00:00,DK1,47.79,81.071434,33.281433
2024-04-07 18:00:00,DK2,106.4,83.558365,-22.841637
2024-04-07 19:00:00,DK1,48.21,62.040154,13.830154
2024-04-07 19:00:00,DK2,89.95,74.154175,-15.795822
2024-04-07 20:00:00,DK1,45.69,46.1214,0.4314003
2024-04-07 20:00:00,DK2,77.46,69.63568,-7.824318
2024-04-07 21:00:00,DK1,42.75,43.682457,0.932457
2024-04-07 21:00:00,DK2,66.33,63.23654,-3.09346
2024-04-07 22:00:00,DK1,41.34,35.557205,-5.782795
2024-04-07 22:00:00,DK2,70.77,58.515038,-12.254959
2024-04-07 23:00:00,DK1,39.57,42.678246,3.1082458
2024-04-07 23:00:00,DK2,66.28,48.781433,-17.498566
2024-04-08 00:00:00,DK1,39.16,20.556683,-18.603317
2024-04-08 00:00:00,DK2,39.16,30.382414,-8.777586
2024-04-08 01:00:00,DK1,41.87,14.996382,-26.873617
2024-04-08 01:00:00,DK2,41.87,19.962502,-21.907497
2024-04-08 02:00:00,DK1,44.04,17.01045,-27.02955
2024-04-08 02:00:00,DK2,44.04,20.020826,-24.019175
2024-04-08 03:00:00,DK1,44.86,38.061905,-6.7980957
2024-04-08 03:00:00,DK2,66.34,42.00654,-24.333458
2024-04-08 04:00:00,DK1,50.51,55.696747,5.1867485
2024-04-08 04:00:00,DK2,101.99,65.15776,-36.832237
2024-04-08 05:00:00,DK1,53.16,80.55022,27.390217
2024-04-08 05:00:00,DK2,149.78,88.49217,-61.287827
2024-04-08 06:00:00,DK1,58.0,92.384,34.384003
2024-04-08 06:00:00,DK2,128.52,106.45329,-22.066711
2024-04-08 07:00:00,DK1,80.88,76.85504,-4.0249557
2024-04-08 07:00:00,DK2,85.51,95.565674,10.055672
2024-04-08 08:00:00,DK1,54.02,60.273582,6.253582
2024-04-08 08:00:00,DK2,80.6,58.877945,-21.722054
2024-04-08 09:00:00,DK1,53.56,32.930397,-20.629604
2024-04-08 09:00:00,DK2,71.23,52.473755,-18.756248
2024-04-08 10:00:00,DK1,53.24,29.275177,-23.964825
2024-04-08 10:00:00,DK2,64.7,44.71897,-19.981026
2024-04-08 11:00:00,DK1,56.56,26.412867,-30.147135
2024-04-08 11:00:00,DK2,60.0,39.10624,-20.89376
2024-04-08 12:00:00,DK1,57.89,29.803513,-28.086487
2024-04-08 12:00:00,DK2,57.89,47.748238,-10.141762
2024-04-08 13:00:00,DK1,53.05,71.990685,18.940685
2024-04-08 13:00:00,DK2,63.4,71.30798,7.907982
2024-04-08 14:00:00,DK1,70.0,55.06983,-14.930168
2024-04-08 14:00:00,DK2,70.0,53.6688,-16.3312
2024-04-08 15:00:00,DK1,75.01,89.213615,14.203613
2024-04-08 15:00:00,DK2,75.01,84.941154,9.931152
2024-04-08 16:00:00,DK1,104.9,89.34994,-15.550064
2024-04-08 16:00:00,DK2,104.9,82.82033,-22.079674
2024-04-08 17:00:00,DK1,137.3,103.3827,-33.917305
2024-04-08 17:00:00,DK2,137.3,127.74534,-9.554665
2024-04-08 18:00:00,DK1,124.8,146.64261,21.842606
2024-04-08 18:00:00,DK2,124.8,117.61907,-7.180931
2024-04-08 19:00:00,DK1,84.85,108.91249,24.062492
2024-04-08 19:00:00,DK2,84.85,89.74539,4.8953934
2024-04-08 20:00:00,DK1,77.0,64.46618,-12.533821
2024-04-08 20:00:00,DK2,77.0,64.437904,-12.562096
2024-04-08 21:00:00,DK1,70.19,65.97708,-4.212921
2024-04-08 21:00:00,DK2,70.19,62.045135,-8.144867
2024-04-08 22:00:00,DK1,78.21,58.547432,-19.662567
2024-04-08 22:00:00,DK2,78.21,58.386833,-19.823166
2024-04-08 23:00:00,DK1,69.39,62.14759,-7.2424088
2024-04-08 23:00:00,DK2,69.39,57.246735,-12.143265
2024-04-09 00:00:00,DK1,64.73,59.08354,-5.6464615
2024-04-09 00:00:00,DK2,64.73,60.684853,-4.0451508
2024-04-09 01:00:00,DK1,59.02,56.2864,-2.7336006
2024-04-09 01:00:00,DK2,59.02,52.62372,-6.396282
2024-04-09 02:00:00,DK1,60.84,47.979828,-12.860172
2024-04-09 02:00:00,DK2,60.84,53.056877,-7.783123
2024-04-09 03:00:00,DK1,65.48,54.979416,-10.500587
2024-04-09 03:00:00,DK2,65.48,57.049652,-8.430351
2024-04-09 04:00:00,DK1,77.2,67.34424,-9.855759
2024-04-09 04:00:00,DK2,84.61,66.916725,-17.693275
2024-04-09 05:00:00,DK1,89.95,89.99869,0.048690796
2024-04-09 05:00:00,DK2,89.95,93.690956,3.7409592
2024-04-09 06:00:00,DK1,79.78,90.60394,10.823944
2024-04-09 06:00:00,DK2,79.78,85.53871,5.758713
2024-04-09 07:00:00,DK1,68.3,55.71982,-12.580185
2024-04-09 07:00:00,DK2,68.3,50.35537,-17.944633
2024-04-09 08:00:00,DK1,51.56,40.633987,-10.926014
2024-04-09 08:00:00,DK2,50.48,43.73851,-6.7414894
2024-04-09 09:00:00,DK1,43.98,30.485325,-13.494675
2024-04-09 09:00:00,DK2,45.07,32.262756,-12.807243
2024-04-09 10:00:00,DK1,36.05,22.700726,-13.349274
2024-04-09 10:00:00,DK2,37.53,29.645994,-7.8840046
2024-04-09 11:00:00,DK1,10.09,17.48823,7.3982296
2024-04-09 11:00:00,DK2,30.04,14.754601,-15.2854
2024-04-09 12:00:00,DK1,10.5,6.1631413,-4.3368587
2024-04-09 12:00:00,DK2,26.93,16.77557,-10.15443
2024-04-09 13:00:00,DK1,29.04,9.54048,-19.499521
2024-04-09 13:00:00,DK2,29.76,23.924902,-5.8350983
2024-04-09 14:00:00,DK1,38.27,39.295547,1.025547
2024-04-09 14:00:00,DK2,39.8,38.728737,-1.0712624
2024-04-09 15:00:00,DK1,49.9,69.46843,19.568428
2024-04-09 15:00:00,DK2,48.37,47.499733,-0.87026596
2024-04-09 16:00:00,DK1,52.41,80.31187,27.901867
2024-04-09 16:00:00,DK2,64.32,48.769135,-15.550865
2024-04-09 17:00:00,DK1,50.29,64.88108,14.59108
2024-04-09 17:00:00,DK2,79.79,44.228516,-35.561485
2024-04-09 18:00:00,DK1,50.81,58.178604,7.3686028
2024-04-09 18:00:00,DK2,59.95,49.600075,-10.349926
2024-04-09 19:00:00,DK1,48.22,41.584106,-6.635895
2024-04-09 19:00:00,DK2,48.22,33.818115,-14.401886
2024-04-09 20:00:00,DK1,45.0,25.687805,-19.312195
2024-04-09 20:00:00,DK2,45.0,27.509516,-17.490484
2024-04-09 21:00:00,DK1,34.54,20.947392,-13.592609
2024-04-09 21:00:00,DK2,34.54,20.793537,-13.746464
2024-04-09 22:00:00,DK1,12.9,11.51033,-1.3896694
2024-04-09 22:00:00,DK2,9.19,8.18266,-1.0073395
2024-04-09 23:00:00,DK1,5.1,3.7679152,-1.3320847
2024-04-09 23:00:00,DK2,4.1,2.8491187,-1.2508812
2024-04-10 00:00:00,DK1,5.0,-0.21753955,-5.21754
2024-04-10 00:00:00,DK2,1.56,1.3324517,-0.22754824
2024-04-10 01:00:00,DK1,8.99,-0.0040204525,-8.99402
2024-04-10 01:00:00,DK2,1.28,1.1977556,-0.082244396
2024-04-10 02:00:00,DK1,24.7,2.6540396,-22.045961
2024-04-10 02:00:00,DK2,0.17,3.2585053,3.0885053
2024-04-10 03:00:00,DK1,35.0,15.495808,-19.504192
2024-04-10 03:00:00,DK2,1.54,3.4295888,1.8895888
2024-04-10 04:00:00,DK1,35.01,33.874763,-1.1352348
2024-04-10 04:00:00,DK2,3.09,7.2943664,4.2043667
2024-04-10 05:00:00,DK1,40.53,41.7334,1.2033997
2024-04-10 05:00:00,DK2,13.58,14.97308,1.3930798
2024-04-10 06:00:00,DK1,41.79,51.083168,9.293167
2024-04-10 06:00:00,DK2,19.44,18.232824,-1.2071762
2024-04-10 07:00:00,DK1,41.48,33.1769,-8.303101
2024-04-10 07:00:00,DK2,15.64,13.31361,-2.3263903
2024-04-10 08:00:00,DK1,41.48,18.25276,-23.22724
2024-04-10 08:00:00,DK2,12.74,7.7163734,-5.0236263
2024-04-10 09:00:00,DK1,32.06,18.751894,-13.308107
2024-04-10 09:00:00,DK2,6.1,4.9875536,-1.1124463
2024-04-10 10:00:00,DK1,19.21,14.788254,-4.4217453
2024-04-10 10:00:00,DK2,1.59,4.261792,2.671792
2024-04-10 11:00:00,DK1,8.93,7.730891,-1.1991091
2024-04-10 11:00:00,DK2,0.36,2.8979394,2.5379395
2024-04-10 12:00:00,DK1,0.06,2.7959738,2.7359738
2024-04-10 12:00:00,DK2,0.0,1.1323347,1.1323347
2024-04-10 13:00:00,DK1,0.28,0.9202502,0.6402502
2024-04-10 13:00:00,DK2,0.01,0.92900765,0.91900766
2024-04-10 14:00:00,DK1,5.3,2.1574965,-3.1425037
2024-04-10 14:00:00,DK2,1.59,2.04033,0.4503299
2024-04-10 15:00:00,DK1,16.38,13.782616,-2.5973835
2024-04-10 15:00:00,DK2,16.38,4.43898,-11.941019
2024-04-10 16:00:00,DK1,82.65,38.642067,-44.007935
2024-04-10 16:00:00,DK2,82.65,24.956186,-57.693817
2024-04-10 17:00:00,DK1,145.46,89.57945,-55.880554
2024-04-10 17:00:00,DK2,145.46,74.643265,-70.81674
2024-04-10 18:00:00,DK1,141.1,126.2723,-14.827705
2024-04-10 18:00:00,DK2,141.1,126.95534,-14.144669
2024-04-10 19:00:00,DK1,96.85,133.62804,36.778038
2024-04-10 19:00:00,DK2,96.85,75.45728,-21.392715
2024-04-10 20:00:00,DK1,52.56,63.363518,10.803516
2024-04-10 20:00:00,DK2,52.56,82.93654,30.376537
2024-04-10 21:00:00,DK1,47.22,37.058006,-10.161995
2024-04-10 21:00:00,DK2,47.22,32.330368,-14.889633
2024-04-10 22:00:00,DK1,40.68,28.5205,-12.1595
2024-04-10 22:00:00,DK2,40.68,38.45865,-2.2213516
2024-04-10 23:00:00,DK1,26.67,23.092024,-3.5779762
2024-04-10 23:00:00,DK2,26.67,25.161556,-1.5084438
2024-04-11 00:00:00,DK1,22.2,11.502867,-10.697134
2024-04-11 00:00:00,DK2,22.2,15.733995,-6.4660053
2024-04-11 01:00:00,DK1,9.99,6.713462,-3.276538
2024-04-11 01:00:00,DK2,9.99,8.613428,-1.3765717
2024-04-11 02:00:00,DK1,7.98,2.8495035,-5.1304965
2024-04-11 02:00:00,DK2,1.57,5.098375,3.5283747
2024-04-11 03:00:00,DK1,20.0,1.6523376,-18.347662
2024-04-11 03:00:00,DK2,1.56,4.6974826,3.1374826
2024-04-11 04:00:00,DK1,25.75,5.348161,-20.401838
2024-04-11 04:00:00,DK2,2.61,3.7885954,1.1785955
2024-04-11 05:00:00,DK1,39.87,26.02957,-13.840429
2024-04-11 05:00:00,DK2,39.87,9.342767,-30.527233
2024-04-11 06:00:00,DK1,41.55,29.58986,-11.960138
2024-04-11 06:00:00,DK2,41.55,26.262304,-15.287695
2024-04-11 07:00:00,DK1,30.0,29.886349,-0.113651276
2024-04-11 07:00:00,DK2,30.0,37.429237,7.4292374
2024-04-11 08:00:00,DK1,10.05,22.604837,12.554837
2024-04-11 08:00:00,DK2,10.05,22.661242,12.611241
2024-04-11 09:00:00,DK1,0.86,11.825054,10.9650545
2024-04-11 09:00:00,DK2,0.86,9.810351,8.950352
2024-04-11 10:00:00,DK1,0.91,6.5806575,5.6706576
2024-04-11 10:00:00,DK2,0.91,6.455941,5.5459414
2024-04-11 11:00:00,DK1,1.1,5.1598864,4.0598865
2024-04-11 11:00:00,DK2,1.1,6.229126,5.129126
2024-04-11 12:00:00,DK1,0.57,22.66495,22.09495
2024-04-11 12:00:00,DK2,0.57,8.028775,7.458775
2024-04-11 13:00:00,DK1,12.88,12.7331915,-0.14680862
2024-04-11 13:00:00,DK2,12.88,8.594081,-4.285919
2024-04-11 14:00:00,DK1,8.68,29.496382,20.816381
2024-04-11 14:00:00,DK2,8.68,12.273403,3.5934029
2024-04-11 15:00:00,DK1,46.53,22.368399,-24.1616
2024-04-11 15:00:00,DK2,46.53,19.725752,-26.804247
2024-04-11 16:00:00,DK1,95.42,78.825584,-16.594414
2024-04-11 16:00:00,DK2,95.42,72.13198,-23.288017
2024-04-11 17:00:00,DK1,134.36,99.65054,-34.709457
2024-04-11 17:00:00,DK2,134.36,95.65582,-38.704178
2024-04-11 18:00:00,DK1,119.8,125.013824,5.2138214
2024-04-11 18:00:00,DK2,119.8,115.208626,-4.5913773
2024-04-11 19:00:00,DK1,91.05,102.56842,11.518417
2024-04-11 19:00:00,DK2,91.05,70.0352,-21.014801
2024-04-11 20:00:00,DK1,72.55,57.1736,-15.376404
2024-04-11 20:00:00,DK2,72.55,42.536842,-30.01316
2024-04-11 21:00:00,DK1,60.47,54.206543,-6.2634583
2024-04-11 21:00:00,DK2,60.47,40.53994,-19.930061
2024-04-11 22:00:00,DK1,45.54,49.36647,3.8264694
2024-04-11 22:00:00,DK2,45.54,39.116272,-6.423729
2024-04-11 23:00:00,DK1,43.57,47.043793,3.473793
2024-04-11 23:00:00,DK2,43.57,33.433456,-10.136543
2024-04-12 00:00:00,DK1,44.47,36.71463,-7.755371
2024-04-12 00:00:00,DK2,44.47,33.060314,-11.409687
2024-04-12 01:00:00,DK1,40.82,34.21663,-6.6033707
2024-04-12 01:00:00,DK2,40.82,26.999155,-13.820845
2024-04-12 02:00:00,DK1,40.0,26.497126,-13.502874
2024-04-12 02:00:00,DK2,40.0,32.97336,-7.026642
2024-04-12 03:00:00,DK1,40.0,34.97673,-5.0232697
2024-04-12 03:00:00,DK2,40.0,29.808187,-10.1918125
2024-04-12 04:00:00,DK1,41.29,45.04093,3.7509308
2024-04-12 04:00:00,DK2,41.29,39.5662,-1.7238007
2024-04-12 05:00:00,DK1,48.61,40.17533,-8.4346695
2024-04-12 05:00:00,DK2,48.61,40.024117,-8.585884
2024-04-12 06:00:00,DK1,69.27,40.953728,-28.316269
2024-04-12 06:00:00,DK2,69.27,45.93821,-23.331787
2024-04-12 07:00:00,DK1,65.59,43.726837,-21.86316
2024-04-12 07:00:00,DK2,65.59,53.123756,-12.46624
2024-04-12 08:00:00,DK1,42.86,37.26011,-5.5998917
2024-04-12 08:00:00,DK2,42.16,33.715435,-8.444565
2024-04-12 09:00:00,DK1,18.86,15.536037,-3.3239632
2024-04-12 09:00:00,DK2,24.94,23.686304,-1.2536964
2024-04-12 10:00:00,DK1,0.0,6.7146187,6.7146187
2024-04-12 10:00:00,DK2,20.09,10.489481,-9.600519
2024-04-12 11:00:00,DK1,-0.07,2.4899845,2.5599844
2024-04-12 11:00:00,DK2,4.98,6.670448,1.6904478
2024-04-12 12:00:00,DK1,0.01,2.1818604,2.1718605
2024-04-12 12:00:00,DK2,0.81,6.75554,5.94554
2024-04-12 13:00:00,DK1,0.18,6.7465124,6.5665126
2024-04-12 13:00:00,DK2,0.43,5.279835,4.8498354
2024-04-12 14:00:00,DK1,0.22,7.432638,7.2126384
2024-04-12 14:00:00,DK2,17.22,8.038581,-9.181418
2024-04-12 15:00:00,DK1,50.35,32.906334,-17.443665
2024-04-12 15:00:00,DK2,39.4,40.30063,0.90062714
2024-04-12 16:00:00,DK1,59.69,92.12119,32.431194
2024-04-12 16:00:00,DK2,47.12,62.59176,15.47176
2024-04-12 17:00:00,DK1,49.62,87.88661,38.266613
2024-04-12 17:00:00,DK2,47.15,40.96476,-6.1852417
2024-04-12 18:00:00,DK1,49.53,56.94451,7.4145126
2024-04-12 18:00:00,DK2,47.19,37.631714,-9.558285
2024-04-12 19:00:00,DK1,47.11,56.299156,9.189156
2024-04-12 19:00:00,DK2,47.11,28.798485,-18.311516
2024-04-12 20:00:00,DK1,45.89,40.0905,-5.7994995
2024-04-12 20:00:00,DK2,45.89,34.787216,-11.102783
2024-04-12 21:00:00,DK1,44.13,45.58625,1.4562492
2024-04-12 21:00:00,DK2,44.13,30.090504,-14.039497
2024-04-12 22:00:00,DK1,32.98,42.298088,9.318089
2024-04-12 22:00:00,DK2,23.46,29.16437,5.7043705
2024-04-12 23:00:00,DK1,25.92,24.479643,-1.4403572
2024-04-12 23:00:00,DK2,25.92,14.610567,-11.309433
2024-04-13 00:00:00,DK1,19.36,16.621958,-2.7380428
2024-04-13 00:00:00,DK2,19.36,9.348808,-10.011192
2024-04-13 01:00:00,DK1,17.53,13.608665,-3.9213352
2024-04-13 01:00:00,DK2,17.53,8.542592,-8.987409
2024-04-13 02:00:00,DK1,17.46,13.380047,-4.0799522
2024-04-13 02:00:00,DK2,17.46,8.507784,-8.952215
2024-04-13 03:00:00,DK1,23.31,11.266978,-12.043021
2024-04-13 03:00:00,DK2,23.31,12.442983,-10.867017
2024-04-13 04:00:00,DK1,27.83,14.504623,-13.3253765
2024-04-13 04:00:00,DK2,27.83,17.716644,-10.113356
2024-04-13 05:00:00,DK1,33.73,25.561544,-8.168455
2024-04-13 05:00:00,DK2,33.73,26.462431,-7.2675686
2024-04-13 06:00:00,DK1,22.6,34.15473,11.554731
2024-04-13 06:00:00,DK2,22.6,23.821768,1.2217674
2024-04-13 07:00:00,DK1,8.8,16.542198,7.742198
2024-04-13 07:00:00,DK2,8.8,11.602297,2.8022966
2024-04-13 08:00:00,DK1,-0.02,1.5951977,1.6151977
2024-04-13 08:00:00,DK2,-0.02,6.09612,6.11612
2024-04-13 09:00:00,DK1,-4.04,-3.02534,1.0146599
2024-04-13 09:00:00,DK2,-4.04,0.13606536,4.1760654
2024-04-13 10:00:00,DK1,-8.02,-5.33451,2.6854906
2024-04-13 10:00:00,DK2,-8.02,-1.8877606,6.13224
2024-04-13 11:00:00,DK1,-20.2,-5.023635,15.176366
2024-04-13 11:00:00,DK2,-20.2,-2.8196774,17.380323
2024-04-13 12:00:00,DK1,-29.32,-3.763363,25.556637
2024-04-13 12:00:00,DK2,-29.32,-1.8717437,27.448256
2024-04-13 13:00:00,DK1,-31.6,-0.7817328,30.818268
2024-04-13 13:00:00,DK2,-31.6,0.58444047,32.18444
2024-04-13 14:00:00,DK1,-19.13,2.8482873,21.978287
2024-04-13 14:00:00,DK2,-10.07,2.7829947,12.852995
2024-04-13 15:00:00,DK1,-0.16,10.37328,10.533279
2024-04-13 15:00:00,DK2,2.0,6.586645,4.586645
2024-04-13 16:00:00,DK1,33.37,40.083443,6.7134438
2024-04-13 16:00:00,DK2,28.65,39.200836,10.550837
2024-04-13 17:00:00,DK1,50.1,115.19698,65.096985
2024-04-13 17:00:00,DK2,52.66,47.874725,-4.7852745
2024-04-13 18:00:00,DK1,40.03,30.131975,-9.898024
2024-04-13 18:00:00,DK2,40.03,35.334755,-4.695244
2024-04-13 19:00:00,DK1,34.65,57.58674,22.936737
2024-04-13 19:00:00,DK2,34.65,31.08059,-3.5694122
2024-04-13 20:00:00,DK1,20.6,19.491117,-1.1088829
2024-04-13 20:00:00,DK2,20.6,30.051584,9.451584
2024-04-13 21:00:00,DK1,7.05,16.328075,9.278075
2024-04-13 21:00:00,DK2,7.05,14.972887,7.922887
2024-04-13 22:00:00,DK1,0.43,5.7142677,5.284268
2024-04-13 22:00:00,DK2,0.43,7.6911626,7.2611628
2024-04-13 23:00:00,DK1,0.83,1.7716632,0.9416632
2024-04-13 23:00:00,DK2,0.83,3.2527168,2.4227169
2024-04-14 00:00:00,DK1,0.93,0.67819905,-0.25180095
2024-04-14 00:00:00,DK2,0.91,1.8981068,0.9881068
2024-04-14 01:00:00,DK1,1.13,0.9384942,-0.19150579
2024-04-14 01:00:00,DK2,0.42,0.27919185,-0.14080814
2024-04-14 02:00:00,DK1,2.34,-0.04885006,-2.38885
2024-04-14 02:00:00,DK2,0.49,-0.43291092,-0.9229109
2024-04-14 03:00:00,DK1,5.95,-0.83919334,-6.789193
2024-04-14 03:00:00,DK2,2.91,0.6269388,-2.2830613
2024-04-14 04:00:00,DK1,12.86,0.96785045,-11.892149
2024-04-14 04:00:00,DK2,12.55,0.35470128,-12.195299
2024-04-14 05:00:00,DK1,13.0,2.0610366,-10.938963
2024-04-14 05:00:00,DK2,13.0,1.6683354,-11.331665
2024-04-14 06:00:00,DK1,7.41,4.438083,-2.9719167
2024-04-14 06:00:00,DK2,7.41,2.2536535,-5.1563463
2024-04-14 07:00:00,DK1,0.0,2.4873352,2.4873352
2024-04-14 07:00:00,DK2,0.0,0.99422693,0.99422693
2024-04-14 08:00:00,DK1,-2.37,-0.61286306,1.7571368
2024-04-14 08:00:00,DK2,-2.3,-0.17218947,2.1278105
2024-04-14 09:00:00,DK1,-12.17,-1.4102135,10.759787
2024-04-14 09:00:00,DK2,-11.98,-1.378757,10.601242
2024-04-14 10:00:00,DK1,-42.23,-2.5930986,39.6369
2024-04-14 10:00:00,DK2,-42.14,-3.2519126,38.88809
2024-04-14 11:00:00,DK1,-60.05,-4.8371615,55.212837
2024-04-14 11:00:00,DK2,-53.31,-4.868314,48.44169
2024-04-14 12:00:00,DK1,-60.01,-5.6690693,54.340927
2024-04-14 12:00:00,DK2,-54.0,-5.142121,48.85788
2024-04-14 13:00:00,DK1,-40.05,-5.42515,34.624847
2024-04-14 13:00:00,DK2,-40.05,-5.966753,34.083244
2024-04-14 14:00:00,DK1,-6.25,-4.7099276,1.5400724
2024-04-14 14:00:00,DK2,-6.25,-5.539508,0.71049213
2024-04-14 15:00:00,DK1,1.57,-5.046076,-6.616076
2024-04-14 15:00:00,DK2,1.57,-3.426302,-4.996302
2024-04-14 16:00:00,DK1,54.62,0.47096646,-54.149033
2024-04-14 16:00:00,DK2,21.1,3.669139,-17.430862
2024-04-14 17:00:00,DK1,87.8,60.58908,-27.210922
2024-04-14 17:00:00,DK2,87.8,33.878822,-53.92118
2024-04-14 18:00:00,DK1,119.91,112.71983,-7.1901703
2024-04-14 18:00:00,DK2,119.91,93.41292,-26.497086
2024-04-14 19:00:00,DK1,112.61,128.90018,16.290176
2024-04-14 19:00:00,DK2,112.61,85.73729,-26.872711
2024-04-14 20:00:00,DK1,97.16,93.81979,-3.34021
2024-04-14 20:00:00,DK2,97.16,85.4872,-11.672806
2024-04-14 21:00:00,DK1,79.69,72.59503,-7.0949707
2024-04-14 21:00:00,DK2,79.69,63.04412,-16.645882
2024-04-14 22:00:00,DK1,55.04,64.23678,9.196777
2024-04-14 22:00:00,DK2,46.01,53.81537,7.8053703
2024-04-14 23:00:00,DK1,58.67,65.7605,7.0905
2024-04-14 23:00:00,DK2,44.86,39.50229,-5.357712
2024-04-15 00:00:00,DK1,70.55,60.59246,-9.957542
2024-04-15 00:00:00,DK2,70.55,41.684845,-28.865158
2024-04-15 01:00:00,DK1,65.84,69.26256,3.4225616
2024-04-15 01:00:00,DK2,65.84,45.63707,-20.202927
2024-04-15 02:00:00,DK1,75.23,60.125404,-15.104599
2024-04-15 02:00:00,DK2,75.23,60.559753,-14.67025
2024-04-15 03:00:00,DK1,86.74,82.650894,-4.0891037
2024-04-15 03:00:00,DK2,86.74,65.55819,-21.181808
2024-04-15 04:00:00,DK1,115.73,95.29081,-20.439194
2024-04-15 04:00:00,DK2,115.73,99.37874,-16.351265
2024-04-15 05:00:00,DK1,169.15,114.37442,-54.775574
2024-04-15 05:00:00,DK2,169.15,125.16339,-43.986603
2024-04-15 06:00:00,DK1,153.24,142.3605,-10.879501
2024-04-15 06:00:00,DK2,153.24,142.5255,-10.714508
2024-04-15 07:00:00,DK1,91.56,124.16194,32.601944
2024-04-15 07:00:00,DK2,91.56,110.63346,19.073463
2024-04-15 08:00:00,DK1,76.24,73.46112,-2.7788773
2024-04-15 08:00:00,DK2,76.24,62.893974,-13.346024
2024-04-15 09:00:00,DK1,57.0,58.027115,1.0271149
2024-04-15 09:00:00,DK2,57.0,67.83584,10.835838
2024-04-15 10:00:00,DK1,44.15,36.81459,-7.335411
2024-04-15 10:00:00,DK2,43.0,49.93799,6.9379883
2024-04-15 11:00:00,DK1,31.74,24.759186,-6.980814
2024-04-15 11:00:00,DK2,32.89,30.620407,-2.2695923
2024-04-15 12:00:00,DK1,12.96,11.166182,-1.7938185
2024-04-15 12:00:00,DK2,19.5,18.98732,-0.51268005
2024-04-15 13:00:00,DK1,7.8,5.5649877,-2.2350125
2024-04-15 13:00:00,DK2,29.94,14.387362,-15.552639
2024-04-15 14:00:00,DK1,7.99,16.545593,8.5555935
2024-04-15 14:00:00,DK2,35.58,24.297674,-11.282328
2024-04-15 15:00:00,DK1,46.3,64.55814,18.258144
2024-04-15 15:00:00,DK2,46.3,46.261818,-0.038181305
2024-04-15 16:00:00,DK1,69.2,91.19442,21.994423
2024-04-15 16:00:00,DK2,69.2,70.032,0.83200073
2024-04-15 17:00:00,DK1,78.92,92.90398,13.983978
2024-04-15 17:00:00,DK2,78.92,68.841736,-10.078262
2024-04-15 18:00:00,DK1,77.02,74.918335,-2.1016617
2024-04-15 18:00:00,DK2,77.02,53.835342,-23.184654
2024-04-15 19:00:00,DK1,66.31,51.11943,-15.190567
2024-04-15 19:00:00,DK2,66.31,58.14164,-8.168358
2024-04-15 20:00:00,DK1,53.77,52.870895,-0.8991051
2024-04-15 20:00:00,DK2,52.93,35.124954,-17.805046
2024-04-15 21:00:00,DK1,34.17,36.34613,2.1761322
2024-04-15 21:00:00,DK2,35.01,23.724066,-11.285933
2024-04-15 22:00:00,DK1,2.02,19.682592,17.662592
2024-04-15 22:00:00,DK2,31.05,15.681569,-15.36843
2024-04-15 23:00:00,DK1,0.04,8.723142,8.683142
2024-04-15 23:00:00,DK2,17.79,11.303079,-6.4869223
2024-04-16 00:00:00,DK1,0.14,6.499939,6.359939
2024-04-16 00:00:00,DK2,6.65,6.268669,-0.38133097
2024-04-16 01:00:00,DK1,0.73,11.016462,10.286463
2024-04-16 01:00:00,DK2,5.49,5.47482,-0.015179634
2024-04-16 02:00:00,DK1,17.47,9.00543,-8.464569
2024-04-16 02:00:00,DK2,17.9,7.2593765,-10.640623
2024-04-16 03:00:00,DK1,36.22,26.232641,-9.98736
2024-04-16 03:00:00,DK2,36.22,19.032824,-17.187178
2024-04-16 04:00:00,DK1,51.59,54.4159,2.825901
2024-04-16 04:00:00,DK2,51.59,39.43067,-12.159328
2024-04-16 05:00:00,DK1,74.26,48.354263,-25.905739
2024-04-16 05:00:00,DK2,74.26,64.280815,-9.979187
2024-04-16 06:00:00,DK1,74.26,98.34754,24.08754
2024-04-16 06:00:00,DK2,74.26,74.28038,0.020378113
2024-04-16 07:00:00,DK1,64.81,78.74074,13.93074
2024-04-16 07:00:00,DK2,64.81,75.79706,10.987061
2024-04-16 08:00:00,DK1,51.03,37.651115,-13.378883
2024-04-16 08:00:00,DK2,52.05,32.325317,-19.724682
2024-04-16 09:00:00,DK1,42.64,23.844587,-18.795412
2024-04-16 09:00:00,DK2,46.15,26.968391,-19.18161
2024-04-16 10:00:00,DK1,40.0,19.546377,-20.453623
2024-04-16 10:00:00,DK2,42.96,24.330172,-18.629827
2024-04-16 11:00:00,DK1,40.22,21.287907,-18.932095
2024-04-16 11:00:00,DK2,42.37,20.589966,-21.780033
2024-04-16 12:00:00,DK1,42.08,24.6087,-17.471302
2024-04-16 12:00:00,DK2,43.21,29.799284,-13.410715
2024-04-16 13:00:00,DK1,48.53,51.070023,2.5400238
2024-04-16 13:00:00,DK2,48.53,43.91918,-4.610817
2024-04-16 14:00:00,DK1,51.67,75.735756,24.065758
2024-04-16 14:00:00,DK2,61.33,50.406548,-10.923454
2024-04-16 15:00:00,DK1,79.67,63.711617,-15.958382
2024-04-16 15:00:00,DK2,79.67,63.004387,-16.665611
2024-04-16 16:00:00,DK1,92.92,98.98997,6.069969
2024-04-16 16:00:00,DK2,92.92,91.710556,-1.2094421
2024-04-16 17:00:00,DK1,113.99,107.4125,-6.5774994
2024-04-16 17:00:00,DK2,113.99,101.90586,-12.084137
2024-04-16 18:00:00,DK1,124.52,96.427155,-28.092842
2024-04-16 18:00:00,DK2,124.52,97.38363,-27.136368
2024-04-16 19:00:00,DK1,104.46,100.64023,-3.8197708
2024-04-16 19:00:00,DK2,104.46,97.213135,-7.2468643
2024-04-16 20:00:00,DK1,90.1,89.464905,-0.6350937
2024-04-16 20:00:00,DK2,90.1,79.37128,-10.728722
2024-04-16 21:00:00,DK1,84.1,85.556564,1.4565659
2024-04-16 21:00:00,DK2,84.1,66.74208,-17.357918
2024-04-16 22:00:00,DK1,83.84,82.293045,-1.5469513
2024-04-16 22:00:00,DK2,83.84,69.41793,-14.422066
2024-04-16 23:00:00,DK1,83.84,81.201775,-2.6382217
2024-04-16 23:00:00,DK2,83.84,63.973183,-19.866814
2024-04-17 00:00:00,DK1,81.35,83.41609,2.0660934
2024-04-17 00:00:00,DK2,81.35,67.99695,-13.35305
2024-04-17 01:00:00,DK1,82.4,82.01776,-0.3822403
2024-04-17 01:00:00,DK2,82.4,73.37622,-9.023781
2024-04-17 02:00:00,DK1,82.96,83.31973,0.35973358
2024-04-17 02:00:00,DK2,82.96,81.680695,-1.2793045
2024-04-17 03:00:00,DK1,83.73,87.692505,3.9625015
2024-04-17 03:00:00,DK2,83.73,82.828,-0.9020004
2024-04-17 04:00:00,DK1,109.39,98.40924,-10.980759
2024-04-17 04:00:00,DK2,109.39,105.449554,-3.940445
2024-04-17 05:00:00,DK1,169.97,118.2351,-51.7349
2024-04-17 05:00:00,DK2,169.97,133.10896,-36.86104
2024-04-17 06:00:00,DK1,155.17,144.40083,-10.769165
2024-04-17 06:00:00,DK2,155.17,148.00125,-7.168747
2024-04-17 07:00:00,DK1,104.62,130.67958,26.059578
2024-04-17 07:00:00,DK2,104.62,117.68549,13.065491
2024-04-17 08:00:00,DK1,83.9,92.8715,8.971497
2024-04-17 08:00:00,DK2,83.9,79.448715,-4.4512863
2024-04-17 09:00:00,DK1,79.9,74.68039,-5.219612
2024-04-17 09:00:00,DK2,79.9,65.596375,-14.303627
2024-04-17 10:00:00,DK1,82.98,62.930435,-20.049568
2024-04-17 10:00:00,DK2,80.3,53.304604,-26.9954
2024-04-17 11:00:00,DK1,80.82,64.046936,-16.773064
2024-04-17 11:00:00,DK2,79.06,53.260963,-25.799034
2024-04-17 12:00:00,DK1,77.71,72.16073,-5.5492706
2024-04-17 12:00:00,DK2,77.71,66.84909,-10.8609085
2024-04-17 13:00:00,DK1,77.03,79.55498,2.5249786
2024-04-17 13:00:00,DK2,77.03,66.373116,-10.656883
2024-04-17 14:00:00,DK1,80.0,83.51957,3.5195694
2024-04-17 14:00:00,DK2,80.0,78.733795,-1.2662048
2024-04-17 15:00:00,DK1,86.9,94.510994,7.6109924
2024-04-17 15:00:00,DK2,86.9,90.564835,3.664833
2024-04-17 16:00:00,DK1,114.97,98.94044,-16.029564
2024-04-17 16:00:00,DK2,114.97,90.22977,-24.740234
2024-04-17 17:00:00,DK1,159.92,127.04173,-32.878265
2024-04-17 17:00:00,DK2,159.92,144.36188,-15.558121
2024-04-17 18:00:00,DK1,169.9,160.51169,-9.388306
2024-04-17 18:00:00,DK2,169.9,154.57669,-15.323303
2024-04-17 19:00:00,DK1,130.06,150.55878,20.49878
2024-04-17 19:00:00,DK2,130.06,138.8122,8.752197
2024-04-17 20:00:00,DK1,99.04,113.19272,14.152718
2024-04-17 20:00:00,DK2,99.04,108.788025,9.748024
2024-04-17 21:00:00,DK1,87.81,103.10977,15.299774
2024-04-17 21:00:00,DK2,87.81,91.607925,3.7979279
2024-04-17 22:00:00,DK1,91.83,93.451614,1.6216125
2024-04-17 22:00:00,DK2,91.83,80.04429,-11.785713
2024-04-17 23:00:00,DK1,87.42,91.521255,4.1012573
2024-04-17 23:00:00,DK2,87.42,73.216934,-14.203064
2024-04-18 00:00:00,DK1,88.53,91.52333,2.993332
2024-04-18 00:00:00,DK2,88.53,84.33204,-4.19796
2024-04-18 01:00:00,DK1,87.76,95.26936,7.5093613
2024-04-18 01:00:00,DK2,87.76,89.39972,1.6397171
2024-04-18 02:00:00,DK1,89.61,94.69851,5.0885086
2024-04-18 02:00:00,DK2,89.61,81.26055,-8.349449
2024-04-18 03:00:00,DK1,93.47,85.93117,-7.5388336
2024-04-18 03:00:00,DK2,93.47,74.17365,-19.296349
2024-04-18 04:00:00,DK1,121.88,95.56251,-26.31749
2024-04-18 04:00:00,DK2,121.88,102.80591,-19.07409
2024-04-18 05:00:00,DK1,155.8,128.6959,-27.104095
2024-04-18 05:00:00,DK2,155.8,150.25143,-5.5485687
2024-04-18 06:00:00,DK1,131.19,163.20297,32.01297
2024-04-18 06:00:00,DK2,131.19,142.58304,11.393036
2024-04-18 07:00:00,DK1,101.12,129.38388,28.263878
2024-04-18 07:00:00,DK2,101.12,115.21843,14.098427
2024-04-18 08:00:00,DK1,90.21,93.17815,2.9681473
2024-04-18 08:00:00,DK2,90.21,82.36358,-7.8464203
2024-04-18 09:00:00,DK1,83.87,64.95964,-18.910362
2024-04-18 09:00:00,DK2,83.87,66.18053,-17.689476
2024-04-18 10:00:00,DK1,80.64,63.482674,-17.157326
2024-04-18 10:00:00,DK2,80.64,64.02439,-16.615608
2024-04-18 11:00:00,DK1,77.2,72.112366,-5.087631
2024-04-18 11:00:00,DK2,77.2,85.358826,8.158829
2024-04-18 12:00:00,DK1,73.01,91.72872,18.71872
2024-04-18 12:00:00,DK2,73.01,93.86251,20.852509
2024-04-18 13:00:00,DK1,70.7,84.66574,13.965744
2024-04-18 13:00:00,DK2,70.7,50.080353,-20.619644
2024-04-18 14:00:00,DK1,70.88,74.23036,3.3503647
2024-04-18 14:00:00,DK2,70.88,76.70308,5.823082
2024-04-18 15:00:00,DK1,81.33,89.74036,8.410355
2024-04-18 15:00:00,DK2,81.33,64.54774,-16.782265
2024-04-18 16:00:00,DK1,94.03,86.026726,-8.003273
2024-04-18 16:00:00,DK2,94.03,84.90707,-9.122932
2024-04-18 17:00:00,DK1,125.24,95.6398,-29.600197
2024-04-18 17:00:00,DK2,125.24,96.46379,-28.776207
2024-04-18 18:00:00,DK1,128.83,109.40912,-19.420883
2024-04-18 18:00:00,DK2,128.83,108.92044,-19.909561
2024-04-18 19:00:00,DK1,105.92,107.82134,1.9013443
2024-04-18 19:00:00,DK2,105.92,94.788864,-11.131134
2024-04-18 20:00:00,DK1,89.89,83.87537,-6.014633
2024-04-18 20:00:00,DK2,89.89,86.60533,-3.284668
2024-04-18 21:00:00,DK1,79.37,73.39035,-5.9796524
2024-04-18 21:00:00,DK2,79.37,70.30789,-9.062111
2024-04-18 22:00:00,DK1,77.21,68.27497,-8.935028
2024-04-18 22:00:00,DK2,77.21,65.2504,-11.959602
2024-04-18 23:00:00,DK1,60.83,67.01176,6.181755
2024-04-18 23:00:00,DK2,60.83,59.114136,-1.7158661
2024-04-19 00:00:00,DK1,50.53,60.90435,10.3743515
2024-04-19 00:00:00,DK2,50.53,48.061005,-2.4689941
2024-04-19 01:00:00,DK1,49.47,40.306602,-9.163399
2024-04-19 01:00:00,DK2,49.47,39.806076,-9.663925
2024-04-19 02:00:00,DK1,47.97,40.735886,-7.2341156
2024-04-19 02:00:00,DK2,47.97,42.11207,-5.857933
2024-04-19 03:00:00,DK1,49.08,46.71875,-2.3612518
2024-04-19 03:00:00,DK2,49.08,43.360596,-5.719406
2024-04-19 04:00:00,DK1,60.12,53.865814,-6.2541847
2024-04-19 04:00:00,DK2,60.12,49.41951,-10.700489
2024-04-19 05:00:00,DK1,69.04,73.981895,4.9418945
2024-04-19 05:00:00,DK2,70.74,72.343346,1.6033478
2024-04-19 06:00:00,DK1,76.0,78.33744,2.3374405
2024-04-19 06:00:00,DK2,77.87,72.63743,-5.2325745
2024-04-19 07:00:00,DK1,68.3,70.27464,1.9746399
2024-04-19 07:00:00,DK2,69.25,69.01207,-0.2379303
2024-04-19 08:00:00,DK1,60.2,57.48001,-2.7199898
2024-04-19 08:00:00,DK2,61.27,51.89321,-9.376789
2024-04-19 09:00:00,DK1,56.08,45.827652,-10.25235
2024-04-19 09:00:00,DK2,57.28,43.58152,-13.698479
2024-04-19 10:00:00,DK1,50.91,36.55993,-14.350071
2024-04-19 10:00:00,DK2,52.16,42.028816,-10.131184
2024-04-19 11:00:00,DK1,47.0,38.567062,-8.432938
2024-04-19 11:00:00,DK2,48.67,37.189445,-11.480553
2024-04-19 12:00:00,DK1,44.94,36.545372,-8.394627
2024-04-19 12:00:00,DK2,46.38,36.523636,-9.856365
2024-04-19 13:00:00,DK1,44.56,39.76101,-4.798992
2024-04-19 13:00:00,DK2,47.31,39.45919,-7.850811
2024-04-19 14:00:00,DK1,50.91,50.272194,-0.63780594
2024-04-19 14:00:00,DK2,50.91,41.297638,-9.612362
2024-04-19 15:00:00,DK1,56.95,62.35018,5.400181
2024-04-19 15:00:00,DK2,57.36,43.115723,-14.244278
2024-04-19 16:00:00,DK1,63.49,74.15918,10.669178
2024-04-19 16:00:00,DK2,63.08,58.86728,-4.212723
2024-04-19 17:00:00,DK1,63.75,89.04096,25.290962
2024-04-19 17:00:00,DK2,63.75,56.390953,-7.359047
2024-04-19 18:00:00,DK1,64.69,75.172844,10.4828415
2024-04-19 18:00:00,DK2,64.69,63.96244,-0.72756195
2024-04-19 19:00:00,DK1,66.2,75.56117,9.361176
2024-04-19 19:00:00,DK2,64.61,54.746475,-9.863525
2024-04-19 20:00:00,DK1,63.95,68.50962,4.55962
2024-04-19 20:00:00,DK2,63.71,59.20716,-4.502838
2024-04-19 21:00:00,DK1,63.15,59.84333,-3.3066711
2024-04-19 21:00:00,DK2,61.63,52.781143,-8.848858
2024-04-19 22:00:00,DK1,60.24,57.382835,-2.8571663
2024-04-19 22:00:00,DK2,58.79,43.661667,-15.128334
2024-04-19 23:00:00,DK1,57.97,56.630783,-1.3392181
2024-04-19 23:00:00,DK2,56.58,50.443573,-6.136429
2024-04-20 00:00:00,DK1,57.33,55.694237,-1.6357651
2024-04-20 00:00:00,DK2,55.95,44.842583,-11.107418
2024-04-20 01:00:00,DK1,57.75,50.485207,-7.2647934
2024-04-20 01:00:00,DK2,57.75,44.346428,-13.403572
2024-04-20 02:00:00,DK1,61.04,52.85164,-8.188362
2024-04-20 02:00:00,DK2,61.04,47.397835,-13.642166
2024-04-20 03:00:00,DK1,62.83,60.48461,-2.3453903
2024-04-20 03:00:00,DK2,62.83,51.84379,-10.986214
2024-04-20 04:00:00,DK1,63.92,59.030045,-4.8899536
2024-04-20 04:00:00,DK2,63.92,54.800323,-9.119675
2024-04-20 05:00:00,DK1,67.98,57.62838,-10.351624
2024-04-20 05:00:00,DK2,67.98,58.213196,-9.766808
2024-04-20 06:00:00,DK1,65.04,61.35219,-3.6878128
2024-04-20 06:00:00,DK2,65.04,58.59813,-6.4418716
2024-04-20 07:00:00,DK1,59.9,52.24276,-7.657242
2024-04-20 07:00:00,DK2,59.9,59.532776,-0.36722565
2024-04-20 08:00:00,DK1,50.05,45.00036,-5.0496407
2024-04-20 08:00:00,DK2,50.05,46.94053,-3.1094704
2024-04-20 09:00:00,DK1,38.43,62.097115,23.667114
2024-04-20 09:00:00,DK2,38.43,49.910683,11.480682
2024-04-20 10:00:00,DK1,28.97,75.93115,46.96115
2024-04-20 10:00:00,DK2,28.97,41.217857,12.247858
2024-04-20 11:00:00,DK1,12.33,72.05294,59.72294
2024-04-20 11:00:00,DK2,12.33,34.51512,22.185122
2024-04-20 12:00:00,DK1,10.55,57.569305,47.019306
2024-04-20 12:00:00,DK2,10.55,28.481459,17.931458
2024-04-20 13:00:00,DK1,18.33,47.42855,29.09855
2024-04-20 13:00:00,DK2,18.33,29.19118,10.861179
2024-04-20 14:00:00,DK1,37.41,57.70896,20.298962
2024-04-20 14:00:00,DK2,37.41,30.838049,-6.571951
2024-04-20 15:00:00,DK1,62.83,69.563,6.7330017
2024-04-20 15:00:00,DK2,62.83,42.089073,-20.740929
2024-04-20 16:00:00,DK1,78.9,92.324814,13.424812
2024-04-20 16:00:00,DK2,78.9,74.04343,-4.856575
2024-04-20 17:00:00,DK1,89.61,105.48247,15.872467
2024-04-20 17:00:00,DK2,89.61,92.65637,3.0463715
2024-04-20 18:00:00,DK1,97.04,96.47911,-0.5608902
2024-04-20 18:00:00,DK2,97.04,92.40265,-4.637352
2024-04-20 19:00:00,DK1,90.31,90.455826,0.14582825
2024-04-20 19:00:00,DK2,90.31,88.590775,-1.719223
2024-04-20 20:00:00,DK1,86.07,94.78691,8.716911
2024-04-20 20:00:00,DK2,86.07,82.57501,-3.4949875
2024-04-20 21:00:00,DK1,82.9,89.449295,6.5492935
2024-04-20 21:00:00,DK2,82.9,77.202774,-5.6972275
2024-04-20 22:00:00,DK1,81.85,77.8249,-4.0251007
2024-04-20 22:00:00,DK2,81.85,79.12247,-2.7275314
2024-04-20 23:00:00,DK1,70.59,80.04755,9.45755
2024-04-20 23:00:00,DK2,70.59,72.995155,2.405159
2024-04-21 00:00:00,DK1,69.53,70.11092,0.580925
2024-04-21 00:00:00,DK2,69.53,71.4259,1.8959045
2024-04-21 01:00:00,DK1,64.4,69.27376,4.8737564
2024-04-21 01:00:00,DK2,64.4,72.67119,8.271187
2024-04-21 02:00:00,DK1,63.88,68.00008,4.120075
2024-04-21 02:00:00,DK2,63.88,71.75262,7.872616
2024-04-21 03:00:00,DK1,63.62,64.19416,0.5741615
2024-04-21 03:00:00,DK2,63.62,69.010025,5.390026
2024-04-21 04:00:00,DK1,64.43,63.29297,-1.1370316
2024-04-21 04:00:00,DK2,64.43,68.84853,4.4185333
2024-04-21 05:00:00,DK1,60.53,64.3109,3.780899
2024-04-21 05:00:00,DK2,60.53,64.326324,3.7963257
2024-04-21 06:00:00,DK1,60.88,59.165176,-1.7148247
2024-04-21 06:00:00,DK2,60.88,59.891838,-0.988163
2024-04-21 07:00:00,DK1,55.38,54.556274,-0.82372665
2024-04-21 07:00:00,DK2,54.73,53.044106,-1.685894
2024-04-21 08:00:00,DK1,32.99,46.375237,13.385235
2024-04-21 08:00:00,DK2,43.29,41.153336,-2.1366653
2024-04-21 09:00:00,DK1,36.96,31.627445,-5.332554
2024-04-21 09:00:00,DK2,42.47,32.896263,-9.573738
2024-04-21 10:00:00,DK1,6.06,26.504143,20.444143
2024-04-21 10:00:00,DK2,43.94,24.026049,-19.91395
2024-04-21 11:00:00,DK1,0.28,17.64014,17.36014
2024-04-21 11:00:00,DK2,42.14,18.453936,-23.686064
2024-04-21 12:00:00,DK1,-0.9,12.532128,13.432128
2024-04-21 12:00:00,DK2,41.48,16.926311,-24.553688
2024-04-21 13:00:00,DK1,0.75,13.960348,13.210348
2024-04-21 13:00:00,DK2,41.93,18.968151,-22.96185
2024-04-21 14:00:00,DK1,6.01,23.606577,17.596577
2024-04-21 14:00:00,DK2,47.7,27.674988,-20.025013
2024-04-21 15:00:00,DK1,58.22,45.198044,-13.021957
2024-04-21 15:00:00,DK2,58.68,65.986115,7.306114
2024-04-21 16:00:00,DK1,74.6,105.68742,31.087425
2024-04-21 16:00:00,DK2,74.6,67.92119,-6.67881
2024-04-21 17:00:00,DK1,89.36,100.88435,11.524353
2024-04-21 17:00:00,DK2,89.36,97.59558,8.23558
2024-04-21 18:00:00,DK1,95.26,100.14373,4.883728
2024-04-21 18:00:00,DK2,95.26,88.481064,-6.7789383
2024-04-21 19:00:00,DK1,91.07,116.01866,24.948662
2024-04-21 19:00:00,DK2,91.07,122.80077,31.730774
2024-04-21 20:00:00,DK1,89.41,118.9091,29.4991
2024-04-21 20:00:00,DK2,89.41,117.88176,28.471756
2024-04-21 21:00:00,DK1,88.46,97.21098,8.750984
2024-04-21 21:00:00,DK2,88.46,63.700447,-24.759552
2024-04-21 22:00:00,DK1,78.97,86.86577,7.895767
2024-04-21 22:00:00,DK2,78.97,66.00147,-12.968529
2024-04-21 23:00:00,DK1,78.05,81.446556,3.396553
2024-04-21 23:00:00,DK2,78.05,59.13967,-18.910332
2024-04-22 00:00:00,DK1,78.44,64.62816,-13.811844
2024-04-22 00:00:00,DK2,78.44,49.310806,-29.129196
2024-04-22 01:00:00,DK1,79.92,71.28227,-8.637726
2024-04-22 01:00:00,DK2,79.92,62.870857,-17.04914
2024-04-22 02:00:00,DK1,79.79,67.23955,-12.550453
2024-04-22 02:00:00,DK2,79.79,71.12935,-8.660652
2024-04-22 03:00:00,DK1,87.5,73.89703,-13.602966
2024-04-22 03:00:00,DK2,87.5,73.41925,-14.0807495
2024-04-22 04:00:00,DK1,105.9,85.91028,-19.989723
2024-04-22 04:00:00,DK2,105.9,86.80068,-19.09932
2024-04-22 05:00:00,DK1,130.79,103.03093,-27.759064
2024-04-22 05:00:00,DK2,130.79,118.1698,-12.6201935
2024-04-22 06:00:00,DK1,117.46,122.882675,5.422676
2024-04-22 06:00:00,DK2,117.46,114.42918,-3.0308228
2024-04-22 07:00:00,DK1,97.05,102.71573,5.6657257
2024-04-22 07:00:00,DK2,97.05,89.04379,-8.00621
2024-04-22 08:00:00,DK1,81.86,73.54776,-8.312241
2024-04-22 08:00:00,DK2,81.86,73.64525,-8.214752
2024-04-22 09:00:00,DK1,81.24,53.99066,-27.249336
2024-04-22 09:00:00,DK2,81.24,55.812515,-25.427483
2024-04-22 10:00:00,DK1,77.05,55.055817,-21.994186
2024-04-22 10:00:00,DK2,77.05,59.648514,-17.40149
2024-04-22 11:00:00,DK1,73.67,80.82985,7.159851
2024-04-22 11:00:00,DK2,73.67,61.315742,-12.354256
2024-04-22 12:00:00,DK1,74.13,72.71748,-1.4125137
2024-04-22 12:00:00,DK2,74.13,68.01108,-6.1189194
2024-04-22 13:00:00,DK1,75.01,82.38635,7.3763504
2024-04-22 13:00:00,DK2,76.59,64.558876,-12.03112
2024-04-22 14:00:00,DK1,71.9,87.949524,16.049522
2024-04-22 14:00:00,DK2,81.57,60.681396,-20.888603
2024-04-22 15:00:00,DK1,96.79,89.726685,-7.0633163
2024-04-22 15:00:00,DK2,96.79,78.400116,-18.389885
2024-04-22 16:00:00,DK1,118.2,108.77318,-9.426819
2024-04-22 16:00:00,DK2,118.2,117.37999,-0.8200073
2024-04-22 17:00:00,DK1,164.05,128.37828,-35.671722
2024-04-22 17:00:00,DK2,164.05,149.54346,-14.506546
2024-04-22 18:00:00,DK1,170.96,161.80386,-9.156143
2024-04-22 18:00:00,DK2,170.96,166.02512,-4.9348907
2024-04-22 19:00:00,DK1,130.05,153.48557,23.435562
2024-04-22 19:00:00,DK2,130.05,138.89555,8.845551
2024-04-22 20:00:00,DK1,105.77,122.74002,16.970024
2024-04-22 20:00:00,DK2,105.77,113.14067,7.370674
2024-04-22 21:00:00,DK1,96.99,105.292274,8.302277
2024-04-22 21:00:00,DK2,96.99,101.63454,4.644539
2024-04-22 22:00:00,DK1,88.32,92.54294,4.2229385
2024-04-22 22:00:00,DK2,88.32,71.759964,-16.560036
2024-04-22 23:00:00,DK1,86.69,85.86009,-0.8299103
2024-04-22 23:00:00,DK2,86.69,77.64026,-9.049744
2024-04-23 00:00:00,DK1,85.95,85.79863,-0.15136719
2024-04-23 00:00:00,DK2,85.95,80.827095,-5.122902
2024-04-23 01:00:00,DK1,85.42,84.97293,-0.44706726
2024-04-23 01:00:00,DK2,85.42,82.62666,-2.793335
2024-04-23 02:00:00,DK1,86.35,92.19036,5.8403625
2024-04-23 02:00:00,DK2,86.35,83.00343,-3.3465652
2024-04-23 03:00:00,DK1,97.69,94.751915,-2.9380875
2024-04-23 03:00:00,DK2,97.69,90.06993,-7.6200714
2024-04-23 04:00:00,DK1,121.4,104.12642,-17.273582
2024-04-23 04:00:00,DK2,121.4,106.260185,-15.139816
2024-04-23 05:00:00,DK1,181.26,116.68804,-64.57195
2024-04-23 05:00:00,DK2,181.26,133.29675,-47.96324
2024-04-23 06:00:00,DK1,136.28,144.71097,8.430969
2024-04-23 06:00:00,DK2,136.28,145.21472,8.934723
2024-04-23 07:00:00,DK1,98.38,122.72995,24.349953
2024-04-23 07:00:00,DK2,98.38,107.357346,8.977348
2024-04-23 08:00:00,DK1,82.87,83.5749,0.704895
2024-04-23 08:00:00,DK2,82.87,67.92575,-14.944252
2024-04-23 09:00:00,DK1,77.26,54.795578,-22.464424
2024-04-23 09:00:00,DK2,77.26,68.04781,-9.212189
2024-04-23 10:00:00,DK1,77.46,56.224846,-21.235153
2024-04-23 10:00:00,DK2,77.46,67.10219,-10.357811
2024-04-23 11:00:00,DK1,79.38,68.82262,-10.557381
2024-04-23 11:00:00,DK2,79.38,69.95271,-9.427284
2024-04-23 12:00:00,DK1,78.62,72.24989,-6.3701096
2024-04-23 12:00:00,DK2,78.62,66.889534,-11.730469
2024-04-23 13:00:00,DK1,80.02,74.38901,-5.630989
2024-04-23 13:00:00,DK2,80.02,68.04094,-11.979057
2024-04-23 14:00:00,DK1,83.02,91.419785,8.399788
2024-04-23 14:00:00,DK2,83.02,81.061424,-1.9585724
2024-04-23 15:00:00,DK1,89.97,97.72945,7.759445
2024-04-23 15:00:00,DK2,89.97,77.516464,-12.453537
2024-04-23 16:00:00,DK1,102.4,106.82485,4.4248505
2024-04-23 16:00:00,DK2,102.4,101.80072,-0.5992813
2024-04-23 17:00:00,DK1,123.01,112.32495,-10.685051
2024-04-23 17:00:00,DK2,123.01,115.179985,-7.830017
2024-04-23 18:00:00,DK1,125.07,120.16777,-4.9022293
2024-04-23 18:00:00,DK2,125.07,113.53867,-11.531326
2024-04-23 19:00:00,DK1,105.1,111.877625,6.777626
2024-04-23 19:00:00,DK2,105.1,91.79436,-13.305641
2024-04-23 20:00:00,DK1,92.73,88.427765,-4.3022385
2024-04-23 20:00:00,DK2,92.73,64.59621,-28.133797
2024-04-23 21:00:00,DK1,81.55,82.74035,1.1903458
2024-04-23 21:00:00,DK2,81.55,63.710693,-17.83931
2024-04-23 22:00:00,DK1,80.55,77.57146,-2.9785461
2024-04-23 22:00:00,DK2,79.84,57.70726,-22.132736
2024-04-23 23:00:00,DK1,76.29,73.55406,-2.735939
2024-04-23 23:00:00,DK2,76.1,63.47525,-12.624748
2024-04-24 00:00:00,DK1,75.88,76.381325,0.5013275
2024-04-24 00:00:00,DK2,75.31,69.219635,-6.0903625
2024-04-24 01:00:00,DK1,73.07,71.97244,-1.0975571
2024-04-24 01:00:00,DK2,73.07,69.91815,-3.1518478
2024-04-24 02:00:00,DK1,76.04,79.85062,3.8106155
2024-04-24 02:00:00,DK2,76.04,68.45072,-7.589279
2024-04-24 03:00:00,DK1,81.83,71.74309,-10.086914
2024-04-24 03:00:00,DK2,81.83,67.15234,-14.677658
2024-04-24 04:00:00,DK1,101.66,86.516785,-15.143219
2024-04-24 04:00:00,DK2,101.66,82.758125,-18.901878
2024-04-24 05:00:00,DK1,128.17,103.90306,-24.266937
2024-04-24 05:00:00,DK2,131.32,111.63312,-19.68689
2024-04-24 06:00:00,DK1,107.07,129.34192,22.27192
2024-04-24 06:00:00,DK2,129.23,117.642914,-11.587082
2024-04-24 07:00:00,DK1,91.81,88.375336,-3.4346619
2024-04-24 07:00:00,DK2,97.08,94.723206,-2.3567963
2024-04-24 08:00:00,DK1,90.74,72.3044,-18.4356
2024-04-24 08:00:00,DK2,92.97,85.96737,-7.002632
2024-04-24 09:00:00,DK1,88.35,66.443855,-21.906143
2024-04-24 09:00:00,DK2,91.04,74.11578,-16.924217
2024-04-24 10:00:00,DK1,82.6,78.05022,-4.549782
2024-04-24 10:00:00,DK2,85.62,82.17169,-3.4483109
2024-04-24 11:00:00,DK1,80.09,79.63962,-0.45037842
2024-04-24 11:00:00,DK2,83.48,72.43148,-11.048523
2024-04-24 12:00:00,DK1,76.53,72.1944,-4.335602
2024-04-24 12:00:00,DK2,80.55,72.17119,-8.378815
2024-04-24 13:00:00,DK1,80.71,73.55577,-7.154228
2024-04-24 13:00:00,DK2,82.69,71.63268,-11.05732
2024-04-24 14:00:00,DK1,81.12,85.939896,4.819893
2024-04-24 14:00:00,DK2,85.15,80.26596,-4.884041
2024-04-24 15:00:00,DK1,86.6,95.42691,8.826912
2024-04-24 15:00:00,DK2,96.09,85.655075,-10.434921
2024-04-24 16:00:00,DK1,101.54,97.14757,-4.392433
2024-04-24 16:00:00,DK2,104.04,97.7025,-6.3375015
2024-04-24 17:00:00,DK1,135.2,112.531906,-22.66809
2024-04-24 17:00:00,DK2,135.2,117.61924,-17.580757
2024-04-24 18:00:00,DK1,143.44,122.041664,-21.398338
2024-04-24 18:00:00,DK2,143.44,115.32145,-28.118553
2024-04-24 19:00:00,DK1,121.16,101.80535,-19.354652
2024-04-24 19:00:00,DK2,121.16,106.32688,-14.833122
2024-04-24 20:00:00,DK1,105.31,116.223206,10.913208
2024-04-24 20:00:00,DK2,105.31,105.263275,-0.046722412
2024-04-24 21:00:00,DK1,90.21,94.25073,4.0407333
2024-04-24 21:00:00,DK2,90.21,82.07927,-8.13073
2024-04-24 22:00:00,DK1,83.5,79.780334,-3.7196655
2024-04-24 22:00:00,DK2,83.5,73.38107,-10.118927
2024-04-24 23:00:00,DK1,80.0,72.23927,-7.760727
2024-04-24 23:00:00,DK2,80.0,68.94706,-11.05294
2024-04-25 00:00:00,DK1,77.37,71.568375,-5.801628
2024-04-25 00:00:00,DK2,77.37,68.677475,-8.692528
2024-04-25 01:00:00,DK1,76.05,72.51892,-3.5310822
2024-04-25 01:00:00,DK2,76.05,68.84179,-7.208214
2024-04-25 02:00:00,DK1,75.24,77.230774,1.9907761
2024-04-25 02:00:00,DK2,75.24,65.52705,-9.712952
2024-04-25 03:00:00,DK1,84.02,77.34622,-6.6737747
2024-04-25 03:00:00,DK2,84.02,70.940414,-13.079582
2024-04-25 04:00:00,DK1,102.44,85.88161,-16.558395
2024-04-25 04:00:00,DK2,102.44,83.40752,-19.032486
2024-04-25 05:00:00,DK1,129.05,109.63321,-19.416794
2024-04-25 05:00:00,DK2,130.98,114.538666,-16.44133
2024-04-25 06:00:00,DK1,112.71,119.08719,6.3771896
2024-04-25 06:00:00,DK2,114.36,112.74433,-1.6156693
2024-04-25 07:00:00,DK1,92.1,92.73587,0.6358719
2024-04-25 07:00:00,DK2,92.56,87.83133,-4.728668
2024-04-25 08:00:00,DK1,80.01,72.63034,-7.3796616
2024-04-25 08:00:00,DK2,80.17,72.392235,-7.7777634
2024-04-25 09:00:00,DK1,78.2,51.42382,-26.776176
2024-04-25 09:00:00,DK2,78.2,63.89879,-14.3012085
2024-04-25 10:00:00,DK1,73.92,59.139122,-14.780876
2024-04-25 10:00:00,DK2,73.92,67.88991,-6.0300903
2024-04-25 11:00:00,DK1,68.67,71.47345,2.8034515
2024-04-25 11:00:00,DK2,69.02,59.335617,-9.68438
2024-04-25 12:00:00,DK1,66.41,59.621727,-6.7882767
2024-04-25 12:00:00,DK2,66.81,60.933327,-5.876671
2024-04-25 13:00:00,DK1,69.32,72.58,3.2600021
2024-04-25 13:00:00,DK2,69.38,63.498177,-5.8818207
2024-04-25 14:00:00,DK1,72.81,71.858734,-0.9512634
2024-04-25 14:00:00,DK2,72.81,64.63176,-8.178238
2024-04-25 15:00:00,DK1,79.88,89.69821,9.818214
2024-04-25 15:00:00,DK2,79.88,72.57181,-7.3081894
2024-04-25 16:00:00,DK1,95.17,93.9196,-1.2503967
2024-04-25 16:00:00,DK2,95.17,86.16577,-9.004227
2024-04-25 17:00:00,DK1,141.09,104.67474,-36.415253
2024-04-25 17:00:00,DK2,141.09,110.22175,-30.868248
2024-04-25 18:00:00,DK1,152.29,127.06787,-25.222122
2024-04-25 18:00:00,DK2,152.29,130.23853,-22.051468
2024-04-25 19:00:00,DK1,113.71,130.62387,16.913872
2024-04-25 19:00:00,DK2,113.71,115.17223,1.4622345
2024-04-25 20:00:00,DK1,91.35,93.34166,1.9916611
2024-04-25 20:00:00,DK2,91.35,71.59798,-19.752022
2024-04-25 21:00:00,DK1,79.74,83.43739,3.6973953
2024-04-25 21:00:00,DK2,79.74,60.619087,-19.12091
2024-04-25 22:00:00,DK1,79.87,64.948944,-14.921059
2024-04-25 22:00:00,DK2,79.87,55.234573,-24.63543
2024-04-25 23:00:00,DK1,74.0,65.60855,-8.391449
2024-04-25 23:00:00,DK2,74.0,60.209015,-13.790985
2024-04-26 00:00:00,DK1,74.2,69.10283,-5.097168
2024-04-26 00:00:00,DK2,74.2,64.07764,-10.12236
2024-04-26 01:00:00,DK1,74.07,71.56317,-2.5068283
2024-04-26 01:00:00,DK2,74.07,63.970688,-10.099312
2024-04-26 02:00:00,DK1,77.1,77.849655,0.7496567
2024-04-26 02:00:00,DK2,77.1,65.96498,-11.135017
2024-04-26 03:00:00,DK1,82.98,83.331375,0.35137177
2024-04-26 03:00:00,DK2,82.98,70.839035,-12.140968
2024-04-26 04:00:00,DK1,93.5,87.67343,-5.8265686
2024-04-26 04:00:00,DK2,93.5,90.53192,-2.9680786
2024-04-26 05:00:00,DK1,104.06,108.66063,4.6006317
2024-04-26 05:00:00,DK2,104.06,103.00597,-1.0540314
2024-04-26 06:00:00,DK1,96.06,95.5924,-0.46759796
2024-04-26 06:00:00,DK2,96.06,89.140045,-6.9199524
2024-04-26 07:00:00,DK1,81.08,78.23191,-2.8480911
2024-04-26 07:00:00,DK2,81.08,74.35535,-6.724655
2024-04-26 08:00:00,DK1,77.81,58.454826,-19.355171
2024-04-26 08:00:00,DK2,77.81,63.245064,-14.564934
2024-04-26 09:00:00,DK1,72.95,64.74026,-8.20974
2024-04-26 09:00:00,DK2,72.95,65.04906,-7.90094
2024-04-26 10:00:00,DK1,70.35,68.2762,-2.0737991
2024-04-26 10:00:00,DK2,70.35,59.59404,-10.755959
2024-04-26 11:00:00,DK1,68.74,69.911354,1.1713562
2024-04-26 11:00:00,DK2,68.74,52.093254,-16.646744
2024-04-26 12:00:00,DK1,65.37,59.75386,-5.6161423
2024-04-26 12:00:00,DK2,65.37,58.00872,-7.3612823
2024-04-26 13:00:00,DK1,69.92,77.69132,7.771324
2024-04-26 13:00:00,DK2,69.92,55.565613,-14.354385
2024-04-26 14:00:00,DK1,71.7,78.45285,6.7528534
2024-04-26 14:00:00,DK2,71.7,75.41046,3.7104645
2024-04-26 15:00:00,DK1,80.46,96.30831,15.848312
2024-04-26 15:00:00,DK2,80.46,72.204346,-8.255653
2024-04-26 16:00:00,DK1,93.88,93.11612,-0.76387787
2024-04-26 16:00:00,DK2,93.88,93.87355,-0.0064468384
2024-04-26 17:00:00,DK1,128.61,109.73454,-18.875458
2024-04-26 17:00:00,DK2,128.74,109.00455,-19.735458
2024-04-26 18:00:00,DK1,136.56,121.46411,-15.095886
2024-04-26 18:00:00,DK2,136.56,118.82454,-17.735458
2024-04-26 19:00:00,DK1,110.0,116.85643,6.85643
2024-04-26 19:00:00,DK2,110.0,104.54925,-5.4507523
2024-04-26 20:00:00,DK1,92.71,94.918,2.2080002
2024-04-26 20:00:00,DK2,92.71,86.77102,-5.93898
2024-04-26 21:00:00,DK1,88.26,81.86366,-6.3963394
2024-04-26 21:00:00,DK2,88.26,75.20976,-13.05024
2024-04-26 22:00:00,DK1,90.29,77.936745,-12.353256
2024-04-26 22:00:00,DK2,90.29,72.8371,-17.452904
2024-04-26 23:00:00,DK1,88.9,82.11292,-6.787079
2024-04-26 23:00:00,DK2,88.9,78.75749,-10.142509
2024-04-27 00:00:00,DK1,86.59,82.089096,-4.5009003
2024-04-27 00:00:00,DK2,86.59,77.75742,-8.832573
2024-04-27 01:00:00,DK1,89.03,77.262146,-11.767853
2024-04-27 01:00:00,DK2,89.03,77.2137,-11.816299
2024-04-27 02:00:00,DK1,87.69,82.36043,-5.3295746
2024-04-27 02:00:00,DK2,87.69,78.28133,-9.408676
2024-04-27 03:00:00,DK1,83.88,82.90088,-0.97911835
2024-04-27 03:00:00,DK2,83.88,79.12355,-4.756447
2024-04-27 04:00:00,DK1,86.08,86.3253,0.2453003
2024-04-27 04:00:00,DK2,86.08,79.224335,-6.855667
2024-04-27 05:00:00,DK1,79.04,88.63075,9.590752
2024-04-27 05:00:00,DK2,79.04,80.14499,1.1049881
2024-04-27 06:00:00,DK1,68.65,71.01984,2.369835
2024-04-27 06:00:00,DK2,68.65,68.426506,-0.22349548
2024-04-27 07:00:00,DK1,59.07,51.63954,-7.430458
2024-04-27 07:00:00,DK2,59.07,54.662926,-4.407074
2024-04-27 08:00:00,DK1,38.21,26.828285,-11.381714
2024-04-27 08:00:00,DK2,38.21,26.991682,-11.218317
2024-04-27 09:00:00,DK1,26.09,8.963233,-17.126766
2024-04-27 09:00:00,DK2,26.09,15.140026,-10.949974
2024-04-27 10:00:00,DK1,39.51,4.9705796,-34.539417
2024-04-27 10:00:00,DK2,39.51,12.286901,-27.223097
2024-04-27 11:00:00,DK1,41.41,15.548235,-25.861765
2024-04-27 11:00:00,DK2,41.41,34.801285,-6.608715
2024-04-27 12:00:00,DK1,24.5,63.23388,38.73388
2024-04-27 12:00:00,DK2,24.5,34.62458,10.12458
2024-04-27 13:00:00,DK1,10.06,33.202522,23.14252
2024-04-27 13:00:00,DK2,10.06,23.537127,13.477126
2024-04-27 14:00:00,DK1,20.93,16.428726,-4.501274
2024-04-27 14:00:00,DK2,20.93,18.10875,-2.821251
2024-04-27 15:00:00,DK1,62.18,36.44464,-25.73536
2024-04-27 15:00:00,DK2,62.36,39.371178,-22.988823
2024-04-27 16:00:00,DK1,86.18,85.73628,-0.44371796
2024-04-27 16:00:00,DK2,86.0,66.47203,-19.52797
2024-04-27 17:00:00,DK1,119.9,100.206184,-19.693817
2024-04-27 17:00:00,DK2,119.9,90.583176,-29.316826
2024-04-27 18:00:00,DK1,112.27,109.03764,-3.2323532
2024-04-27 18:00:00,DK2,112.27,100.704865,-11.565132
2024-04-27 19:00:00,DK1,85.0,90.451,5.4509964
2024-04-27 19:00:00,DK2,85.0,89.95031,4.9503098
2024-04-27 20:00:00,DK1,75.9,68.7159,-7.184105
2024-04-27 20:00:00,DK2,75.9,59.005432,-16.89457
2024-04-27 21:00:00,DK1,65.23,57.581993,-7.6480103
2024-04-27 21:00:00,DK2,65.23,59.1801,-6.049904
2024-04-27 22:00:00,DK1,56.39,50.14598,-6.2440186
2024-04-27 22:00:00,DK2,56.39,52.57148,-3.8185196
2024-04-27 23:00:00,DK1,46.14,46.232086,0.09208679
2024-04-27 23:00:00,DK2,46.14,49.31505,3.1750488
2024-04-28 00:00:00,DK1,39.6,31.217894,-8.382105
2024-04-28 00:00:00,DK2,39.6,36.51204,-3.0879593
2024-04-28 01:00:00,DK1,31.55,22.737635,-8.812365
2024-04-28 01:00:00,DK2,32.32,28.727114,-3.592886
2024-04-28 02:00:00,DK1,27.6,17.364216,-10.235785
2024-04-28 02:00:00,DK2,28.49,20.86203,-7.6279697
2024-04-28 03:00:00,DK1,26.05,13.251761,-12.798238
2024-04-28 03:00:00,DK2,26.69,15.17626,-11.513741
2024-04-28 04:00:00,DK1,9.95,10.323911,0.3739109
2024-04-28 04:00:00,DK2,9.95,10.37406,0.42405987
2024-04-28 05:00:00,DK1,0.25,2.8465755,2.5965755
2024-04-28 05:00:00,DK2,0.25,3.6998868,3.4498868
2024-04-28 06:00:00,DK1,0.26,-1.7314513,-1.9914513
2024-04-28 06:00:00,DK2,0.26,-1.8844156,-2.1444156
2024-04-28 07:00:00,DK1,0.22,-6.702468,-6.9224677
2024-04-28 07:00:00,DK2,0.22,-7.3966675,-7.6166673
2024-04-28 08:00:00,DK1,0.0,-9.629744,-9.629744
2024-04-28 08:00:00,DK2,0.0,-10.556108,-10.556108
2024-04-28 09:00:00,DK1,-0.96,-11.996065,-11.036065
2024-04-28 09:00:00,DK2,-0.96,-13.010983,-12.050983
2024-04-28 10:00:00,DK1,-2.42,-13.144949,-10.724949
2024-04-28 10:00:00,DK2,-1.11,-12.599276,-11.489276
2024-04-28 11:00:00,DK1,-2.5,-12.261684,-9.761684
2024-04-28 11:00:00,DK2,-2.5,-9.311364,-6.811364
2024-04-28 12:00:00,DK1,-2.52,-7.9476404,-5.4276404
2024-04-28 12:00:00,DK2,-2.52,-5.127487,-2.6074872
2024-04-28 13:00:00,DK1,-2.1,-3.9795513,-1.8795514
2024-04-28 13:00:00,DK2,-2.03,-2.5998507,-0.5698507
2024-04-28 14:00:00,DK1,-2.08,-1.9255185,0.15448141
2024-04-28 14:00:00,DK2,-0.98,-1.013798,-0.03379798
2024-04-28 15:00:00,DK1,-0.02,1.3753209,1.3953209
2024-04-28 15:00:00,DK2,0.0,1.1076076,1.1076076
2024-04-28 16:00:00,DK1,25.38,19.610518,-5.7694817
2024-04-28 16:00:00,DK2,35.44,11.873493,-23.566505
2024-04-28 17:00:00,DK1,69.36,83.65694,14.296936
2024-04-28 17:00:00,DK2,59.31,35.85428,-23.455723
2024-04-28 18:00:00,DK1,77.45,94.579834,17.129837
2024-04-28 18:00:00,DK2,77.45,38.144547,-39.30545
2024-04-28 19:00:00,DK1,78.19,54.41957,-23.770432
2024-04-28 19:00:00,DK2,78.19,42.91822,-35.271782
2024-04-28 20:00:00,DK1,62.76,76.967094,14.207096
2024-04-28 20:00:00,DK2,62.76,43.215263,-19.544735
2024-04-28 21:00:00,DK1,56.03,41.911316,-14.118683
2024-04-28 21:00:00,DK2,56.03,35.11963,-20.91037
2024-04-28 22:00:00,DK1,41.1,37.931213,-3.168785
2024-04-28 22:00:00,DK2,41.1,26.579556,-14.520443
2024-04-28 23:00:00,DK1,49.71,28.840984,-20.869015
2024-04-28 23:00:00,DK2,49.71,30.500172,-19.209827
2024-04-29 00:00:00,DK1,53.5,34.069427,-19.430573
2024-04-29 00:00:00,DK2,53.5,29.75456,-23.74544
2024-04-29 01:00:00,DK1,59.5,41.964867,-17.535133
2024-04-29 01:00:00,DK2,59.5,37.861107,-21.638893
2024-04-29 02:00:00,DK1,56.89,57.66723,0.7772293
2024-04-29 02:00:00,DK2,56.89,48.335014,-8.554985
2024-04-29 03:00:00,DK1,82.13,68.68122,-13.448776
2024-04-29 03:00:00,DK2,82.13,59.7584,-22.371597
2024-04-29 04:00:00,DK1,99.07,87.17021,-11.899788
2024-04-29 04:00:00,DK2,99.07,79.07125,-19.998749
2024-04-29 05:00:00,DK1,117.95,102.29737,-15.652626
2024-04-29 05:00:00,DK2,117.95,106.24773,-11.7022705
2024-04-29 06:00:00,DK1,100.69,108.26225,7.5722504
2024-04-29 06:00:00,DK2,100.69,103.12136,2.4313583
2024-04-29 07:00:00,DK1,75.17,80.51004,5.340042
2024-04-29 07:00:00,DK2,75.17,73.50313,-1.6668701
2024-04-29 08:00:00,DK1,59.21,46.567863,-12.642136
2024-04-29 08:00:00,DK2,59.21,41.5009,-17.709099
2024-04-29 09:00:00,DK1,36.46,22.848946,-13.611053
2024-04-29 09:00:00,DK2,36.46,35.035423,-1.4245758
2024-04-29 10:00:00,DK1,36.18,13.662165,-22.517836
2024-04-29 10:00:00,DK2,36.18,17.521189,-18.658812
2024-04-29 11:00:00,DK1,35.59,14.325944,-21.264057
2024-04-29 11:00:00,DK2,35.59,14.250494,-21.339506
2024-04-29 12:00:00,DK1,33.63,16.440048,-17.189953
2024-04-29 12:00:00,DK2,33.63,15.899601,-17.7304
2024-04-29 13:00:00,DK1,35.57,26.842573,-8.727427
2024-04-29 13:00:00,DK2,35.57,31.647688,-3.9223118
2024-04-29 14:00:00,DK1,47.68,48.54595,0.86595154
2024-04-29 14:00:00,DK2,47.68,35.065773,-12.614227
2024-04-29 15:00:00,DK1,85.75,62.09436,-23.65564
2024-04-29 15:00:00,DK2,85.75,63.179443,-22.570557
2024-04-29 16:00:00,DK1,104.73,97.39405,-7.3359528
2024-04-29 16:00:00,DK2,104.73,95.923935,-8.806068
2024-04-29 17:00:00,DK1,180.04,121.77968,-58.260315
2024-04-29 17:00:00,DK2,180.04,129.57692,-50.463074
2024-04-29 18:00:00,DK1,204.57,155.59885,-48.97116
2024-04-29 18:00:00,DK2,204.57,162.09592,-42.47409
2024-04-29 19:00:00,DK1,108.55,169.20352,60.65352
2024-04-29 19:00:00,DK2,108.55,134.05066,25.500656
2024-04-29 20:00:00,DK1,87.29,91.23124,3.9412384
2024-04-29 20:00:00,DK2,87.29,90.28026,2.9902573
2024-04-29 21:00:00,DK1,79.2,65.659935,-13.540062
2024-04-29 21:00:00,DK2,79.2,61.649612,-17.550385
2024-04-29 22:00:00,DK1,71.99,61.799393,-10.190605
2024-04-29 22:00:00,DK2,71.99,53.8897,-18.100296
2024-04-29 23:00:00,DK1,65.17,41.328102,-23.841896
2024-04-29 23:00:00,DK2,65.17,53.636566,-11.533432
2024-04-30 00:00:00,DK1,68.72,51.12487,-17.59513
2024-04-30 00:00:00,DK2,68.72,55.048042,-13.671959
2024-04-30 01:00:00,DK1,63.65,56.85653,-6.7934723
2024-04-30 01:00:00,DK2,63.65,52.60087,-11.049133
2024-04-30 02:00:00,DK1,52.76,58.821472,6.061474
2024-04-30 02:00:00,DK2,52.76,53.47431,0.7143135
2024-04-30 03:00:00,DK1,53.47,56.843796,3.3737946
2024-04-30 03:00:00,DK2,55.05,50.79709,-4.2529106
2024-04-30 04:00:00,DK1,55.81,59.434242,3.6242409
2024-04-30 04:00:00,DK2,92.67,48.96747,-43.70253
2024-04-30 05:00:00,DK1,80.73,92.717804,11.987801
2024-04-30 05:00:00,DK2,99.5,96.76242,-2.7375793
2024-04-30 06:00:00,DK1,88.46,92.75592,4.2959213
2024-04-30 06:00:00,DK2,84.45,93.44973,8.999733
2024-04-30 07:00:00,DK1,77.0,57.11158,-19.88842
2024-04-30 07:00:00,DK2,69.22,58.10578,-11.11422
2024-04-30 08:00:00,DK1,62.06,48.548286,-13.511715
2024-04-30 08:00:00,DK2,52.54,45.466553,-7.073448
2024-04-30 09:00:00,DK1,47.1,34.605972,-12.494026
2024-04-30 09:00:00,DK2,43.91,35.419914,-8.490086
2024-04-30 10:00:00,DK1,28.05,21.036253,-7.0137463
2024-04-30 10:00:00,DK2,31.25,20.151579,-11.098421
2024-04-30 11:00:00,DK1,11.3,11.398266,0.09826565
2024-04-30 11:00:00,DK2,11.3,11.6511965,0.3511963
2024-04-30 12:00:00,DK1,10.0,6.275591,-3.724409
2024-04-30 12:00:00,DK2,10.0,9.309534,-0.6904659
2024-04-30 13:00:00,DK1,19.14,9.094836,-10.045163
2024-04-30 13:00:00,DK2,19.41,6.304143,-13.105857
2024-04-30 14:00:00,DK1,45.84,23.295877,-22.544123
2024-04-30 14:00:00,DK2,45.58,27.078169,-18.501833
2024-04-30 15:00:00,DK1,53.39,86.32412,32.93412
2024-04-30 15:00:00,DK2,53.39,49.163162,-4.226837
2024-04-30 16:00:00,DK1,61.05,63.88157,2.8315697
2024-04-30 16:00:00,DK2,61.05,39.16996,-21.88004
2024-04-30 17:00:00,DK1,65.22,51.790146,-13.429855
2024-04-30 17:00:00,DK2,65.22,43.04402,-22.17598
2024-04-30 18:00:00,DK1,64.73,66.3804,1.6503983
2024-04-30 18:00:00,DK2,64.73,40.23031,-24.499695
2024-04-30 19:00:00,DK1,66.05,55.6,-10.450005
2024-04-30 19:00:00,DK2,66.05,44.03392,-22.016083
2024-04-30 20:00:00,DK1,54.09,46.676903,-7.4130974
2024-04-30 20:00:00,DK2,54.09,34.161446,-19.928555
2024-04-30 21:00:00,DK1,51.54,33.029877,-18.510124
2024-04-30 21:00:00,DK2,50.05,28.386457,-21.663542
2024-04-30 22:00:00,DK1,48.65,35.65216,-12.997841
2024-04-30 22:00:00,DK2,38.0,28.094465,-9.905535
2024-04-30 23:00:00,DK1,48.69,30.799366,-17.890633
2024-04-30 23:00:00,DK2,36.61,20.523722,-16.086279
2024-05-01 00:00:00,DK1,48.71,36.08635,-12.62365
2024-05-01 00:00:00,DK2,35.82,19.95561,-15.864389
2024-05-01 01:00:00,DK1,43.99,40.856018,-3.1339836
2024-05-01 01:00:00,DK2,35.1,19.627981,-15.472017
2024-05-01 02:00:00,DK1,47.81,35.52806,-12.28194
2024-05-01 02:00:00,DK2,35.59,30.867899,-4.722101
2024-05-01 03:00:00,DK1,44.69,50.321266,5.6312675
2024-05-01 03:00:00,DK2,35.55,29.002892,-6.5471077
2024-05-01 04:00:00,DK1,42.48,41.072243,-1.4077568
2024-05-01 04:00:00,DK2,38.29,42.5477,4.257698
2024-05-01 05:00:00,DK1,28.08,55.228493,27.148493
2024-05-01 05:00:00,DK2,28.08,34.128807,6.048807
2024-05-01 06:00:00,DK1,8.45,30.159624,21.709625
2024-05-01 06:00:00,DK2,8.68,24.414526,15.734526
2024-05-01 07:00:00,DK1,0.01,6.1862016,6.1762013
2024-05-01 07:00:00,DK2,0.01,7.3387375,7.3287373
2024-05-01 08:00:00,DK1,-0.97,0.72179496,1.691795
2024-05-01 08:00:00,DK2,-0.97,0.40604138,1.3760414
2024-05-01 09:00:00,DK1,-2.42,-2.346161,0.07383919
2024-05-01 09:00:00,DK2,-2.42,0.6772027,3.0972028
2024-05-01 10:00:00,DK1,-2.45,-0.011190891,2.4388092
2024-05-01 10:00:00,DK2,-2.45,1.0714349,3.5214348
2024-05-01 11:00:00,DK1,-2.09,-0.3927145,1.6972854
2024-05-01 11:00:00,DK2,-2.09,1.4849696,3.5749695
2024-05-01 12:00:00,DK1,-2.06,0.78056645,2.8405664
2024-05-01 12:00:00,DK2,-2.06,0.81315374,2.8731537
2024-05-01 13:00:00,DK1,-2.45,2.2711747,4.7211747
2024-05-01 13:00:00,DK2,-2.45,2.590552,5.040552
2024-05-01 14:00:00,DK1,-0.98,6.4136295,7.3936296
2024-05-01 14:00:00,DK2,-0.98,4.8409934,5.8209934
2024-05-01 15:00:00,DK1,-0.1,21.407856,21.507856
2024-05-01 15:00:00,DK2,-0.1,10.430319,10.530319
2024-05-01 16:00:00,DK1,15.32,30.04553,14.725531
2024-05-01 16:00:00,DK2,23.25,16.757359,-6.4926414
2024-05-01 17:00:00,DK1,50.4,79.443726,29.043724
2024-05-01 17:00:00,DK2,41.82,36.487427,-5.332573
2024-05-01 18:00:00,DK1,50.0,58.451347,8.451347
2024-05-01 18:00:00,DK2,48.8,31.263838,-17.536161
2024-05-01 19:00:00,DK1,34.01,37.869743,3.859745
2024-05-01 19:00:00,DK2,34.01,30.824951,-3.1850471
2024-05-01 20:00:00,DK1,29.92,21.860607,-8.059393
2024-05-01 20:00:00,DK2,29.92,22.842619,-7.077381
2024-05-01 21:00:00,DK1,22.0,15.764883,-6.235117
2024-05-01 21:00:00,DK2,22.0,14.012501,-7.987499
2024-05-01 22:00:00,DK1,14.56,8.127747,-6.432254
2024-05-01 22:00:00,DK2,14.56,6.1186714,-8.441329
2024-05-01 23:00:00,DK1,10.94,6.211383,-4.7286167
2024-05-01 23:00:00,DK2,10.94,3.9919147,-6.948085
2024-05-02 00:00:00,DK1,10.0,5.449809,-4.550191
2024-05-02 00:00:00,DK2,10.0,2.50064,-7.49936
2024-05-02 01:00:00,DK1,7.8,2.5747607,-5.2252398
2024-05-02 01:00:00,DK2,7.8,2.9119184,-4.8880816
2024-05-02 02:00:00,DK1,10.63,5.6442347,-4.9857655
2024-05-02 02:00:00,DK2,10.94,2.9297884,-8.010211
2024-05-02 03:00:00,DK1,30.73,14.931608,-15.798391
2024-05-02 03:00:00,DK2,30.42,8.150851,-22.26915
2024-05-02 04:00:00,DK1,39.82,53.61129,13.79129
2024-05-02 04:00:00,DK2,39.82,23.779707,-16.040293
2024-05-02 05:00:00,DK1,51.76,51.26129,-0.49870682
2024-05-02 05:00:00,DK2,51.76,46.46766,-5.2923393
2024-05-02 06:00:00,DK1,58.63,42.735695,-15.894306
2024-05-02 06:00:00,DK2,58.63,39.338997,-19.291004
2024-05-02 07:00:00,DK1,31.45,25.014595,-6.4354057
2024-05-02 07:00:00,DK2,31.45,23.443129,-8.006872
2024-05-02 08:00:00,DK1,5.1,6.787151,1.687151
2024-05-02 08:00:00,DK2,5.22,8.548759,3.3287597
2024-05-02 09:00:00,DK1,-0.08,0.34612834,0.42612833
2024-05-02 09:00:00,DK2,-0.08,1.7369437,1.8169438
2024-05-02 10:00:00,DK1,-1.73,-1.8385067,-0.10850668
2024-05-02 10:00:00,DK2,-1.04,-0.3362708,0.70372915
2024-05-02 11:00:00,DK1,-2.7,-2.1333618,0.56663823
2024-05-02 11:00:00,DK2,-2.7,-0.0674696,2.6325305
2024-05-02 12:00:00,DK1,-0.05,-1.3314793,-1.2814794
2024-05-02 12:00:00,DK2,-0.05,0.7107725,0.7607725
2024-05-02 13:00:00,DK1,-1.39,0.08009744,1.4700974
2024-05-02 13:00:00,DK2,0.0,1.861623,1.861623
2024-05-02 14:00:00,DK1,4.04,2.3157935,-1.7242064
2024-05-02 14:00:00,DK2,4.09,9.989539,5.899539
2024-05-02 15:00:00,DK1,34.92,39.540894,4.6208954
2024-05-02 15:00:00,DK2,34.92,19.355059,-15.5649395
2024-05-02 16:00:00,DK1,39.05,72.0522,33.0022
2024-05-02 16:00:00,DK2,39.05,38.02478,-1.025219
2024-05-02 17:00:00,DK1,41.92,52.636833,10.716835
2024-05-02 17:00:00,DK2,41.92,34.228615,-7.6913834
2024-05-02 18:00:00,DK1,41.99,43.74617,1.7561684
2024-05-02 18:00:00,DK2,41.99,32.15674,-9.833263
2024-05-02 19:00:00,DK1,41.92,56.27587,14.355873
2024-05-02 19:00:00,DK2,41.92,33.770905,-8.149094
2024-05-02 20:00:00,DK1,37.87,26.353914,-11.516085
2024-05-02 20:00:00,DK2,37.87,19.627209,-18.24279
2024-05-02 21:00:00,DK1,33.93,16.593298,-17.336702
2024-05-02 21:00:00,DK2,33.93,20.874292,-13.055708
2024-05-02 22:00:00,DK1,29.78,15.400973,-14.379027
2024-05-02 22:00:00,DK2,29.78,18.115429,-11.664572
2024-05-02 23:00:00,DK1,29.35,13.443422,-15.906578
2024-05-02 23:00:00,DK2,29.35,11.307934,-18.042067
2024-05-03 00:00:00,DK1,29.96,21.089178,-8.870821
2024-05-03 00:00:00,DK2,29.96,17.078863,-12.881136
2024-05-03 01:00:00,DK1,30.01,16.186073,-13.823927
2024-05-03 01:00:00,DK2,30.01,13.946861,-16.063139
2024-05-03 02:00:00,DK1,30.44,17.96712,-12.472881
2024-05-03 02:00:00,DK2,30.44,16.000938,-14.439062
2024-05-03 03:00:00,DK1,31.94,30.422121,-1.5178795
2024-05-03 03:00:00,DK2,31.94,22.994738,-8.945263
2024-05-03 04:00:00,DK1,35.08,42.534676,7.454674
2024-05-03 04:00:00,DK2,35.08,35.46151,0.38150787
2024-05-03 05:00:00,DK1,42.96,49.5011,6.5410995
2024-05-03 05:00:00,DK2,42.96,44.825577,1.8655777
2024-05-03 06:00:00,DK1,42.74,39.691406,-3.0485954
2024-05-03 06:00:00,DK2,42.74,37.168396,-5.5716057
2024-05-03 07:00:00,DK1,38.69,24.19202,-14.497978
2024-05-03 07:00:00,DK2,38.69,26.828653,-11.861345
2024-05-03 08:00:00,DK1,38.09,14.09153,-23.99847
2024-05-03 08:00:00,DK2,38.09,21.808533,-16.281467
2024-05-03 09:00:00,DK1,33.97,12.460612,-21.509388
2024-05-03 09:00:00,DK2,34.98,16.930267,-18.049732
2024-05-03 10:00:00,DK1,33.95,8.525986,-25.424015
2024-05-03 10:00:00,DK2,34.17,14.172899,-19.997099
2024-05-03 11:00:00,DK1,32.61,10.252396,-22.357605
2024-05-03 11:00:00,DK2,32.61,13.077219,-19.532782
2024-05-03 12:00:00,DK1,31.77,11.287935,-20.482065
2024-05-03 12:00:00,DK2,31.77,13.570992,-18.199009
2024-05-03 13:00:00,DK1,30.5,18.49389,-12.006109
2024-05-03 13:00:00,DK2,32.13,21.238108,-10.891893
2024-05-03 14:00:00,DK1,30.4,36.862724,6.4627247
2024-05-03 14:00:00,DK2,34.29,36.337822,2.047821
2024-05-03 15:00:00,DK1,45.96,67.985405,22.025406
2024-05-03 15:00:00,DK2,42.07,53.578415,11.508415
2024-05-03 16:00:00,DK1,80.45,79.08761,-1.3623886
2024-05-03 16:00:00,DK2,80.45,69.79401,-10.655991
2024-05-03 17:00:00,DK1,97.0,98.89213,1.892128
2024-05-03 17:00:00,DK2,97.0,69.759,-27.240997
2024-05-03 18:00:00,DK1,110.02,102.97061,-7.049385
2024-05-03 18:00:00,DK2,110.02,99.67688,-10.343117
2024-05-03 19:00:00,DK1,105.27,100.529175,-4.740822
2024-05-03 19:00:00,DK2,105.27,102.23096,-3.0390396
2024-05-03 20:00:00,DK1,91.32,80.79677,-10.5232315
2024-05-03 20:00:00,DK2,91.32,63.269608,-28.050392
2024-05-03 21:00:00,DK1,85.56,68.05378,-17.506218
2024-05-03 21:00:00,DK2,85.56,71.528496,-14.031502
2024-05-03 22:00:00,DK1,90.8,80.49391,-10.306091
2024-05-03 22:00:00,DK2,90.8,67.76868,-23.031326
2024-05-03 23:00:00,DK1,87.79,70.09511,-17.694893
2024-05-03 23:00:00,DK2,87.79,75.422264,-12.367737
2024-05-04 00:00:00,DK1,86.26,82.012634,-4.247368
2024-05-04 00:00:00,DK2,86.26,74.76776,-11.492241
2024-05-04 01:00:00,DK1,87.72,80.56023,-7.159775
2024-05-04 01:00:00,DK2,87.72,80.243256,-7.4767456
2024-05-04 02:00:00,DK1,90.64,87.25403,-3.385971
2024-05-04 02:00:00,DK2,90.64,87.11549,-3.5245056
2024-05-04 03:00:00,DK1,98.34,90.69586,-7.6441345
2024-05-04 03:00:00,DK2,98.34,92.25357,-6.086426
2024-05-04 04:00:00,DK1,94.19,91.613594,-2.5764084
2024-05-04 04:00:00,DK2,94.19,95.139404,0.94940186
2024-05-04 05:00:00,DK1,90.02,95.2367,5.2167053
2024-05-04 05:00:00,DK2,90.02,88.68184,-1.3381577
2024-05-04 06:00:00,DK1,78.48,79.31081,0.8308029
2024-05-04 06:00:00,DK2,78.48,81.17789,2.6978836
2024-05-04 07:00:00,DK1,62.38,55.949814,-6.430187
2024-05-04 07:00:00,DK2,62.38,46.08245,-16.29755
2024-05-04 08:00:00,DK1,41.17,35.83779,-5.3322067
2024-05-04 08:00:00,DK2,41.17,25.881014,-15.288984
2024-05-04 09:00:00,DK1,31.18,10.876436,-20.303564
2024-05-04 09:00:00,DK2,31.18,8.456753,-22.723248
2024-05-04 10:00:00,DK1,24.93,3.924617,-21.005383
2024-05-04 10:00:00,DK2,24.93,2.9977798,-21.93222
2024-05-04 11:00:00,DK1,14.53,1.2261276,-13.303872
2024-05-04 11:00:00,DK2,14.53,4.55525,-9.97475
2024-05-04 12:00:00,DK1,13.34,2.931729,-10.408271
2024-05-04 12:00:00,DK2,13.34,5.2318516,-8.108149
2024-05-04 13:00:00,DK1,26.03,5.277276,-20.752724
2024-05-04 13:00:00,DK2,26.03,13.934629,-12.095371
2024-05-04 14:00:00,DK1,63.62,44.644447,-18.975552
2024-05-04 14:00:00,DK2,63.62,34.724617,-28.895382
2024-05-04 15:00:00,DK1,79.36,87.08934,7.7293396
2024-05-04 15:00:00,DK2,79.36,77.92938,-1.4306183
2024-05-04 16:00:00,DK1,98.01,102.152725,4.142723
2024-05-04 16:00:00,DK2,98.01,105.5701,7.5600967
2024-05-04 17:00:00,DK1,121.92,116.119415,-5.800583
2024-05-04 17:00:00,DK2,121.92,123.51342,1.5934219
2024-05-04 18:00:00,DK1,135.4,121.85131,-13.548683
2024-05-04 18:00:00,DK2,135.4,123.49431,-11.905685
2024-05-04 19:00:00,DK1,113.56,119.39406,5.8340607
2024-05-04 19:00:00,DK2,113.56,113.48175,-0.07824707
2024-05-04 20:00:00,DK1,90.26,101.33292,11.072914
2024-05-04 20:00:00,DK2,90.26,95.54024,5.2802353
2024-05-04 21:00:00,DK1,83.6,84.71828,1.1182785
2024-05-04 21:00:00,DK2,83.6,86.0997,2.4997025
2024-05-04 22:00:00,DK1,90.58,75.45982,-15.120178
2024-05-04 22:00:00,DK2,90.58,74.40033,-16.179672
2024-05-04 23:00:00,DK1,84.82,75.42778,-9.39222
2024-05-04 23:00:00,DK2,84.82,68.69113,-16.128868
2024-05-05 00:00:00,DK1,83.52,72.67296,-10.847038
2024-05-05 00:00:00,DK2,83.52,68.29023,-15.229767
2024-05-05 01:00:00,DK1,80.49,70.98456,-9.50544
2024-05-05 01:00:00,DK2,80.49,77.42242,-3.0675812
2024-05-05 02:00:00,DK1,74.74,86.129395,11.389397
2024-05-05 02:00:00,DK2,74.74,84.66121,9.921211
2024-05-05 03:00:00,DK1,71.13,85.50213,14.372131
2024-05-05 03:00:00,DK2,71.13,72.61931,1.4893112
2024-05-05 04:00:00,DK1,62.16,68.54974,6.389744
2024-05-05 04:00:00,DK2,62.16,65.80827,3.6482735
2024-05-05 05:00:00,DK1,55.08,53.917534,-1.162468
2024-05-05 05:00:00,DK2,55.08,53.31098,-1.7690201
2024-05-05 06:00:00,DK1,41.33,44.151123,2.8211212
2024-05-05 06:00:00,DK2,41.33,44.214996,2.8849945
2024-05-05 07:00:00,DK1,26.12,23.609728,-2.510273
2024-05-05 07:00:00,DK2,25.63,23.028673,-2.601326
2024-05-05 08:00:00,DK1,8.85,8.759266,-0.09073448
2024-05-05 08:00:00,DK2,9.33,8.0503435,-1.2796564
2024-05-05 09:00:00,DK1,3.59,0.8979075,-2.6920924
2024-05-05 09:00:00,DK2,3.59,1.2624909,-2.327509
2024-05-05 10:00:00,DK1,3.18,-2.2969184,-5.476918
2024-05-05 10:00:00,DK2,3.18,-1.6472425,-4.827243
2024-05-05 11:00:00,DK1,1.94,-3.5239606,-5.4639606
2024-05-05 11:00:00,DK2,1.94,-1.1314096,-3.0714097
2024-05-05 12:00:00,DK1,1.85,-1.0433002,-2.8933
2024-05-05 12:00:00,DK2,1.9,0.44866157,-1.4513384
2024-05-05 13:00:00,DK1,-0.1,-0.8296714,-0.72967136
2024-05-05 13:00:00,DK2,4.27,0.44646263,-3.8235373
2024-05-05 14:00:00,DK1,0.0,1.2359014,1.2359014
2024-05-05 14:00:00,DK2,4.9,3.9213948,-0.9786053
2024-05-05 15:00:00,DK1,32.0,33.746624,1.746624
2024-05-05 15:00:00,DK2,32.0,34.375664,2.3756638
2024-05-05 16:00:00,DK1,86.5,98.163086,11.663086
2024-05-05 16:00:00,DK2,86.5,76.39467,-10.105331
2024-05-05 17:00:00,DK1,96.24,109.20528,12.965279
2024-05-05 17:00:00,DK2,96.24,82.98919,-13.250809
2024-05-05 18:00:00,DK1,111.92,78.114586,-33.805412
2024-05-05 18:00:00,DK2,111.92,94.6348,-17.285194
2024-05-05 19:00:00,DK1,107.53,114.56645,7.0364532
2024-05-05 19:00:00,DK2,107.53,89.59733,-17.93267
2024-05-05 20:00:00,DK1,98.74,80.91862,-17.82138
2024-05-05 20:00:00,DK2,98.74,92.174286,-6.565712
2024-05-05 21:00:00,DK1,88.67,83.847336,-4.8226624
2024-05-05 21:00:00,DK2,88.67,81.86627,-6.803726
2024-05-05 22:00:00,DK1,82.86,74.89763,-7.962372
2024-05-05 22:00:00,DK2,82.86,75.186646,-7.673355
2024-05-05 23:00:00,DK1,79.59,66.209595,-13.380402
2024-05-05 23:00:00,DK2,79.59,68.559074,-11.030922
2024-05-06 00:00:00,DK1,80.41,63.019554,-17.39045
2024-05-06 00:00:00,DK2,80.41,64.02535,-16.384651
2024-05-06 01:00:00,DK1,79.95,64.21911,-15.730888
2024-05-06 01:00:00,DK2,79.95,64.410225,-15.539772
2024-05-06 02:00:00,DK1,81.69,72.98993,-8.700073
2024-05-06 02:00:00,DK2,64.2,74.3782,10.1782
2024-05-06 03:00:00,DK1,87.51,79.03371,-8.476295
2024-05-06 03:00:00,DK2,74.02,71.255974,-2.7640228
2024-05-06 04:00:00,DK1,107.09,87.85356,-19.236435
2024-05-06 04:00:00,DK2,107.09,89.89021,-17.199783
2024-05-06 05:00:00,DK1,130.26,109.473724,-20.78627
2024-05-06 05:00:00,DK2,130.26,112.544174,-17.71582
2024-05-06 06:00:00,DK1,100.46,111.49163,11.031631
2024-05-06 06:00:00,DK2,100.46,104.87709,4.4170914
2024-05-06 07:00:00,DK1,89.0,94.064575,5.064575
2024-05-06 07:00:00,DK2,89.0,91.374054,2.374054
2024-05-06 08:00:00,DK1,81.0,81.22934,0.2293396
2024-05-06 08:00:00,DK2,81.0,77.08847,-3.9115295
2024-05-06 09:00:00,DK1,64.27,65.28727,1.017273
2024-05-06 09:00:00,DK2,64.27,66.82335,2.5533524
2024-05-06 10:00:00,DK1,76.26,51.70723,-24.552773
2024-05-06 10:00:00,DK2,76.26,50.952225,-25.307777
2024-05-06 11:00:00,DK1,74.71,50.55426,-24.155739
2024-05-06 11:00:00,DK2,74.71,57.988,-16.722
2024-05-06 12:00:00,DK1,74.89,68.640205,-6.249794
2024-05-06 12:00:00,DK2,74.89,68.88936,-6.000641
2024-05-06 13:00:00,DK1,81.11,67.143105,-13.966896
2024-05-06 13:00:00,DK2,81.11,59.93492,-21.17508
2024-05-06 14:00:00,DK1,81.62,68.614525,-13.005478
2024-05-06 14:00:00,DK2,81.62,72.2432,-9.376801
2024-05-06 15:00:00,DK1,93.36,88.06011,-5.2998886
2024-05-06 15:00:00,DK2,93.36,84.36386,-8.99614
2024-05-06 16:00:00,DK1,108.37,110.012,1.6419983
2024-05-06 16:00:00,DK2,108.37,112.90592,4.535919
2024-05-06 17:00:00,DK1,136.65,137.45229,0.80229187
2024-05-06 17:00:00,DK2,136.65,140.27257,3.6225739
2024-05-06 18:00:00,DK1,143.99,141.61627,-2.3737335
2024-05-06 18:00:00,DK2,143.99,134.76804,-9.22197
2024-05-06 19:00:00,DK1,107.98,125.10412,17.124115
2024-05-06 19:00:00,DK2,107.98,109.88368,1.9036789
2024-05-06 20:00:00,DK1,94.58,90.46384,-4.116165
2024-05-06 20:00:00,DK2,94.58,78.856865,-15.723137
2024-05-06 21:00:00,DK1,84.42,83.10217,-1.3178253
2024-05-06 21:00:00,DK2,64.65,66.974785,2.3247833
2024-05-06 22:00:00,DK1,81.73,73.42394,-8.306061
2024-05-06 22:00:00,DK2,75.96,57.848717,-18.111282
2024-05-06 23:00:00,DK1,79.17,60.968758,-18.20124
2024-05-06 23:00:00,DK2,75.93,51.43666,-24.49334
2024-05-07 00:00:00,DK1,77.23,81.55917,4.32917
2024-05-07 00:00:00,DK2,75.94,65.61799,-10.322014
2024-05-07 01:00:00,DK1,79.99,66.452995,-13.537003
2024-05-07 01:00:00,DK2,75.97,68.636444,-7.333557
2024-05-07 02:00:00,DK1,80.08,74.0504,-6.029602
2024-05-07 02:00:00,DK2,75.99,70.49412,-5.49588
2024-05-07 03:00:00,DK1,81.89,78.86188,-3.028122
2024-05-07 03:00:00,DK2,76.02,76.41873,0.39873505
2024-05-07 04:00:00,DK1,95.99,82.41995,-13.570045
2024-05-07 04:00:00,DK2,95.99,83.69679,-12.293205
2024-05-07 05:00:00,DK1,118.21,99.5189,-18.691101
2024-05-07 05:00:00,DK2,118.21,104.89975,-13.310249
2024-05-07 06:00:00,DK1,112.66,111.31854,-1.3414612
2024-05-07 06:00:00,DK2,112.66,108.16077,-4.499237
2024-05-07 07:00:00,DK1,91.75,94.85222,3.1022186
2024-05-07 07:00:00,DK2,91.75,86.3359,-5.4141006
2024-05-07 08:00:00,DK1,84.0,72.511894,-11.488106
2024-05-07 08:00:00,DK2,82.62,66.91391,-15.706093
2024-05-07 09:00:00,DK1,75.39,57.325455,-18.064545
2024-05-07 09:00:00,DK2,70.91,74.54968,3.639679
2024-05-07 10:00:00,DK1,56.91,72.29342,15.383419
2024-05-07 10:00:00,DK2,56.91,45.859573,-11.0504265
2024-05-07 11:00:00,DK1,51.75,37.70745,-14.042549
2024-05-07 11:00:00,DK2,51.75,51.09426,-0.65573883
2024-05-07 12:00:00,DK1,47.89,53.860115,5.9701157
2024-05-07 12:00:00,DK2,47.89,38.633835,-9.256165
2024-05-07 13:00:00,DK1,48.81,37.09633,-11.713673
2024-05-07 13:00:00,DK2,48.81,48.51612,-0.29388046
2024-05-07 14:00:00,DK1,75.6,75.34862,-0.25138092
2024-05-07 14:00:00,DK2,75.6,60.445854,-15.154144
2024-05-07 15:00:00,DK1,90.82,97.82831,7.0083084
2024-05-07 15:00:00,DK2,90.82,94.07466,3.2546616
2024-05-07 16:00:00,DK1,105.86,114.96611,9.10611
2024-05-07 16:00:00,DK2,105.86,112.91968,7.059677
2024-05-07 17:00:00,DK1,133.85,110.55223,-23.297775
2024-05-07 17:00:00,DK2,133.85,101.80376,-32.04625
2024-05-07 18:00:00,DK1,151.05,116.0074,-35.042603
2024-05-07 18:00:00,DK2,151.05,114.71146,-36.338547
2024-05-07 19:00:00,DK1,122.04,115.37967,-6.6603317
2024-05-07 19:00:00,DK2,122.04,109.56812,-12.471878
2024-05-07 20:00:00,DK1,101.7,117.030914,15.330917
2024-05-07 20:00:00,DK2,101.7,107.9976,6.2976
2024-05-07 21:00:00,DK1,88.22,94.08115,5.861145
2024-05-07 21:00:00,DK2,88.22,83.58252,-4.6374817
2024-05-07 22:00:00,DK1,83.97,82.60012,-1.3698807
2024-05-07 22:00:00,DK2,83.97,77.19225,-6.777748
2024-05-07 23:00:00,DK1,80.84,82.40962,1.5696259
2024-05-07 23:00:00,DK2,80.84,74.49019,-6.3498077
2024-05-08 00:00:00,DK1,80.88,78.707634,-2.1723633
2024-05-08 00:00:00,DK2,80.88,80.604614,-0.275383
2024-05-08 01:00:00,DK1,82.47,81.48868,-0.98132324
2024-05-08 01:00:00,DK2,82.47,75.87872,-6.591278
2024-05-08 02:00:00,DK1,82.48,78.64906,-3.8309402
2024-05-08 02:00:00,DK2,82.48,77.50861,-4.97139
2024-05-08 03:00:00,DK1,81.25,88.104294,6.854294
2024-05-08 03:00:00,DK2,81.25,81.11758,-0.1324234
2024-05-08 04:00:00,DK1,107.48,96.51106,-10.968941
2024-05-08 04:00:00,DK2,107.48,96.84891,-10.631096
2024-05-08 05:00:00,DK1,118.96,112.88127,-6.0787277
2024-05-08 05:00:00,DK2,118.96,113.13781,-5.8221893
2024-05-08 06:00:00,DK1,110.12,113.820564,3.7005615
2024-05-08 06:00:00,DK2,110.12,108.1577,-1.9623032
2024-05-08 07:00:00,DK1,92.41,95.14644,2.736435
2024-05-08 07:00:00,DK2,92.41,90.12451,-2.285492
2024-05-08 08:00:00,DK1,85.4,81.095215,-4.3047867
2024-05-08 08:00:00,DK2,85.4,75.83119,-9.5688095
2024-05-08 09:00:00,DK1,79.48,69.8432,-9.636803
2024-05-08 09:00:00,DK2,79.48,70.634094,-8.845909
2024-05-08 10:00:00,DK1,71.18,67.96424,-3.2157593
2024-05-08 10:00:00,DK2,71.18,66.59317,-4.58683
2024-05-08 11:00:00,DK1,61.93,64.4132,2.4832
2024-05-08 11:00:00,DK2,61.93,55.189682,-6.7403183
2024-05-08 12:00:00,DK1,62.09,54.9813,-7.1087
2024-05-08 12:00:00,DK2,62.09,54.64231,-7.447689
2024-05-08 13:00:00,DK1,59.89,67.23772,7.3477173
2024-05-08 13:00:00,DK2,59.89,54.946907,-4.9430923
2024-05-08 14:00:00,DK1,64.1,60.50199,-3.5980072
2024-05-08 14:00:00,DK2,64.1,41.48902,-22.610977
2024-05-08 15:00:00,DK1,87.95,70.69703,-17.252968
2024-05-08 15:00:00,DK2,87.95,77.16487,-10.785126
2024-05-08 16:00:00,DK1,103.95,113.173615,9.223618
2024-05-08 16:00:00,DK2,103.95,103.01164,-0.9383545
2024-05-08 17:00:00,DK1,124.48,133.99112,9.511116
2024-05-08 17:00:00,DK2,124.48,129.87509,5.395088
2024-05-08 18:00:00,DK1,134.42,131.51793,-2.902069
2024-05-08 18:00:00,DK2,134.42,124.20559,-10.214409
2024-05-08 19:00:00,DK1,114.65,116.94148,2.291481
2024-05-08 19:00:00,DK2,114.65,109.05773,-5.59227
2024-05-08 20:00:00,DK1,96.54,98.30597,1.7659683
2024-05-08 20:00:00,DK2,96.54,90.63204,-5.907959
2024-05-08 21:00:00,DK1,87.96,85.17697,-2.7830276
2024-05-08 21:00:00,DK2,87.96,76.94666,-11.013336
2024-05-08 22:00:00,DK1,87.6,78.14521,-9.454788
2024-05-08 22:00:00,DK2,87.6,71.20284,-16.397156
2024-05-08 23:00:00,DK1,88.06,77.459206,-10.600792
2024-05-08 23:00:00,DK2,88.06,77.78058,-10.279419
2024-05-09 00:00:00,DK1,82.97,81.65046,-1.3195419
2024-05-09 00:00:00,DK2,82.97,76.29698,-6.6730194
2024-05-09 01:00:00,DK1,81.61,78.50751,-3.1024933
2024-05-09 01:00:00,DK2,81.61,74.54964,-7.060364
2024-05-09 02:00:00,DK1,75.51,79.376305,3.8663025
2024-05-09 02:00:00,DK2,75.51,70.95085,-4.5591507
2024-05-09 03:00:00,DK1,76.56,82.28706,5.727066
2024-05-09 03:00:00,DK2,76.56,71.542244,-5.0177536
2024-05-09 04:00:00,DK1,84.0,86.93055,2.9305496
2024-05-09 04:00:00,DK2,84.0,78.72308,-5.2769165
2024-05-09 05:00:00,DK1,80.65,89.08766,8.43766
2024-05-09 05:00:00,DK2,80.65,73.74359,-6.90641
2024-05-09 06:00:00,DK1,65.53,73.02203,7.492035
2024-05-09 06:00:00,DK2,65.53,58.178932,-7.3510666
2024-05-09 07:00:00,DK1,23.34,55.685844,32.345844
2024-05-09 07:00:00,DK2,23.34,42.484436,19.144436
2024-05-09 08:00:00,DK1,5.07,26.09799,21.02799
2024-05-09 08:00:00,DK2,4.98,17.265717,12.285717
2024-05-09 09:00:00,DK1,-0.06,7.0566883,7.1166883
2024-05-09 09:00:00,DK2,1.09,3.4808416,2.3908415
2024-05-09 10:00:00,DK1,-0.65,-0.53193736,0.118062615
2024-05-09 10:00:00,DK2,-0.16,-2.6721,-2.5121
2024-05-09 11:00:00,DK1,-1.14,-4.280084,-3.1400843
2024-05-09 11:00:00,DK2,-0.59,-4.3441086,-3.7541087
2024-05-09 12:00:00,DK1,-1.17,-3.0856829,-1.9156829
2024-05-09 12:00:00,DK2,-0.78,-1.3760159,-0.59601593
2024-05-09 13:00:00,DK1,-0.69,3.248932,3.938932
2024-05-09 13:00:00,DK2,-0.18,1.2153006,1.3953006
2024-05-09 14:00:00,DK1,0.68,0.24418402,-0.435816
2024-05-09 14:00:00,DK2,3.08,1.6431875,-1.4368124
2024-05-09 15:00:00,DK1,64.48,15.936981,-48.543022
2024-05-09 15:00:00,DK2,62.07,45.72928,-16.340721
2024-05-09 16:00:00,DK1,85.06,129.69418,44.634186
2024-05-09 16:00:00,DK2,85.06,85.8214,0.76140594
2024-05-09 17:00:00,DK1,99.41,108.5146,9.104599
2024-05-09 17:00:00,DK2,99.41,97.64248,-1.7675247
2024-05-09 18:00:00,DK1,118.17,91.46643,-26.703568
2024-05-09 18:00:00,DK2,118.17,84.399254,-33.770744
2024-05-09 19:00:00,DK1,114.83,104.93224,-9.8977585
2024-05-09 19:00:00,DK2,114.83,96.47972,-18.35028
2024-05-09 20:00:00,DK1,94.65,95.593346,0.9433441
2024-05-09 20:00:00,DK2,94.65,79.99802,-14.651985
2024-05-09 21:00:00,DK1,87.75,75.59423,-12.155769
2024-05-09 21:00:00,DK2,87.75,75.275375,-12.474625
2024-05-09 22:00:00,DK1,92.13,71.84192,-20.288078
2024-05-09 22:00:00,DK2,92.13,74.32089,-17.809105
2024-05-09 23:00:00,DK1,84.93,79.60012,-5.3298798
2024-05-09 23:00:00,DK2,84.93,70.150536,-14.779465
2024-05-10 00:00:00,DK1,77.07,73.82962,-3.2403793
2024-05-10 00:00:00,DK2,77.07,68.722855,-8.347145
2024-05-10 01:00:00,DK1,74.48,73.30039,-1.1796112
2024-05-10 01:00:00,DK2,74.48,63.57012,-10.909882
2024-05-10 02:00:00,DK1,74.78,70.336426,-4.443573
2024-05-10 02:00:00,DK2,74.78,68.86276,-5.9172363
2024-05-10 03:00:00,DK1,63.95,82.69484,18.744839
2024-05-10 03:00:00,DK2,63.95,66.76106,2.8110619
2024-05-10 04:00:00,DK1,72.49,70.10633,-2.383667
2024-05-10 04:00:00,DK2,72.49,67.13881,-5.3511887
2024-05-10 05:00:00,DK1,109.47,70.08397,-39.386032
2024-05-10 05:00:00,DK2,109.47,78.25614,-31.21386
2024-05-10 06:00:00,DK1,95.6,95.96026,0.36026
2024-05-10 06:00:00,DK2,95.6,92.53277,-3.0672302
2024-05-10 07:00:00,DK1,67.39,85.46282,18.072823
2024-05-10 07:00:00,DK2,67.39,75.390495,8.000496
2024-05-10 08:00:00,DK1,20.84,55.976234,35.136234
2024-05-10 08:00:00,DK2,20.84,38.707115,17.867115
2024-05-10 09:00:00,DK1,2.91,16.255558,13.345558
2024-05-10 09:00:00,DK2,2.87,9.992971,7.1229715
2024-05-10 10:00:00,DK1,0.58,2.5302927,1.9502928
2024-05-10 10:00:00,DK2,0.52,1.8784437,1.3584437
2024-05-10 11:00:00,DK1,0.41,-2.0879111,-2.4979112
2024-05-10 11:00:00,DK2,0.02,-1.6118855,-1.6318855
2024-05-10 12:00:00,DK1,0.08,-2.5236864,-2.6036863
2024-05-10 12:00:00,DK2,0.02,-1.2857683,-1.3057683
2024-05-10 13:00:00,DK1,20.42,-0.11715937,-20.537159
2024-05-10 13:00:00,DK2,20.42,3.3478198,-17.07218
2024-05-10 14:00:00,DK1,65.46,27.447872,-38.012127
2024-05-10 14:00:00,DK2,65.46,41.762466,-23.697533
2024-05-10 15:00:00,DK1,78.5,105.55864,27.05864
2024-05-10 15:00:00,DK2,85.88,80.10075,-5.7792435
2024-05-10 16:00:00,DK1,93.25,101.93328,8.683281
2024-05-10 16:00:00,DK2,105.91,104.128235,-1.7817688
2024-05-10 17:00:00,DK1,111.13,121.04905,9.919052
2024-05-10 17:00:00,DK2,135.16,112.12082,-23.039185
2024-05-10 18:00:00,DK1,159.9,88.67389,-71.226105
2024-05-10 18:00:00,DK2,166.63,112.96199,-53.668015
2024-05-10 19:00:00,DK1,132.31,121.89418,-10.415817
2024-05-10 19:00:00,DK2,136.31,130.67825,-5.6317444
2024-05-10 20:00:00,DK1,104.87,125.02569,20.155685
2024-05-10 20:00:00,DK2,104.87,106.1305,1.260498
2024-05-10 21:00:00,DK1,90.31,90.02258,-0.28741455
2024-05-10 21:00:00,DK2,92.16,88.07142,-4.088585
2024-05-10 22:00:00,DK1,85.99,78.84021,-7.149788
2024-05-10 22:00:00,DK2,96.76,75.56681,-21.193192
2024-05-10 23:00:00,DK1,80.84,78.59752,-2.2424774
2024-05-10 23:00:00,DK2,94.18,77.484726,-16.695274
2024-05-11 00:00:00,DK1,79.1,76.93474,-2.1652603
2024-05-11 00:00:00,DK2,90.03,76.82185,-13.208145
2024-05-11 01:00:00,DK1,82.51,75.329475,-7.1805267
2024-05-11 01:00:00,DK2,89.09,68.4812,-20.608795
2024-05-11 02:00:00,DK1,79.04,63.547386,-15.492615
2024-05-11 02:00:00,DK2,89.91,78.93619,-10.973816
2024-05-11 03:00:00,DK1,79.14,88.083694,8.943695
2024-05-11 03:00:00,DK2,90.7,81.05191,-9.648087
2024-05-11 04:00:00,DK1,78.0,66.164536,-11.8354645
2024-05-11 04:00:00,DK2,86.72,65.84517,-20.874832
2024-05-11 05:00:00,DK1,68.07,60.012505,-8.057495
2024-05-11 05:00:00,DK2,79.67,61.48723,-18.18277
2024-05-11 06:00:00,DK1,56.47,50.82209,-5.647911
2024-05-11 06:00:00,DK2,56.47,49.94863,-6.52137
2024-05-11 07:00:00,DK1,6.8,25.29473,18.494728
2024-05-11 07:00:00,DK2,6.97,14.221327,7.251327
2024-05-11 08:00:00,DK1,0.79,3.1073277,2.3173277
2024-05-11 08:00:00,DK2,0.79,1.0684056,0.2784056
2024-05-11 09:00:00,DK1,0.0,-3.6447244,-3.6447244
2024-05-11 09:00:00,DK2,0.0,-3.7490926,-3.7490926
2024-05-11 10:00:00,DK1,-0.58,-7.480035,-6.900035
2024-05-11 10:00:00,DK2,-0.58,-5.652786,-5.072786
2024-05-11 11:00:00,DK1,-0.88,-8.021961,-7.141961
2024-05-11 11:00:00,DK2,-0.88,-5.875043,-4.995043
2024-05-11 12:00:00,DK1,-0.91,-6.4879503,-5.5779505
2024-05-11 12:00:00,DK2,-0.91,-3.5790086,-2.6690085
2024-05-11 13:00:00,DK1,-0.07,-2.7365584,-2.6665585
2024-05-11 13:00:00,DK2,-0.07,-1.1943526,-1.1243526
2024-05-11 14:00:00,DK1,-0.41,5.6729136,6.0829134
2024-05-11 14:00:00,DK2,2.98,3.5815089,0.60150886
2024-05-11 15:00:00,DK1,32.77,36.674255,3.904255
2024-05-11 15:00:00,DK2,32.77,27.020742,-5.749258
2024-05-11 16:00:00,DK1,69.49,81.902695,12.412697
2024-05-11 16:00:00,DK2,78.43,61.27137,-17.15863
2024-05-11 17:00:00,DK1,86.02,83.28016,-2.7398376
2024-05-11 17:00:00,DK2,101.68,90.42584,-11.254158
2024-05-11 18:00:00,DK1,108.0,107.450356,-0.5496445
2024-05-11 18:00:00,DK2,122.5,102.30522,-20.194778
2024-05-11 19:00:00,DK1,90.31,101.31973,11.009735
2024-05-11 19:00:00,DK2,103.48,100.340546,-3.1394577
2024-05-11 20:00:00,DK1,78.82,77.93938,-0.88062286
2024-05-11 20:00:00,DK2,86.26,78.3273,-7.932701
2024-05-11 21:00:00,DK1,68.02,58.60946,-9.410538
2024-05-11 21:00:00,DK2,68.37,65.09116,-3.278839
2024-05-11 22:00:00,DK1,63.0,44.968185,-18.031815
2024-05-11 22:00:00,DK2,65.49,47.598373,-17.891624
2024-05-11 23:00:00,DK1,51.36,43.03662,-8.3233795
2024-05-11 23:00:00,DK2,54.5,48.777573,-5.7224274
2024-05-12 00:00:00,DK1,42.72,37.874786,-4.845215
2024-05-12 00:00:00,DK2,44.52,40.097137,-4.422863
2024-05-12 01:00:00,DK1,39.0,29.049135,-9.950865
2024-05-12 01:00:00,DK2,41.22,32.656006,-8.563995
2024-05-12 02:00:00,DK1,38.38,24.929296,-13.450705
2024-05-12 02:00:00,DK2,46.33,32.22701,-14.102993
2024-05-12 03:00:00,DK1,43.5,26.665146,-16.834854
2024-05-12 03:00:00,DK2,43.5,37.347176,-6.1528244
2024-05-12 04:00:00,DK1,17.61,33.016495,15.406494
2024-05-12 04:00:00,DK2,17.61,27.422167,9.812166
2024-05-12 05:00:00,DK1,4.79,13.644857,8.854857
2024-05-12 05:00:00,DK2,4.79,9.930547,5.140547
2024-05-12 06:00:00,DK1,2.35,2.648334,0.29833412
2024-05-12 06:00:00,DK2,1.48,0.8252826,-0.65471745
2024-05-12 07:00:00,DK1,-2.63,-4.422762,-1.7927618
2024-05-12 07:00:00,DK2,-1.23,-3.288288,-2.058288
2024-05-12 08:00:00,DK1,-2.57,-8.87331,-6.3033104
2024-05-12 08:00:00,DK2,-2.57,-8.827848,-6.2578487
2024-05-12 09:00:00,DK1,-4.07,-12.100363,-8.030363
2024-05-12 09:00:00,DK2,-4.07,-12.509798,-8.439798
2024-05-12 10:00:00,DK1,-5.09,-13.548814,-8.458814
2024-05-12 10:00:00,DK2,-5.09,-13.643173,-8.553173
2024-05-12 11:00:00,DK1,-6.58,-13.956778,-7.3767776
2024-05-12 11:00:00,DK2,-6.58,-14.12269,-7.5426903
2024-05-12 12:00:00,DK1,-5.16,-13.891113,-8.731113
2024-05-12 12:00:00,DK2,-5.16,-13.386858,-8.226858
2024-05-12 13:00:00,DK1,-12.07,-13.086989,-1.0169897
2024-05-12 13:00:00,DK2,-2.09,-12.694973,-10.604973
2024-05-12 14:00:00,DK1,-28.81,-11.698259,17.11174
2024-05-12 14:00:00,DK2,-0.09,-10.506994,-10.416994
2024-05-12 15:00:00,DK1,-1.33,-6.721678,-5.391678
2024-05-12 15:00:00,DK2,2.59,-2.3559957,-4.9459953
2024-05-12 16:00:00,DK1,22.5,16.77245,-5.7275505
2024-05-12 16:00:00,DK2,24.72,34.45395,9.73395
2024-05-12 17:00:00,DK1,65.84,99.53224,33.692245
2024-05-12 17:00:00,DK2,63.62,61.277657,-2.3423424
2024-05-12 18:00:00,DK1,73.92,72.03432,-1.8856812
2024-05-12 18:00:00,DK2,73.92,69.034515,-4.885483
2024-05-12 19:00:00,DK1,55.4,61.881294,6.4812927
2024-05-12 19:00:00,DK2,55.4,54.089996,-1.3100052
2024-05-12 20:00:00,DK1,44.43,35.180435,-9.249565
2024-05-12 20:00:00,DK2,44.43,40.784256,-3.6457443
2024-05-12 21:00:00,DK1,35.61,24.590982,-11.019018
2024-05-12 21:00:00,DK2,35.61,31.389914,-4.220087
2024-05-12 22:00:00,DK1,26.84,20.153948,-6.6860523
2024-05-12 22:00:00,DK2,26.84,24.758642,-2.081358
2024-05-12 23:00:00,DK1,25.88,14.415133,-11.464866
2024-05-12 23:00:00,DK2,25.88,18.115288,-7.7647114
2024-05-13 00:00:00,DK1,25.71,11.622749,-14.08725
2024-05-13 00:00:00,DK2,25.71,14.951264,-10.758735
2024-05-13 01:00:00,DK1,24.7,15.375231,-9.32477
2024-05-13 01:00:00,DK2,24.7,15.468004,-9.231997
2024-05-13 02:00:00,DK1,27.0,16.215578,-10.784422
2024-05-13 02:00:00,DK2,27.0,17.358706,-9.6412945
2024-05-13 03:00:00,DK1,36.65,21.544727,-15.105274
2024-05-13 03:00:00,DK2,36.65,23.0855,-13.564501
2024-05-13 04:00:00,DK1,48.84,34.774803,-14.065197
2024-05-13 04:00:00,DK2,48.84,50.51358,1.6735802
2024-05-13 05:00:00,DK1,100.95,73.39583,-27.554169
2024-05-13 05:00:00,DK2,100.95,71.78645,-29.163544
2024-05-13 06:00:00,DK1,76.59,76.90779,0.3177948
2024-05-13 06:00:00,DK2,76.59,74.38485,-2.2051468
2024-05-13 07:00:00,DK1,43.51,67.826614,24.316616
2024-05-13 07:00:00,DK2,37.59,54.471855,16.881855
2024-05-13 08:00:00,DK1,10.38,31.978838,21.598839
2024-05-13 08:00:00,DK2,18.19,13.727839,-4.462161
2024-05-13 09:00:00,DK1,-0.97,4.6540155,5.624016
2024-05-13 09:00:00,DK2,7.04,4.149144,-2.8908558
2024-05-13 10:00:00,DK1,-2.5,-0.013798237,2.4862018
2024-05-13 10:00:00,DK2,1.59,1.7582816,0.16828156
2024-05-13 11:00:00,DK1,-2.27,-1.2352653,1.0347347
2024-05-13 11:00:00,DK2,1.01,0.33234942,-0.6776506
2024-05-13 12:00:00,DK1,-1.81,0.26202655,2.0720265
2024-05-13 12:00:00,DK2,0.01,-0.23348618,-0.24348618
2024-05-13 13:00:00,DK1,-0.73,-0.060682297,0.6693177
2024-05-13 13:00:00,DK2,1.51,1.8599908,0.34999084
2024-05-13 14:00:00,DK1,0.07,5.143981,5.073981
2024-05-13 14:00:00,DK2,17.19,9.434147,-7.7558537
2024-05-13 15:00:00,DK1,51.05,25.200338,-25.84966
2024-05-13 15:00:00,DK2,33.93,45.82254,11.89254
2024-05-13 16:00:00,DK1,37.6,76.15935,38.55935
2024-05-13 16:00:00,DK2,37.6,46.390427,8.790428
2024-05-13 17:00:00,DK1,43.04,61.024902,17.984901
2024-05-13 17:00:00,DK2,43.04,29.538172,-13.501829
2024-05-13 18:00:00,DK1,38.2,40.72686,2.5268593
2024-05-13 18:00:00,DK2,38.2,34.532707,-3.6672935
2024-05-13 19:00:00,DK1,35.12,41.750336,6.6303368
2024-05-13 19:00:00,DK2,35.12,26.06275,-9.057249
2024-05-13 20:00:00,DK1,31.31,16.680592,-14.629408
2024-05-13 20:00:00,DK2,31.31,36.504227,5.194227
2024-05-13 21:00:00,DK1,33.66,63.771423,30.111423
2024-05-13 21:00:00,DK2,33.66,45.499702,11.839703
2024-05-13 22:00:00,DK1,23.38,27.827333,4.4473343
2024-05-13 22:00:00,DK2,23.38,19.340849,-4.03915
2024-05-13 23:00:00,DK1,19.95,15.508453,-4.4415474
2024-05-13 23:00:00,DK2,19.95,19.17511,-0.7748909
2024-05-14 00:00:00,DK1,19.93,19.054583,-0.8754177
2024-05-14 00:00:00,DK2,19.93,15.978691,-3.9513092
2024-05-14 01:00:00,DK1,19.95,19.09971,-0.8502903
2024-05-14 01:00:00,DK2,19.95,18.06343,-1.88657
2024-05-14 02:00:00,DK1,20.0,22.70638,2.7063808
2024-05-14 02:00:00,DK2,20.0,20.079329,0.07932854
2024-05-14 03:00:00,DK1,23.01,27.9534,4.9433994
2024-05-14 03:00:00,DK2,23.01,25.079796,2.0697956
2024-05-14 04:00:00,DK1,38.37,36.879562,-1.4904366
2024-05-14 04:00:00,DK2,38.37,31.009398,-7.3606014
2024-05-14 05:00:00,DK1,45.18,42.84735,-2.3326492
2024-05-14 05:00:00,DK2,54.97,41.424446,-13.545555
2024-05-14 06:00:00,DK1,46.75,53.855194,7.105194
2024-05-14 06:00:00,DK2,46.75,50.28215,3.5321503
2024-05-14 07:00:00,DK1,5.64,46.956627,41.316628
2024-05-14 07:00:00,DK2,7.73,32.506783,24.776783
2024-05-14 08:00:00,DK1,-2.33,9.769775,12.099775
2024-05-14 08:00:00,DK2,0.33,6.3575954,6.0275955
2024-05-14 09:00:00,DK1,-3.32,0.293123,3.613123
2024-05-14 09:00:00,DK2,-1.46,1.6918018,3.1518018
2024-05-14 10:00:00,DK1,-3.34,-0.93116903,2.408831
2024-05-14 10:00:00,DK2,-3.0,0.82041323,3.820413
2024-05-14 11:00:00,DK1,-3.72,-1.7909102,1.9290898
2024-05-14 11:00:00,DK2,-3.72,-0.025452375,3.6945477
2024-05-14 12:00:00,DK1,-4.99,-0.9090514,4.0809484
2024-05-14 12:00:00,DK2,-4.99,-0.17869902,4.8113008
2024-05-14 13:00:00,DK1,-3.99,0.38608122,4.3760815
2024-05-14 13:00:00,DK2,-3.99,0.32701373,4.3170137
2024-05-14 14:00:00,DK1,-2.03,0.68421745,2.7142174
2024-05-14 14:00:00,DK2,-0.92,3.7110467,4.631047
2024-05-14 15:00:00,DK1,-0.04,14.260748,14.300748
2024-05-14 15:00:00,DK2,1.49,6.147207,4.6572065
2024-05-14 16:00:00,DK1,34.21,27.112892,-7.097107
2024-05-14 16:00:00,DK2,32.68,26.311256,-6.368744
2024-05-14 17:00:00,DK1,37.62,53.94403,16.324032
2024-05-14 17:00:00,DK2,37.62,24.516222,-13.103777
2024-05-14 18:00:00,DK1,37.72,75.64566,37.92566
2024-05-14 18:00:00,DK2,37.72,35.1634,-2.5566025
2024-05-14 19:00:00,DK1,36.33,29.998552,-6.3314495
2024-05-14 19:00:00,DK2,36.33,25.203074,-11.126928
2024-05-14 20:00:00,DK1,32.42,24.102942,-8.317057
2024-05-14 20:00:00,DK2,32.42,21.485785,-10.934214
2024-05-14 21:00:00,DK1,26.85,16.937948,-9.912052
2024-05-14 21:00:00,DK2,16.25,17.708727,1.4587269
2024-05-14 22:00:00,DK1,30.5,14.708167,-15.791833
2024-05-14 22:00:00,DK2,9.59,10.264862,0.6748619
2024-05-14 23:00:00,DK1,32.27,10.273233,-21.996767
2024-05-14 23:00:00,DK2,8.01,7.1595874,-0.85041285
2024-05-15 00:00:00,DK1,30.52,13.132334,-17.387667
2024-05-15 00:00:00,DK2,19.38,3.687861,-15.692139
2024-05-15 01:00:00,DK1,30.51,16.827467,-13.682533
2024-05-15 01:00:00,DK2,16.16,5.24848,-10.91152
2024-05-15 02:00:00,DK1,29.83,19.63382,-10.19618
2024-05-15 02:00:00,DK2,9.99,7.9213457,-2.068654
2024-05-15 03:00:00,DK1,26.88,22.874462,-4.005537
2024-05-15 03:00:00,DK2,26.88,10.525656,-16.354343
2024-05-15 04:00:00,DK1,36.2,33.09821,-3.1017914
2024-05-15 04:00:00,DK2,36.2,24.160051,-12.039949
2024-05-15 05:00:00,DK1,57.89,43.769646,-14.120354
2024-05-15 05:00:00,DK2,57.89,46.619514,-11.270485
2024-05-15 06:00:00,DK1,59.96,47.56443,-12.395569
2024-05-15 06:00:00,DK2,59.96,46.54563,-13.414368
2024-05-15 07:00:00,DK1,43.52,37.085846,-6.4341545
2024-05-15 07:00:00,DK2,43.52,32.038452,-11.481548
2024-05-15 08:00:00,DK1,7.36,12.403566,5.043566
2024-05-15 08:00:00,DK2,7.06,10.756172,3.6961722
2024-05-15 09:00:00,DK1,-0.08,1.2033038,1.2833039
2024-05-15 09:00:00,DK2,0.22,0.17952847,-0.040471524
2024-05-15 10:00:00,DK1,-2.01,-4.2148504,-2.2048504
2024-05-15 10:00:00,DK2,-0.93,-3.211913,-2.281913
2024-05-15 11:00:00,DK1,-1.31,-5.3378124,-4.0278125
2024-05-15 11:00:00,DK2,-1.05,-3.7592463,-2.7092464
2024-05-15 12:00:00,DK1,-0.95,-4.1515784,-3.2015784
2024-05-15 12:00:00,DK2,-0.95,-1.868325,-0.918325
2024-05-15 13:00:00,DK1,-0.09,-1.841263,-1.751263
2024-05-15 13:00:00,DK2,-0.09,1.3312495,1.4212495
2024-05-15 14:00:00,DK1,1.73,6.640299,4.910299
2024-05-15 14:00:00,DK2,1.73,4.112276,2.382276
2024-05-15 15:00:00,DK1,23.77,7.19858,-16.57142
2024-05-15 15:00:00,DK2,6.95,33.37572,26.42572
2024-05-15 16:00:00,DK1,28.92,67.38257,38.46257
2024-05-15 16:00:00,DK2,28.92,29.713087,0.793087
2024-05-15 17:00:00,DK1,36.42,42.415825,5.9958267
2024-05-15 17:00:00,DK2,36.42,19.776081,-16.643917
2024-05-15 18:00:00,DK1,37.16,29.787148,-7.3728523
2024-05-15 18:00:00,DK2,37.16,23.440187,-13.719812
2024-05-15 19:00:00,DK1,35.63,32.420166,-3.209835
2024-05-15 19:00:00,DK2,35.63,19.354675,-16.275326
2024-05-15 20:00:00,DK1,35.4,22.167664,-13.232338
2024-05-15 20:00:00,DK2,35.4,18.715818,-16.684183
2024-05-15 21:00:00,DK1,32.97,22.134712,-10.835289
2024-05-15 21:00:00,DK2,17.35,10.475663,-6.874337
2024-05-15 22:00:00,DK1,21.0,21.916685,0.9166851
2024-05-15 22:00:00,DK2,2.66,13.890884,11.230885
2024-05-15 23:00:00,DK1,19.67,14.72888,-4.94112
2024-05-15 23:00:00,DK2,2.73,4.7968645,2.0668645
2024-05-16 00:00:00,DK1,19.66,9.45703,-10.20297
2024-05-16 00:00:00,DK2,3.36,3.200328,-0.15967178
2024-05-16 01:00:00,DK1,19.23,7.963599,-11.2664
2024-05-16 01:00:00,DK2,4.51,2.6669865,-1.8430138
2024-05-16 02:00:00,DK1,19.47,10.258203,-9.211797
2024-05-16 02:00:00,DK2,6.87,3.2859473,-3.5840526
2024-05-16 03:00:00,DK1,17.72,14.086356,-3.6336432
2024-05-16 03:00:00,DK2,17.2,5.2632513,-11.936749
2024-05-16 04:00:00,DK1,25.97,19.480982,-6.4890175
2024-05-16 04:00:00,DK2,25.97,12.06089,-13.909109
2024-05-16 05:00:00,DK1,46.08,33.6493,-12.430702
2024-05-16 05:00:00,DK2,46.08,31.76045,-14.319551
2024-05-16 06:00:00,DK1,40.31,41.65148,1.3414803
2024-05-16 06:00:00,DK2,40.31,39.006668,-1.3033333
2024-05-16 07:00:00,DK1,26.75,27.69995,0.94994926
2024-05-16 07:00:00,DK2,26.75,26.499926,-0.2500744
2024-05-16 08:00:00,DK1,11.5,14.176672,2.676672
2024-05-16 08:00:00,DK2,10.32,12.623335,2.3033352
2024-05-16 09:00:00,DK1,0.08,3.3641875,3.2841876
2024-05-16 09:00:00,DK2,1.26,3.6514475,2.3914475
2024-05-16 10:00:00,DK1,-0.02,-0.77495193,-0.75495195
2024-05-16 10:00:00,DK2,-0.02,0.8654963,0.88549626
2024-05-16 11:00:00,DK1,-0.71,-2.3001208,-1.5901208
2024-05-16 11:00:00,DK2,-0.71,-0.56882644,0.14117354
2024-05-16 12:00:00,DK1,-0.16,-2.1617222,-2.001722
2024-05-16 12:00:00,DK2,-0.16,-0.16942453,-0.009424537
2024-05-16 13:00:00,DK1,0.01,-1.6137857,-1.6237857
2024-05-16 13:00:00,DK2,0.92,1.1406467,0.22064668
2024-05-16 14:00:00,DK1,10.0,4.5397277,-5.4602723
2024-05-16 14:00:00,DK2,9.09,4.7385654,-4.3514347
2024-05-16 15:00:00,DK1,17.28,31.414064,14.134064
2024-05-16 15:00:00,DK2,17.28,23.29608,6.016079
2024-05-16 16:00:00,DK1,20.81,33.887123,13.077124
2024-05-16 16:00:00,DK2,20.81,24.30533,3.4953308
2024-05-16 17:00:00,DK1,24.36,44.053932,19.693932
2024-05-16 17:00:00,DK2,24.36,31.530743,7.170742
2024-05-16 18:00:00,DK1,26.21,45.520134,19.310135
2024-05-16 18:00:00,DK2,26.21,16.944,-9.265999
2024-05-16 19:00:00,DK1,25.29,19.643114,-5.646887
2024-05-16 19:00:00,DK2,25.29,12.142595,-13.147406
2024-05-16 20:00:00,DK1,22.41,16.476645,-5.9333553
2024-05-16 20:00:00,DK2,17.84,8.703472,-9.136528
2024-05-16 21:00:00,DK1,27.78,9.8492565,-17.930744
2024-05-16 21:00:00,DK2,4.3,7.8391943,3.539194
2024-05-16 22:00:00,DK1,19.59,14.081837,-5.5081635
2024-05-16 22:00:00,DK2,3.3,5.8661294,2.5661294
2024-05-16 23:00:00,DK1,18.69,15.216861,-3.4731398
2024-05-16 23:00:00,DK2,2.86,6.4133053,3.5533054
2024-05-17 00:00:00,DK1,18.44,11.569296,-6.8707047
2024-05-17 00:00:00,DK2,2.81,6.061778,3.2517781
2024-05-17 01:00:00,DK1,18.34,11.640926,-6.699074
2024-05-17 01:00:00,DK2,2.82,4.5342097,1.7142098
2024-05-17 02:00:00,DK1,18.77,13.452721,-5.31728
2024-05-17 02:00:00,DK2,3.48,5.2105703,1.7305703
2024-05-17 03:00:00,DK1,19.19,14.776214,-4.413787
2024-05-17 03:00:00,DK2,4.99,6.930132,1.9401321
2024-05-17 04:00:00,DK1,23.07,19.22623,-3.843769
2024-05-17 04:00:00,DK2,23.07,12.890822,-10.179177
2024-05-17 05:00:00,DK1,29.97,41.79843,11.828432
2024-05-17 05:00:00,DK2,29.97,28.316004,-1.6539955
2024-05-17 06:00:00,DK1,32.45,37.24385,4.79385
2024-05-17 06:00:00,DK2,32.45,36.417038,3.9670372
2024-05-17 07:00:00,DK1,25.67,27.925581,2.255581
2024-05-17 07:00:00,DK2,25.67,27.009192,1.3391914
2024-05-17 08:00:00,DK1,19.47,16.867203,-2.6027966
2024-05-17 08:00:00,DK2,11.18,18.552366,7.372366
2024-05-17 09:00:00,DK1,18.63,7.583379,-11.04662
2024-05-17 09:00:00,DK2,4.21,4.558722,0.34872198
2024-05-17 10:00:00,DK1,14.56,-0.33054638,-14.890547
2024-05-17 10:00:00,DK2,2.95,2.233121,-0.7168791
2024-05-17 11:00:00,DK1,14.09,4.4896436,-9.600357
2024-05-17 11:00:00,DK2,1.93,2.282893,0.352893
2024-05-17 12:00:00,DK1,13.89,0.37778723,-13.512213
2024-05-17 12:00:00,DK2,1.25,4.364373,3.1143732
2024-05-17 13:00:00,DK1,14.56,7.215482,-7.344518
2024-05-17 13:00:00,DK2,2.48,3.4675956,0.98759556
2024-05-17 14:00:00,DK1,19.17,11.778098,-7.391902
2024-05-17 14:00:00,DK2,3.28,12.298152,9.018152
2024-05-17 15:00:00,DK1,19.67,57.168938,37.49894
2024-05-17 15:00:00,DK2,4.98,21.687664,16.707664
2024-05-17 16:00:00,DK1,22.6,22.450321,-0.14967918
2024-05-17 16:00:00,DK2,7.16,11.209555,4.049555
2024-05-17 17:00:00,DK1,27.01,39.396675,12.386675
2024-05-17 17:00:00,DK2,12.92,22.291767,9.371767
2024-05-17 18:00:00,DK1,33.07,47.06614,13.99614
2024-05-17 18:00:00,DK2,33.07,18.916542,-14.153458
2024-05-17 19:00:00,DK1,32.63,29.535217,-3.0947838
2024-05-17 19:00:00,DK2,32.63,22.485964,-10.144037
2024-05-17 20:00:00,DK1,31.04,29.432266,-1.6077347
2024-05-17 20:00:00,DK2,31.04,23.44302,-7.596981
2024-05-17 21:00:00,DK1,30.43,20.43125,-9.998751
2024-05-17 21:00:00,DK2,11.37,16.612715,5.242715
2024-05-17 22:00:00,DK1,33.5,14.802838,-18.697163
2024-05-17 22:00:00,DK2,9.53,11.074492,1.5444927
2024-05-17 23:00:00,DK1,33.47,25.97384,-7.4961605
2024-05-17 23:00:00,DK2,9.99,11.642581,1.6525812
2024-05-18 00:00:00,DK1,34.22,24.649645,-9.570356
2024-05-18 00:00:00,DK2,34.22,13.897234,-20.322767
2024-05-18 01:00:00,DK1,34.9,25.753351,-9.14665
2024-05-18 01:00:00,DK2,34.9,19.67897,-15.221031
2024-05-18 02:00:00,DK1,34.83,40.658722,5.82872
2024-05-18 02:00:00,DK2,34.83,36.51581,1.6858063
2024-05-18 03:00:00,DK1,35.31,45.726906,10.416904
2024-05-18 03:00:00,DK2,35.31,32.389183,-2.9208183
2024-05-18 04:00:00,DK1,58.32,50.872772,-7.4472275
2024-05-18 04:00:00,DK2,58.32,44.13365,-14.186348
2024-05-18 05:00:00,DK1,64.31,54.50612,-9.803879
2024-05-18 05:00:00,DK2,64.31,48.1631,-16.146896
2024-05-18 06:00:00,DK1,58.29,59.24111,0.95111084
2024-05-18 06:00:00,DK2,58.29,64.210045,5.920044
2024-05-18 07:00:00,DK1,42.69,64.00747,21.31747
2024-05-18 07:00:00,DK2,42.69,50.4814,7.791401
2024-05-18 08:00:00,DK1,9.43,25.6766,16.2466
2024-05-18 08:00:00,DK2,9.43,15.83677,6.4067698
2024-05-18 09:00:00,DK1,0.71,3.8007581,3.090758
2024-05-18 09:00:00,DK2,0.71,2.2241554,1.5141554
2024-05-18 10:00:00,DK1,-0.02,-2.8227906,-2.8027906
2024-05-18 10:00:00,DK2,-0.02,-0.99585605,-0.97585607
2024-05-18 11:00:00,DK1,-1.3,-4.749996,-3.4499962
2024-05-18 11:00:00,DK2,-1.3,-3.7044277,-2.4044278
2024-05-18 12:00:00,DK1,-2.79,-4.5947437,-1.8047438
2024-05-18 12:00:00,DK2,-2.79,-4.538257,-1.7482572
2024-05-18 13:00:00,DK1,-1.92,-2.8689413,-0.94894135
2024-05-18 13:00:00,DK2,-1.92,-3.7403092,-1.8203093
2024-05-18 14:00:00,DK1,-0.04,-0.367249,-0.32724902
2024-05-18 14:00:00,DK2,-0.04,-1.1034174,-1.0634174
2024-05-18 15:00:00,DK1,42.75,11.675527,-31.074474
2024-05-18 15:00:00,DK2,3.38,28.075272,24.69527
2024-05-18 16:00:00,DK1,70.0,87.66787,17.66787
2024-05-18 16:00:00,DK2,49.1,45.30674,-3.7932587
2024-05-18 17:00:00,DK1,102.33,101.55911,-0.7708893
2024-05-18 17:00:00,DK2,102.33,66.13239,-36.19761
2024-05-18 18:00:00,DK1,124.11,101.719795,-22.390205
2024-05-18 18:00:00,DK2,124.11,109.674835,-14.435165
2024-05-18 19:00:00,DK1,114.39,118.84413,4.454132
2024-05-18 19:00:00,DK2,114.39,111.635155,-2.7548447
2024-05-18 20:00:00,DK1,96.52,99.399994,2.8799973
2024-05-18 20:00:00,DK2,96.52,95.337944,-1.1820526
2024-05-18 21:00:00,DK1,86.6,77.54181,-9.058189
2024-05-18 21:00:00,DK2,86.6,78.47313,-8.126869
2024-05-18 22:00:00,DK1,90.69,73.71111,-16.97889
2024-05-18 22:00:00,DK2,90.69,75.57259,-15.117409
2024-05-18 23:00:00,DK1,89.06,78.76057,-10.299431
2024-05-18 23:00:00,DK2,89.06,77.18977,-11.870224
2024-05-19 00:00:00,DK1,88.66,78.58362,-10.0763855
2024-05-19 00:00:00,DK2,88.66,77.95094,-10.709061
2024-05-19 01:00:00,DK1,86.91,76.003944,-10.906059
2024-05-19 01:00:00,DK2,86.91,76.57228,-10.337723
2024-05-19 02:00:00,DK1,86.13,70.13191,-15.998085
2024-05-19 02:00:00,DK2,86.13,75.904144,-10.225853
2024-05-19 03:00:00,DK1,80.56,77.76729,-2.7927094
2024-05-19 03:00:00,DK2,80.56,72.78603,-7.773964
2024-05-19 04:00:00,DK1,75.57,71.49656,-4.0734406
2024-05-19 04:00:00,DK2,75.57,75.35939,-0.21060944
2024-05-19 05:00:00,DK1,70.24,81.417366,11.177368
2024-05-19 05:00:00,DK2,70.24,69.435326,-0.80467224
2024-05-19 06:00:00,DK1,46.96,53.538597,6.578598
2024-05-19 06:00:00,DK2,46.96,44.30078,-2.6592178
2024-05-19 07:00:00,DK1,5.6,17.920177,12.320177
2024-05-19 07:00:00,DK2,5.6,10.280875,4.6808753
2024-05-19 08:00:00,DK1,-0.03,2.2155886,2.2455885
2024-05-19 08:00:00,DK2,-0.03,-1.1123595,-1.0823596
2024-05-19 09:00:00,DK1,-0.18,-6.308052,-6.128052
2024-05-19 09:00:00,DK2,-0.18,-7.6448526,-7.464853
2024-05-19 10:00:00,DK1,-2.06,-10.723502,-8.663502
2024-05-19 10:00:00,DK2,-2.06,-10.3516655,-8.291666
2024-05-19 11:00:00,DK1,-7.41,-11.347092,-3.9370918
2024-05-19 11:00:00,DK2,-7.41,-10.069,-2.6590004
2024-05-19 12:00:00,DK1,-15.07,-9.552544,5.517456
2024-05-19 12:00:00,DK2,-15.07,-9.091061,5.978939
2024-05-19 13:00:00,DK1,-10.0,-7.293419,2.706581
2024-05-19 13:00:00,DK2,-10.0,-3.5882187,6.4117813
2024-05-19 14:00:00,DK1,-3.79,5.667864,9.457864
2024-05-19 14:00:00,DK2,-3.79,1.7762883,5.566288
2024-05-19 15:00:00,DK1,-0.06,18.454046,18.514046
2024-05-19 15:00:00,DK2,-0.06,8.188179,8.248179
2024-05-19 16:00:00,DK1,64.17,34.577995,-29.592003
2024-05-19 16:00:00,DK2,64.17,41.490234,-22.679764
2024-05-19 17:00:00,DK1,89.59,90.11118,0.5211868
2024-05-19 17:00:00,DK2,89.59,76.871994,-12.718002
2024-05-19 18:00:00,DK1,113.66,99.04251,-14.617493
2024-05-19 18:00:00,DK2,113.66,101.3876,-12.2724
2024-05-19 19:00:00,DK1,122.86,115.17369,-7.68631
2024-05-19 19:00:00,DK2,122.86,116.20964,-6.65036
2024-05-19 20:00:00,DK1,101.93,112.155075,10.225075
2024-05-19 20:00:00,DK2,101.93,105.77937,3.8493729
2024-05-19 21:00:00,DK1,86.14,89.91638,3.7763824
2024-05-19 21:00:00,DK2,86.14,87.12294,0.9829407
2024-05-19 22:00:00,DK1,91.09,76.11151,-14.978485
2024-05-19 22:00:00,DK2,91.09,77.63793,-13.4520645
2024-05-19 23:00:00,DK1,82.64,80.00096,-2.639038
2024-05-19 23:00:00,DK2,82.64,74.19,-8.449997
2024-05-20 00:00:00,DK1,86.73,73.408356,-13.321648
2024-05-20 00:00:00,DK2,86.73,73.435745,-13.294258
2024-05-20 01:00:00,DK1,86.09,78.94701,-7.14299
2024-05-20 01:00:00,DK2,86.09,77.12297,-8.967026
2024-05-20 02:00:00,DK1,88.21,83.08241,-5.1275864
2024-05-20 02:00:00,DK2,88.21,78.3566,-9.853401
2024-05-20 03:00:00,DK1,91.46,89.94176,-1.5182419
2024-05-20 03:00:00,DK2,91.46,87.9339,-3.5261002
2024-05-20 04:00:00,DK1,104.72,98.81401,-5.9059906
2024-05-20 04:00:00,DK2,104.72,94.71641,-10.003593
2024-05-20 05:00:00,DK1,105.69,105.97705,0.28704834
2024-05-20 05:00:00,DK2,105.69,95.37955,-10.310455
2024-05-20 06:00:00,DK1,72.24,91.35755,19.117554
2024-05-20 06:00:00,DK2,72.24,67.92093,-4.319069
2024-05-20 07:00:00,DK1,32.8,35.59587,2.7958717
2024-05-20 07:00:00,DK2,32.8,21.49312,-11.306879
2024-05-20 08:00:00,DK1,12.41,9.462191,-2.9478092
2024-05-20 08:00:00,DK2,12.41,7.43541,-4.97459
2024-05-20 09:00:00,DK1,6.06,3.7102826,-2.3497174
2024-05-20 09:00:00,DK2,6.06,2.0147438,-4.045256
2024-05-20 10:00:00,DK1,2.41,-1.8109632,-4.2209635
2024-05-20 10:00:00,DK2,2.41,-2.2715034,-4.6815033
2024-05-20 11:00:00,DK1,0.01,-5.109476,-5.1194763
2024-05-20 11:00:00,DK2,0.01,-4.5359664,-4.5459666
2024-05-20 12:00:00,DK1,-0.18,-5.175991,-4.995991
2024-05-20 12:00:00,DK2,0.02,-2.9616723,-2.9816723
2024-05-20 13:00:00,DK1,-0.07,-0.31733346,-0.24733347
2024-05-20 13:00:00,DK2,3.73,1.0563233,-2.6736767
2024-05-20 14:00:00,DK1,0.89,7.839307,6.949307
2024-05-20 14:00:00,DK2,9.42,8.069927,-1.3500729
2024-05-20 15:00:00,DK1,59.28,37.21592,-22.06408
2024-05-20 15:00:00,DK2,50.75,53.085228,2.335228
2024-05-20 16:00:00,DK1,78.94,84.150986,5.2109833
2024-05-20 16:00:00,DK2,78.94,66.052574,-12.887428
2024-05-20 17:00:00,DK1,105.96,93.00733,-12.952667
2024-05-20 17:00:00,DK2,105.96,92.622826,-13.337173
2024-05-20 18:00:00,DK1,125.76,115.570755,-10.189247
2024-05-20 18:00:00,DK2,125.76,110.08943,-15.67057
2024-05-20 19:00:00,DK1,116.78,114.11635,-2.6636505
2024-05-20 19:00:00,DK2,116.78,106.5817,-10.198296
2024-05-20 20:00:00,DK1,96.63,100.03388,3.403885
2024-05-20 20:00:00,DK2,96.63,93.51012,-3.1198807
2024-05-20 21:00:00,DK1,79.86,82.12774,2.2677383
2024-05-20 21:00:00,DK2,79.86,75.58937,-4.27063
2024-05-20 22:00:00,DK1,81.46,67.46568,-13.994316
2024-05-20 22:00:00,DK2,66.01,64.97885,-1.0311508
2024-05-20 23:00:00,DK1,76.4,68.16203,-8.237968
2024-05-20 23:00:00,DK2,27.87,51.889023,24.019022
2024-05-21 00:00:00,DK1,52.42,57.569252,5.149254
2024-05-21 00:00:00,DK2,10.0,30.61249,20.61249
2024-05-21 01:00:00,DK1,49.51,66.23221,16.72221
2024-05-21 01:00:00,DK2,10.0,25.366594,15.366594
2024-05-21 02:00:00,DK1,49.25,61.660202,12.410202
2024-05-21 02:00:00,DK2,9.99,36.26951,26.279509
2024-05-21 03:00:00,DK1,49.53,45.840073,-3.6899261
2024-05-21 03:00:00,DK2,31.94,22.644726,-9.295275
2024-05-21 04:00:00,DK1,74.15,64.54339,-9.606613
2024-05-21 04:00:00,DK2,74.15,39.370422,-34.77958
2024-05-21 05:00:00,DK1,117.09,83.44881,-33.64119
2024-05-21 05:00:00,DK2,117.09,92.89684,-24.193153
2024-05-21 06:00:00,DK1,96.39,105.386765,8.996765
2024-05-21 06:00:00,DK2,96.39,96.02019,-0.369812
2024-05-21 07:00:00,DK1,46.99,78.45076,31.460758
2024-05-21 07:00:00,DK2,35.38,53.57788,18.19788
2024-05-21 08:00:00,DK1,31.87,26.618525,-5.2514763
2024-05-21 08:00:00,DK2,30.29,22.67712,-7.6128807
2024-05-21 09:00:00,DK1,31.41,11.654039,-19.75596
2024-05-21 09:00:00,DK2,25.15,12.639812,-12.510187
2024-05-21 10:00:00,DK1,27.41,6.6727333,-20.737267
2024-05-21 10:00:00,DK2,20.66,8.379897,-12.280103
2024-05-21 11:00:00,DK1,29.16,8.750376,-20.409624
2024-05-21 11:00:00,DK2,18.33,11.058436,-7.2715635
2024-05-21 12:00:00,DK1,33.21,15.901929,-17.308071
2024-05-21 12:00:00,DK2,15.04,15.384704,0.34470367
2024-05-21 13:00:00,DK1,31.06,28.690912,-2.3690872
2024-05-21 13:00:00,DK2,20.75,19.979116,-0.77088356
2024-05-21 14:00:00,DK1,30.46,49.574615,19.114616
2024-05-21 14:00:00,DK2,24.99,31.914537,6.9245377
2024-05-21 15:00:00,DK1,32.67,56.93682,24.266823
2024-05-21 15:00:00,DK2,31.14,32.902454,1.762455
2024-05-21 16:00:00,DK1,58.32,49.931343,-8.388657
2024-05-21 16:00:00,DK2,42.35,36.663612,-5.686386
2024-05-21 17:00:00,DK1,81.59,77.54287,-4.047127
2024-05-21 17:00:00,DK2,55.75,43.44023,-12.309769
2024-05-21 18:00:00,DK1,68.88,96.48949,27.60949
2024-05-21 18:00:00,DK2,57.36,30.323084,-27.036917
2024-05-21 19:00:00,DK1,57.73,56.792717,-0.93728256
2024-05-21 19:00:00,DK2,57.73,34.995934,-22.734066
2024-05-21 20:00:00,DK1,41.76,57.46982,15.70982
2024-05-21 20:00:00,DK2,38.65,30.111757,-8.538244
2024-05-21 21:00:00,DK1,44.86,24.06366,-20.79634
2024-05-21 21:00:00,DK2,8.33,20.645487,12.315487
2024-05-21 22:00:00,DK1,28.0,21.843798,-6.1562023
2024-05-21 22:00:00,DK2,3.42,4.9164376,1.4964375
2024-05-21 23:00:00,DK1,28.0,11.024132,-16.975868
2024-05-21 23:00:00,DK2,2.81,4.170988,1.3609881
2024-05-22 00:00:00,DK1,27.39,4.8417654,-22.548233
2024-05-22 00:00:00,DK2,2.63,1.731612,-0.89838815
2024-05-22 01:00:00,DK1,28.12,2.7378752,-25.382126
2024-05-22 01:00:00,DK2,2.39,1.3163102,-1.0736899
2024-05-22 02:00:00,DK1,28.28,5.261972,-23.018028
2024-05-22 02:00:00,DK2,2.92,1.2702818,-1.6497183
2024-05-22 03:00:00,DK1,28.16,5.7941437,-22.365856
2024-05-22 03:00:00,DK2,4.94,3.2667224,-1.6732776
2024-05-22 04:00:00,DK1,32.3,10.67426,-21.62574
2024-05-22 04:00:00,DK2,23.97,3.3827786,-20.587221
2024-05-22 05:00:00,DK1,40.58,27.253883,-13.326118
2024-05-22 05:00:00,DK2,36.45,13.159885,-23.290115
2024-05-22 06:00:00,DK1,43.26,49.554832,6.294834
2024-05-22 06:00:00,DK2,38.09,30.291485,-7.7985153
2024-05-22 07:00:00,DK1,33.28,40.831207,7.5512085
2024-05-22 07:00:00,DK2,33.28,27.445494,-5.834505
2024-05-22 08:00:00,DK1,31.32,14.6586685,-16.661331
2024-05-22 08:00:00,DK2,23.13,13.0290365,-10.100963
2024-05-22 09:00:00,DK1,29.67,4.8117766,-24.858223
2024-05-22 09:00:00,DK2,9.34,7.6578336,-1.6821666
2024-05-22 10:00:00,DK1,20.48,5.617747,-14.862253
2024-05-22 10:00:00,DK2,4.92,3.5618496,-1.3581505
2024-05-22 11:00:00,DK1,3.61,7.9891324,4.3791323
2024-05-22 11:00:00,DK2,3.61,1.5681593,-2.0418406
2024-05-22 12:00:00,DK1,3.08,3.822203,0.742203
2024-05-22 12:00:00,DK2,3.08,0.29904044,-2.7809596
2024-05-22 13:00:00,DK1,3.03,5.7388153,2.7088153
2024-05-22 13:00:00,DK2,3.03,1.6375139,-1.3924861
2024-05-22 14:00:00,DK1,14.34,9.514803,-4.825197
2024-05-22 14:00:00,DK2,4.29,3.8117547,-0.47824526
2024-05-22 15:00:00,DK1,72.31,26.398375,-45.91162
2024-05-22 15:00:00,DK2,13.66,25.73054,12.070539
2024-05-22 16:00:00,DK1,92.16,80.57175,-11.588257
2024-05-22 16:00:00,DK2,56.69,29.713213,-26.976786
2024-05-22 17:00:00,DK1,99.9,108.32488,8.424881
2024-05-22 17:00:00,DK2,64.43,44.564972,-19.865028
2024-05-22 18:00:00,DK1,136.52,126.676,-9.844002
2024-05-22 18:00:00,DK2,64.46,60.958267,-3.5017319
2024-05-22 19:00:00,DK1,117.34,135.41083,18.070831
2024-05-22 19:00:00,DK2,68.03,41.049133,-26.980865
2024-05-22 20:00:00,DK1,99.69,118.2094,18.519394
2024-05-22 20:00:00,DK2,74.62,53.64573,-20.974274
2024-05-22 21:00:00,DK1,87.74,88.88808,1.1480789
2024-05-22 21:00:00,DK2,68.0,37.654762,-30.345238
2024-05-22 22:00:00,DK1,54.19,100.880424,46.690426
2024-05-22 22:00:00,DK2,54.19,40.716675,-13.473324
2024-05-22 23:00:00,DK1,58.0,75.90995,17.90995
2024-05-22 23:00:00,DK2,58.0,43.23497,-14.76503
2024-05-23 00:00:00,DK1,63.96,60.803177,-3.1568222
2024-05-23 00:00:00,DK2,63.96,38.452065,-25.507935
2024-05-23 01:00:00,DK1,69.31,42.39435,-26.91565
2024-05-23 01:00:00,DK2,69.31,31.985537,-37.324463
2024-05-23 02:00:00,DK1,68.91,86.29248,17.382477
2024-05-23 02:00:00,DK2,68.91,62.95096,-5.9590454
2024-05-23 03:00:00,DK1,74.98,75.82707,0.8470688
2024-05-23 03:00:00,DK2,74.98,72.1694,-2.8106003
2024-05-23 04:00:00,DK1,107.98,87.58903,-20.390976
2024-05-23 04:00:00,DK2,107.98,85.50046,-22.479546
2024-05-23 05:00:00,DK1,118.0,92.49854,-25.501457
2024-05-23 05:00:00,DK2,118.0,105.33313,-12.66687
2024-05-23 06:00:00,DK1,97.84,117.42053,19.580536
2024-05-23 06:00:00,DK2,97.84,89.92859,-7.9114075
2024-05-23 07:00:00,DK1,75.65,74.908424,-0.74157715
2024-05-23 07:00:00,DK2,75.65,84.49831,8.848305
2024-05-23 08:00:00,DK1,74.89,67.26294,-7.62706
2024-05-23 08:00:00,DK2,74.89,60.95234,-13.93766
2024-05-23 09:00:00,DK1,64.1,56.77298,-7.3270187
2024-05-23 09:00:00,DK2,64.1,53.065514,-11.034485
2024-05-23 10:00:00,DK1,52.5,47.456924,-5.0430756
2024-05-23 10:00:00,DK2,52.5,48.97915,-3.5208511
2024-05-23 11:00:00,DK1,45.31,35.46328,-9.846722
2024-05-23 11:00:00,DK2,45.31,31.987925,-13.322077
2024-05-23 12:00:00,DK1,56.98,38.663193,-18.316807
2024-05-23 12:00:00,DK2,56.98,39.261627,-17.718372
2024-05-23 13:00:00,DK1,71.4,48.57261,-22.827393
2024-05-23 13:00:00,DK2,71.4,40.66918,-30.73082
2024-05-23 14:00:00,DK1,83.77,71.39791,-12.372086
2024-05-23 14:00:00,DK2,83.77,63.72213,-20.047867
2024-05-23 15:00:00,DK1,96.64,94.543915,-2.0960846
2024-05-23 15:00:00,DK2,96.64,91.635605,-5.0043945
2024-05-23 16:00:00,DK1,111.49,110.65702,-0.8329773
2024-05-23 16:00:00,DK2,111.49,114.35893,2.8689346
2024-05-23 17:00:00,DK1,156.28,125.18648,-31.093521
2024-05-23 17:00:00,DK2,156.28,148.27205,-8.00795
2024-05-23 18:00:00,DK1,175.74,158.28676,-17.453247
2024-05-23 18:00:00,DK2,175.74,169.31662,-6.4233856
2024-05-23 19:00:00,DK1,155.98,164.30536,8.325363
2024-05-23 19:00:00,DK2,155.98,163.38411,7.404114
2024-05-23 20:00:00,DK1,123.54,138.57503,15.035027
2024-05-23 20:00:00,DK2,123.54,124.14854,0.60853577
2024-05-23 21:00:00,DK1,103.37,111.78193,8.411926
2024-05-23 21:00:00,DK2,103.37,105.94597,2.575966
2024-05-23 22:00:00,DK1,103.17,84.5244,-18.6456
2024-05-23 22:00:00,DK2,103.17,84.86464,-18.305359
2024-05-23 23:00:00,DK1,94.12,86.39053,-7.7294693
2024-05-23 23:00:00,DK2,94.12,82.59343,-11.526573
2024-05-24 00:00:00,DK1,89.79,84.73326,-5.05674
2024-05-24 00:00:00,DK2,89.79,85.837906,-3.952095
2024-05-24 01:00:00,DK1,88.22,88.50676,0.28675842
2024-05-24 01:00:00,DK2,88.22,85.97136,-2.248642
2024-05-24 02:00:00,DK1,91.8,84.89398,-6.906021
2024-05-24 02:00:00,DK2,91.8,84.79376,-7.006241
2024-05-24 03:00:00,DK1,103.23,88.02327,-15.206734
2024-05-24 03:00:00,DK2,103.23,90.61519,-12.614815
2024-05-24 04:00:00,DK1,123.84,101.44057,-22.39943
2024-05-24 04:00:00,DK2,123.84,109.978546,-13.86145
2024-05-24 05:00:00,DK1,122.07,135.15083,13.080833
2024-05-24 05:00:00,DK2,122.07,132.88556,10.815559
2024-05-24 06:00:00,DK1,115.9,117.82684,1.9268417
2024-05-24 06:00:00,DK2,115.9,114.10335,-1.7966537
2024-05-24 07:00:00,DK1,106.1,96.975296,-9.124702
2024-05-24 07:00:00,DK2,106.1,92.98375,-13.116249
2024-05-24 08:00:00,DK1,96.16,88.090614,-8.069389
2024-05-24 08:00:00,DK2,96.16,84.56629,-11.593712
2024-05-24 09:00:00,DK1,90.07,84.44214,-5.627861
2024-05-24 09:00:00,DK2,90.07,86.220215,-3.8497849
2024-05-24 10:00:00,DK1,83.22,87.986465,4.766464
2024-05-24 10:00:00,DK2,88.98,77.972,-11.008003
2024-05-24 11:00:00,DK1,81.39,72.272995,-9.117004
2024-05-24 11:00:00,DK2,87.74,74.81526,-12.924736
2024-05-24 12:00:00,DK1,81.23,86.9267,5.6966934
2024-05-24 12:00:00,DK2,88.12,83.04415,-5.0758514
2024-05-24 13:00:00,DK1,83.38,86.91557,3.5355759
2024-05-24 13:00:00,DK2,88.18,83.329384,-4.8506165
2024-05-24 14:00:00,DK1,84.0,89.586,5.5859985
2024-05-24 14:00:00,DK2,84.27,75.977005,-8.292992
2024-05-24 15:00:00,DK1,96.0,92.6051,-3.3948975
2024-05-24 15:00:00,DK2,98.79,86.09154,-12.698463
2024-05-24 16:00:00,DK1,111.77,104.25091,-7.5190887
2024-05-24 16:00:00,DK2,111.77,100.742905,-11.027092
2024-05-24 17:00:00,DK1,129.99,128.78156,-1.2084503
2024-05-24 17:00:00,DK2,129.99,125.18733,-4.8026733
2024-05-24 18:00:00,DK1,125.0,142.51091,17.51091
2024-05-24 18:00:00,DK2,125.0,130.40097,5.4009705
2024-05-24 19:00:00,DK1,115.84,117.21327,1.3732758
2024-05-24 19:00:00,DK2,115.84,110.92547,-4.914528
2024-05-24 20:00:00,DK1,109.67,98.27207,-11.397926
2024-05-24 20:00:00,DK2,109.67,97.09229,-12.577705
2024-05-24 21:00:00,DK1,99.84,98.47166,-1.3683395
2024-05-24 21:00:00,DK2,99.84,92.47567,-7.3643265
2024-05-24 22:00:00,DK1,94.88,89.383064,-5.496933
2024-05-24 22:00:00,DK2,94.88,86.90993,-7.97007
2024-05-24 23:00:00,DK1,91.83,85.79115,-6.038849
2024-05-24 23:00:00,DK2,91.83,83.92097,-7.9090347
2024-05-25 00:00:00,DK1,90.43,82.873634,-7.556366
2024-05-25 00:00:00,DK2,90.43,80.99864,-9.431358
2024-05-25 01:00:00,DK1,89.16,79.57402,-9.585983
2024-05-25 01:00:00,DK2,89.16,77.76008,-11.399925
2024-05-25 02:00:00,DK1,89.03,79.42522,-9.604782
2024-05-25 02:00:00,DK2,89.03,79.90927,-9.120728
2024-05-25 03:00:00,DK1,90.26,77.601135,-12.658867
2024-05-25 03:00:00,DK2,90.26,87.67252,-2.5874786
2024-05-25 04:00:00,DK1,90.68,85.95687,-4.7231293
2024-05-25 04:00:00,DK2,90.68,81.00292,-9.677078
2024-05-25 05:00:00,DK1,86.23,87.63287,1.4028702
2024-05-25 05:00:00,DK2,86.23,86.396164,0.16616058
2024-05-25 06:00:00,DK1,78.58,80.33604,1.7560349
2024-05-25 06:00:00,DK2,78.58,87.20506,8.625061
2024-05-25 07:00:00,DK1,74.75,86.1539,11.4039
2024-05-25 07:00:00,DK2,74.75,81.491394,6.741394
2024-05-25 08:00:00,DK1,54.23,70.95805,16.728054
2024-05-25 08:00:00,DK2,54.23,59.777702,5.547703
2024-05-25 09:00:00,DK1,9.34,38.162018,28.822018
2024-05-25 09:00:00,DK2,9.34,23.612303,14.272303
2024-05-25 10:00:00,DK1,3.24,8.531586,5.291586
2024-05-25 10:00:00,DK2,3.24,6.8550005,3.6150005
2024-05-25 11:00:00,DK1,0.04,2.5943003,2.5543003
2024-05-25 11:00:00,DK2,0.04,3.295186,3.255186
2024-05-25 12:00:00,DK1,0.0,1.8121619,1.8121619
2024-05-25 12:00:00,DK2,0.0,1.3582368,1.3582368
2024-05-25 13:00:00,DK1,0.02,2.009543,1.989543
2024-05-25 13:00:00,DK2,1.05,8.949531,7.8995304
2024-05-25 14:00:00,DK1,14.23,33.345886,19.115887
2024-05-25 14:00:00,DK2,13.2,22.362728,9.162728
2024-05-25 15:00:00,DK1,76.04,55.27739,-20.762611
2024-05-25 15:00:00,DK2,76.04,52.711586,-23.328415
2024-05-25 16:00:00,DK1,96.23,89.56562,-6.664383
2024-05-25 16:00:00,DK2,96.23,86.34889,-9.881111
2024-05-25 17:00:00,DK1,115.77,101.72502,-14.044975
2024-05-25 17:00:00,DK2,115.77,98.9218,-16.848198
2024-05-25 18:00:00,DK1,124.36,112.70504,-11.654961
2024-05-25 18:00:00,DK2,131.92,114.58178,-17.338219
2024-05-25 19:00:00,DK1,136.95,115.418785,-21.531212
2024-05-25 19:00:00,DK2,136.95,120.74385,-16.206146
2024-05-25 20:00:00,DK1,115.77,116.60239,0.83238983
2024-05-25 20:00:00,DK2,115.77,113.88085,-1.8891449
2024-05-25 21:00:00,DK1,104.54,105.68341,1.1434097
2024-05-25 21:00:00,DK2,104.54,101.166855,-3.373146
2024-05-25 22:00:00,DK1,107.36,84.21031,-23.149689
2024-05-25 22:00:00,DK2,107.36,90.31323,-17.046768
2024-05-25 23:00:00,DK1,98.3,89.690704,-8.609299
2024-05-25 23:00:00,DK2,98.3,91.328995,-6.9710083
2024-05-26 00:00:00,DK1,90.77,86.08582,-4.6841736
2024-05-26 00:00:00,DK2,90.77,87.210724,-3.5592728
2024-05-26 01:00:00,DK1,90.1,79.153656,-10.946342
2024-05-26 01:00:00,DK2,90.1,81.57666,-8.523338
2024-05-26 02:00:00,DK1,91.16,76.596085,-14.563919
2024-05-26 02:00:00,DK2,91.16,82.32763,-8.832375
2024-05-26 03:00:00,DK1,88.61,86.45915,-2.1508484
2024-05-26 03:00:00,DK2,88.61,91.671585,3.0615845
2024-05-26 04:00:00,DK1,83.49,85.19871,1.7087097
2024-05-26 04:00:00,DK2,83.49,77.18089,-6.309105
2024-05-26 05:00:00,DK1,71.9,69.34621,-2.5537949
2024-05-26 05:00:00,DK2,71.9,63.876465,-8.023537
2024-05-26 06:00:00,DK1,13.25,54.948715,41.698715
2024-05-26 06:00:00,DK2,12.02,34.878616,22.858616
2024-05-26 07:00:00,DK1,0.02,9.429011,9.409011
2024-05-26 07:00:00,DK2,1.25,3.9727197,2.7227197
2024-05-26 08:00:00,DK1,0.0,-2.0956955,-2.0956955
2024-05-26 08:00:00,DK2,0.0,-3.4318724,-3.4318724
2024-05-26 09:00:00,DK1,-0.09,-7.3429565,-7.2529564
2024-05-26 09:00:00,DK2,-0.09,-8.254796,-8.164796
2024-05-26 10:00:00,DK1,-2.12,-10.159951,-8.039951
2024-05-26 10:00:00,DK2,-2.12,-10.3415165,-8.221517
2024-05-26 11:00:00,DK1,-6.05,-11.829335,-5.779335
2024-05-26 11:00:00,DK2,-6.05,-11.542158,-5.492158
2024-05-26 12:00:00,DK1,-5.1,-11.862045,-6.7620454
2024-05-26 12:00:00,DK2,-5.1,-10.345412,-5.2454123
2024-05-26 13:00:00,DK1,-2.79,-8.863596,-6.073596
2024-05-26 13:00:00,DK2,-2.79,-4.358579,-1.5685792
2024-05-26 14:00:00,DK1,-0.6,2.5895076,3.1895075
2024-05-26 14:00:00,DK2,1.18,-2.938634,-4.1186337
2024-05-26 15:00:00,DK1,57.0,2.002598,-54.997402
2024-05-26 15:00:00,DK2,55.22,46.433548,-8.786453
2024-05-26 16:00:00,DK1,93.26,127.98122,34.721214
2024-05-26 16:00:00,DK2,93.26,68.73972,-24.520279
2024-05-26 17:00:00,DK1,118.08,107.90894,-10.171059
2024-05-26 17:00:00,DK2,118.08,108.115875,-9.964127
2024-05-26 18:00:00,DK1,118.74,105.864105,-12.875893
2024-05-26 18:00:00,DK2,118.74,101.46037,-17.279625
2024-05-26 19:00:00,DK1,121.1,100.025246,-21.074753
2024-05-26 19:00:00,DK2,121.1,104.558235,-16.541763
2024-05-26 20:00:00,DK1,106.94,106.423096,-0.51690674
2024-05-26 20:00:00,DK2,106.94,96.74762,-10.192383
2024-05-26 21:00:00,DK1,87.5,88.25521,0.7552109
2024-05-26 21:00:00,DK2,87.5,86.45531,-1.044693
2024-05-26 22:00:00,DK1,78.34,60.655083,-17.684914
2024-05-26 22:00:00,DK2,78.34,54.73484,-23.605156
2024-05-26 23:00:00,DK1,73.26,56.431366,-16.828636
2024-05-26 23:00:00,DK2,73.26,70.47771,-2.7822952
2024-05-27 00:00:00,DK1,68.48,71.4364,2.956398
2024-05-27 00:00:00,DK2,68.48,58.397415,-10.082588
2024-05-27 01:00:00,DK1,67.87,47.24752,-20.622482
2024-05-27 01:00:00,DK2,67.87,51.03385,-16.836151
2024-05-27 02:00:00,DK1,70.3,59.5569,-10.743103
2024-05-27 02:00:00,DK2,70.3,60.02047,-10.279533
2024-05-27 03:00:00,DK1,76.3,76.897705,0.597702
2024-05-27 03:00:00,DK2,82.02,65.36904,-16.650955
2024-05-27 04:00:00,DK1,97.14,81.1045,-16.0355
2024-05-27 04:00:00,DK2,108.7,88.425545,-20.274452
2024-05-27 05:00:00,DK1,110.56,106.36056,-4.19944
2024-05-27 05:00:00,DK2,132.99,108.399635,-24.59037
2024-05-27 06:00:00,DK1,124.55,105.52316,-19.02684
2024-05-27 06:00:00,DK2,124.55,111.96161,-12.588394
2024-05-27 07:00:00,DK1,107.22,95.101875,-12.118126
2024-05-27 07:00:00,DK2,107.22,95.459496,-11.760506
2024-05-27 08:00:00,DK1,88.44,82.54859,-5.891411
2024-05-27 08:00:00,DK2,88.44,79.513275,-8.926727
2024-05-27 09:00:00,DK1,86.26,66.89889,-19.361115
2024-05-27 09:00:00,DK2,86.26,73.74347,-12.516533
2024-05-27 10:00:00,DK1,77.34,68.86266,-8.477333
2024-05-27 10:00:00,DK2,77.34,68.152176,-9.18782
2024-05-27 11:00:00,DK1,74.46,62.95498,-11.50502
2024-05-27 11:00:00,DK2,74.46,65.71941,-8.740585
2024-05-27 12:00:00,DK1,64.97,62.486282,-2.4837189
2024-05-27 12:00:00,DK2,72.96,60.754204,-12.205795
2024-05-27 13:00:00,DK1,68.01,65.46505,-2.5449524
2024-05-27 13:00:00,DK2,77.78,61.172318,-16.607681
2024-05-27 14:00:00,DK1,72.49,73.34511,0.85511017
2024-05-27 14:00:00,DK2,84.66,69.386444,-15.27356
2024-05-27 15:00:00,DK1,90.8,82.38599,-8.414017
2024-05-27 15:00:00,DK2,111.04,80.535286,-30.504715
2024-05-27 16:00:00,DK1,106.29,101.988716,-4.301285
2024-05-27 16:00:00,DK2,131.4,109.74241,-21.657585
2024-05-27 17:00:00,DK1,130.44,122.644485,-7.795517
2024-05-27 17:00:00,DK2,186.68,133.01212,-53.667877
2024-05-27 18:00:00,DK1,154.62,140.82976,-13.790237
2024-05-27 18:00:00,DK2,221.46,159.25525,-62.204758
2024-05-27 19:00:00,DK1,153.7,146.36636,-7.3336334
2024-05-27 19:00:00,DK2,169.86,164.57083,-5.2891693
2024-05-27 20:00:00,DK1,125.19,132.57335,7.3833466
2024-05-27 20:00:00,DK2,131.4,138.66519,7.2651978
2024-05-27 21:00:00,DK1,106.1,115.35486,9.25486
2024-05-27 21:00:00,DK2,113.78,112.705826,-1.074173
2024-05-27 22:00:00,DK1,97.78,97.11076,-0.6692352
2024-05-27 22:00:00,DK2,97.78,95.15585,-2.6241455
2024-05-27 23:00:00,DK1,90.5,84.67729,-5.822708
2024-05-27 23:00:00,DK2,90.5,86.73698,-3.7630234
2024-05-28 00:00:00,DK1,87.64,83.2449,-4.395096
2024-05-28 00:00:00,DK2,87.64,84.254196,-3.3858032
2024-05-28 01:00:00,DK1,85.22,85.04553,-0.174469
2024-05-28 01:00:00,DK2,85.22,75.57831,-9.641693
2024-05-28 02:00:00,DK1,83.96,77.50961,-6.450386
2024-05-28 02:00:00,DK2,83.96,78.26866,-5.6913376
2024-05-28 03:00:00,DK1,88.04,77.46423,-10.5757675
2024-05-28 03:00:00,DK2,88.04,79.62756,-8.412437
2024-05-28 04:00:00,DK1,99.36,90.65008,-8.709923
2024-05-28 04:00:00,DK2,110.34,89.84262,-20.497375
2024-05-28 05:00:00,DK1,120.1,115.800156,-4.299843
2024-05-28 05:00:00,DK2,120.1,120.43252,0.33251953
2024-05-28 06:00:00,DK1,102.23,116.6805,14.450493
2024-05-28 06:00:00,DK2,102.23,110.415436,8.185432
2024-05-28 07:00:00,DK1,85.43,88.43171,3.001709
2024-05-28 07:00:00,DK2,85.43,82.42061,-3.0093918
2024-05-28 08:00:00,DK1,72.52,68.30798,-4.2120132
2024-05-28 08:00:00,DK2,72.52,64.12026,-8.3997345
2024-05-28 09:00:00,DK1,69.17,51.391518,-17.77848
2024-05-28 09:00:00,DK2,69.17,52.2538,-16.916199
2024-05-28 10:00:00,DK1,61.1,49.766006,-11.333992
2024-05-28 10:00:00,DK2,61.1,47.46544,-13.63456
2024-05-28 11:00:00,DK1,55.25,51.103104,-4.1468964
2024-05-28 11:00:00,DK2,55.25,39.916412,-15.333588
2024-05-28 12:00:00,DK1,55.27,45.26779,-10.002209
2024-05-28 12:00:00,DK2,55.27,41.7184,-13.551601
2024-05-28 13:00:00,DK1,65.66,52.074867,-13.585136
2024-05-28 13:00:00,DK2,65.66,49.645172,-16.014832
2024-05-28 14:00:00,DK1,72.52,68.18573,-4.3342667
2024-05-28 14:00:00,DK2,72.52,70.939644,-1.5803528
2024-05-28 15:00:00,DK1,85.8,72.51645,-13.283554
2024-05-28 15:00:00,DK2,85.8,74.634,-11.166
2024-05-28 16:00:00,DK1,92.47,100.49106,8.021057
2024-05-28 16:00:00,DK2,102.28,87.54005,-14.739952
2024-05-28 17:00:00,DK1,112.67,105.254,-7.4160004
2024-05-28 17:00:00,DK2,130.05,111.504776,-18.545227
2024-05-28 18:00:00,DK1,130.03,133.3067,3.276703
2024-05-28 18:00:00,DK2,144.31,126.93075,-17.37925
2024-05-28 19:00:00,DK1,106.67,119.06633,12.396332
2024-05-28 19:00:00,DK2,124.0,117.95278,-6.0472183
2024-05-28 20:00:00,DK1,89.76,90.250595,0.49059296
2024-05-28 20:00:00,DK2,100.09,96.88288,-3.2071152
2024-05-28 21:00:00,DK1,79.56,78.586754,-0.9732437
2024-05-28 21:00:00,DK2,88.78,79.59158,-9.188416
2024-05-28 22:00:00,DK1,72.22,66.32533,-5.8946686
2024-05-28 22:00:00,DK2,72.22,71.19038,-1.0296249
2024-05-28 23:00:00,DK1,53.1,63.141792,10.041794
2024-05-28 23:00:00,DK2,57.54,59.335632,1.7956314
2024-05-29 00:00:00,DK1,49.54,41.00801,-8.53199
2024-05-29 00:00:00,DK2,54.28,40.091103,-14.188896
2024-05-29 01:00:00,DK1,44.2,35.758636,-8.441364
2024-05-29 01:00:00,DK2,50.59,35.712036,-14.877964
2024-05-29 02:00:00,DK1,42.14,28.720747,-13.419252
2024-05-29 02:00:00,DK2,49.83,33.266937,-16.563065
2024-05-29 03:00:00,DK1,41.74,27.14482,-14.595182
2024-05-29 03:00:00,DK2,45.91,34.524757,-11.385242
2024-05-29 04:00:00,DK1,51.51,41.161186,-10.348812
2024-05-29 04:00:00,DK2,72.15,50.22908,-21.920921
2024-05-29 05:00:00,DK1,66.07,72.18314,6.113144
2024-05-29 05:00:00,DK2,86.45,72.3495,-14.100494
2024-05-29 06:00:00,DK1,62.87,72.61919,9.749187
2024-05-29 06:00:00,DK2,91.52,70.72584,-20.794159
2024-05-29 07:00:00,DK1,54.64,58.898064,4.2580643
2024-05-29 07:00:00,DK2,69.11,64.78837,-4.3216324
2024-05-29 08:00:00,DK1,42.09,36.861984,-5.228016
2024-05-29 08:00:00,DK2,67.85,45.05863,-22.791367
2024-05-29 09:00:00,DK1,41.59,26.645267,-14.944733
2024-05-29 09:00:00,DK2,62.12,38.819054,-23.300945
2024-05-29 10:00:00,DK1,35.16,30.211287,-4.9487133
2024-05-29 10:00:00,DK2,59.07,23.773829,-35.296173
2024-05-29 11:00:00,DK1,33.1,23.389109,-9.71089
2024-05-29 11:00:00,DK2,62.25,23.216143,-39.03386
2024-05-29 12:00:00,DK1,34.27,25.808563,-8.461437
2024-05-29 12:00:00,DK2,62.18,22.873846,-39.306152
2024-05-29 13:00:00,DK1,46.05,32.919086,-13.130913
2024-05-29 13:00:00,DK2,69.49,41.887833,-27.602165
2024-05-29 14:00:00,DK1,72.67,73.82943,1.1594315
2024-05-29 14:00:00,DK2,72.67,75.80716,3.1371613
2024-05-29 15:00:00,DK1,89.23,83.83617,-5.393837
2024-05-29 15:00:00,DK2,89.23,68.81142,-20.418587
2024-05-29 16:00:00,DK1,94.66,101.52211,6.8621063
2024-05-29 16:00:00,DK2,94.66,87.74814,-6.911865
2024-05-29 17:00:00,DK1,111.44,107.833466,-3.6065369
2024-05-29 17:00:00,DK2,111.44,85.38742,-26.052582
2024-05-29 18:00:00,DK1,126.92,120.188446,-6.731552
2024-05-29 18:00:00,DK2,140.5,108.34267,-32.157333
2024-05-29 19:00:00,DK1,133.5,146.03525,12.535248
2024-05-29 19:00:00,DK2,143.26,127.37012,-15.889877
2024-05-29 20:00:00,DK1,119.6,138.82117,19.221169
2024-05-29 20:00:00,DK2,120.39,118.693855,-1.6961441
2024-05-29 21:00:00,DK1,95.53,115.135864,19.605865
2024-05-29 21:00:00,DK2,95.53,101.78367,6.2536697
2024-05-29 22:00:00,DK1,98.55,83.27785,-15.272156
2024-05-29 22:00:00,DK2,100.43,80.900116,-19.529884
2024-05-29 23:00:00,DK1,96.2,78.07808,-18.121918
2024-05-29 23:00:00,DK2,96.2,83.96554,-12.234459
2024-05-30 00:00:00,DK1,84.03,78.43403,-5.59597
2024-05-30 00:00:00,DK2,91.21,78.848175,-12.361824
2024-05-30 01:00:00,DK1,84.02,88.05891,4.03891
2024-05-30 01:00:00,DK2,93.63,81.80461,-11.825386
2024-05-30 02:00:00,DK1,83.96,76.91751,-7.042488
2024-05-30 02:00:00,DK2,94.56,83.29043,-11.269569
2024-05-30 03:00:00,DK1,84.21,86.54114,2.3311386
2024-05-30 03:00:00,DK2,100.79,86.64567,-14.144333
2024-05-30 04:00:00,DK1,95.47,91.091,-4.378998
2024-05-30 04:00:00,DK2,103.37,98.06943,-5.3005753
2024-05-30 05:00:00,DK1,96.04,105.7701,9.730103
2024-05-30 05:00:00,DK2,106.67,102.854416,-3.8155823
2024-05-30 06:00:00,DK1,97.28,92.61566,-4.664337
2024-05-30 06:00:00,DK2,97.71,98.88482,1.17482
2024-05-30 07:00:00,DK1,93.9,72.45403,-21.445969
2024-05-30 07:00:00,DK2,93.9,79.16782,-14.732178
2024-05-30 08:00:00,DK1,85.0,78.298805,-6.701195
2024-05-30 08:00:00,DK2,85.0,78.86376,-6.136238
2024-05-30 09:00:00,DK1,77.6,59.222084,-18.377914
2024-05-30 09:00:00,DK2,80.0,69.1847,-10.8153
2024-05-30 10:00:00,DK1,70.92,52.684593,-18.235405
2024-05-30 10:00:00,DK2,70.92,72.11552,1.1955185
2024-05-30 11:00:00,DK1,62.97,62.724564,-0.24543762
2024-05-30 11:00:00,DK2,62.97,61.571655,-1.398346
2024-05-30 12:00:00,DK1,58.22,54.768417,-3.4515839
2024-05-30 12:00:00,DK2,62.97,65.07101,2.1010056
2024-05-30 13:00:00,DK1,56.53,72.40704,15.877045
2024-05-30 13:00:00,DK2,67.69,65.760895,-1.9291077
2024-05-30 14:00:00,DK1,69.96,66.124344,-3.8356552
2024-05-30 14:00:00,DK2,83.75,67.995224,-15.754776
2024-05-30 15:00:00,DK1,75.12,92.37192,17.251915
2024-05-30 15:00:00,DK2,90.13,85.29654,-4.833458
2024-05-30 16:00:00,DK1,93.9,88.039894,-5.8601074
2024-05-30 16:00:00,DK2,110.67,99.20742,-11.462578
2024-05-30 17:00:00,DK1,120.96,112.91666,-8.043343
2024-05-30 17:00:00,DK2,135.23,114.3739,-20.856094
2024-05-30 18:00:00,DK1,154.73,122.909035,-31.820961
2024-05-30 18:00:00,DK2,154.73,126.08622,-28.643776
2024-05-30 19:00:00,DK1,143.45,126.51524,-16.934753
2024-05-30 19:00:00,DK2,143.45,124.05084,-19.399155
2024-05-30 20:00:00,DK1,112.11,125.16039,13.050392
2024-05-30 20:00:00,DK2,112.11,107.666916,-4.4430847
2024-05-30 21:00:00,DK1,100.71,112.93775,12.227753
2024-05-30 21:00:00,DK2,100.71,109.88067,9.17067
2024-05-30 22:00:00,DK1,92.0,83.82292,-8.177078
2024-05-30 22:00:00,DK2,92.0,74.74575,-17.25425
2024-05-30 23:00:00,DK1,78.77,78.96305,0.1930542
2024-05-30 23:00:00,DK2,78.77,77.57056,-1.19944
2024-05-31 00:00:00,DK1,66.52,64.690315,-1.8296814
2024-05-31 00:00:00,DK2,66.52,59.64862,-6.871376
2024-05-31 01:00:00,DK1,61.7,53.32199,-8.37801
2024-05-31 01:00:00,DK2,61.7,46.483734,-15.216267
2024-05-31 02:00:00,DK1,62.01,56.192398,-5.8176003
2024-05-31 02:00:00,DK2,62.01,59.32319,-2.6868095
2024-05-31 03:00:00,DK1,63.75,80.78883,17.038834
2024-05-31 03:00:00,DK2,63.75,54.88581,-8.864189
2024-05-31 04:00:00,DK1,88.96,66.3268,-22.633202
2024-05-31 04:00:00,DK2,88.96,85.47694,-3.4830627
2024-05-31 05:00:00,DK1,91.51,100.673225,9.163223
2024-05-31 05:00:00,DK2,106.49,91.49601,-14.993988
2024-05-31 06:00:00,DK1,90.65,92.59523,1.9452286
2024-05-31 06:00:00,DK2,106.11,97.693085,-8.416916
2024-05-31 07:00:00,DK1,93.72,90.021225,-3.6987762
2024-05-31 07:00:00,DK2,99.9,97.282196,-2.6178055
2024-05-31 08:00:00,DK1,77.2,76.63031,-0.5696869
2024-05-31 08:00:00,DK2,89.76,80.79258,-8.9674225
2024-05-31 09:00:00,DK1,71.13,64.8237,-6.3062973
2024-05-31 09:00:00,DK2,80.05,68.1678,-11.882202
2024-05-31 10:00:00,DK1,62.66,48.213852,-14.446148
2024-05-31 10:00:00,DK2,73.11,59.98378,-13.126221
2024-05-31 11:00:00,DK1,59.23,49.133446,-10.096554
2024-05-31 11:00:00,DK2,66.85,58.622406,-8.227592
2024-05-31 12:00:00,DK1,53.28,48.531303,-4.7486954
2024-05-31 12:00:00,DK2,63.73,49.501564,-14.2284355
2024-05-31 13:00:00,DK1,44.52,48.82476,4.30476
2024-05-31 13:00:00,DK2,65.33,53.904716,-11.425285
2024-05-31 14:00:00,DK1,44.07,53.556137,9.486137
2024-05-31 14:00:00,DK2,73.27,56.370285,-16.899712
2024-05-31 15:00:00,DK1,65.1,63.76094,-1.3390579
2024-05-31 15:00:00,DK2,84.1,78.40758,-5.692421
2024-05-31 16:00:00,DK1,88.71,79.1512,-9.5588
2024-05-31 16:00:00,DK2,94.46,93.883896,-0.5761032
2024-05-31 17:00:00,DK1,98.1,96.02781,-2.0721893
2024-05-31 17:00:00,DK2,107.94,97.09119,-10.848816
2024-05-31 18:00:00,DK1,102.14,95.98111,-6.15889
2024-05-31 18:00:00,DK2,115.0,97.3824,-17.6176
2024-05-31 19:00:00,DK1,103.99,87.54032,-16.449677
2024-05-31 19:00:00,DK2,107.91,98.090515,-9.819489
2024-05-31 20:00:00,DK1,99.29,90.4845,-8.805504
2024-05-31 20:00:00,DK2,99.29,94.61774,-4.672264
2024-05-31 21:00:00,DK1,84.18,85.23183,1.0518265
2024-05-31 21:00:00,DK2,84.18,82.62487,-1.55513
2024-05-31 22:00:00,DK1,88.58,74.069305,-14.510696
2024-05-31 22:00:00,DK2,88.58,75.77434,-12.805664
2024-05-31 23:00:00,DK1,86.68,75.65361,-11.02639
2024-05-31 23:00:00,DK2,86.68,76.29463,-10.385368
2024-06-01 00:00:00,DK1,77.75,75.75011,-1.9998932
2024-06-01 00:00:00,DK2,77.75,76.717636,-1.0323639
2024-06-01 01:00:00,DK1,70.4,70.36377,-0.036231995
2024-06-01 01:00:00,DK2,70.4,69.32088,-1.0791245
2024-06-01 02:00:00,DK1,65.11,61.358177,-3.7518234
2024-06-01 02:00:00,DK2,65.11,60.962944,-4.1470566
2024-06-01 03:00:00,DK1,65.62,59.739586,-5.880417
2024-06-01 03:00:00,DK2,65.62,61.073776,-4.5462265
2024-06-01 04:00:00,DK1,65.9,69.64401,3.744011
2024-06-01 04:00:00,DK2,65.9,70.18171,4.281708
2024-06-01 05:00:00,DK1,68.09,66.23912,-1.8508759
2024-06-01 05:00:00,DK2,68.09,66.973625,-1.1163712
2024-06-01 06:00:00,DK1,70.75,62.539215,-8.210785
2024-06-01 06:00:00,DK2,70.75,65.68175,-5.0682526
2024-06-01 07:00:00,DK1,61.35,51.00067,-10.349327
2024-06-01 07:00:00,DK2,61.35,51.190002,-10.159996
2024-06-01 08:00:00,DK1,47.16,43.04754,-4.112461
2024-06-01 08:00:00,DK2,47.16,42.51584,-4.644161
2024-06-01 09:00:00,DK1,41.86,26.172016,-15.687984
2024-06-01 09:00:00,DK2,41.86,25.41918,-16.44082
2024-06-01 10:00:00,DK1,21.21,10.503324,-10.706676
2024-06-01 10:00:00,DK2,21.21,8.574294,-12.635705
2024-06-01 11:00:00,DK1,7.44,3.3008687,-4.1391315
2024-06-01 11:00:00,DK2,7.44,3.4236221,-4.016378
2024-06-01 12:00:00,DK1,2.92,1.5170927,-1.4029074
2024-06-01 12:00:00,DK2,2.92,1.038081,-1.881919
2024-06-01 13:00:00,DK1,5.8,1.2528222,-4.5471783
2024-06-01 13:00:00,DK2,5.8,4.058061,-1.7419391
2024-06-01 14:00:00,DK1,13.0,13.664207,0.66420746
2024-06-01 14:00:00,DK2,13.0,18.742285,5.742285
2024-06-01 15:00:00,DK1,47.44,43.96134,-3.4786568
2024-06-01 15:00:00,DK2,52.08,42.818466,-9.261536
2024-06-01 16:00:00,DK1,54.0,77.29643,23.296432
2024-06-01 16:00:00,DK2,67.5,55.102646,-12.397354
2024-06-01 17:00:00,DK1,64.78,81.76367,16.983673
2024-06-01 17:00:00,DK2,81.9,81.47037,-0.4296341
2024-06-01 18:00:00,DK1,74.9,72.40762,-2.4923782
2024-06-01 18:00:00,DK2,85.86,86.409874,0.54987335
2024-06-01 19:00:00,DK1,75.11,78.22115,3.1111526
2024-06-01 19:00:00,DK2,81.76,80.8291,-0.9309006
2024-06-01 20:00:00,DK1,67.6,67.35777,-0.24222565
2024-06-01 20:00:00,DK2,84.48,75.11102,-9.36898
2024-06-01 21:00:00,DK1,65.31,63.267876,-2.042122
2024-06-01 21:00:00,DK2,65.39,67.55187,2.1618729
2024-06-01 22:00:00,DK1,35.71,46.87033,11.160332
2024-06-01 22:00:00,DK2,35.71,51.19113,15.4811325
2024-06-01 23:00:00,DK1,31.12,31.295261,0.17526054
2024-06-01 23:00:00,DK2,31.12,31.024496,-0.09550476
2024-06-02 00:00:00,DK1,15.85,18.544601,2.694601
2024-06-02 00:00:00,DK2,15.85,16.612759,0.76275826
2024-06-02 01:00:00,DK1,7.22,9.615629,2.3956294
2024-06-02 01:00:00,DK2,7.22,6.6525574,-0.5674424
2024-06-02 02:00:00,DK1,8.96,2.1737232,-6.786277
2024-06-02 02:00:00,DK2,8.96,2.840464,-6.119536
2024-06-02 03:00:00,DK1,5.13,1.3580537,-3.7719464
2024-06-02 03:00:00,DK2,5.13,1.5509894,-3.5790107
2024-06-02 04:00:00,DK1,4.91,1.1113414,-3.7986584
2024-06-02 04:00:00,DK2,4.91,0.36779058,-4.542209
2024-06-02 05:00:00,DK1,4.11,-1.4446409,-5.554641
2024-06-02 05:00:00,DK2,4.11,-2.2147822,-6.3247824
2024-06-02 06:00:00,DK1,0.97,-4.640167,-5.6101675
2024-06-02 06:00:00,DK2,0.97,-7.110029,-8.0800295
2024-06-02 07:00:00,DK1,0.0,-10.2748165,-10.2748165
2024-06-02 07:00:00,DK2,0.0,-13.058003,-13.058003
2024-06-02 08:00:00,DK1,1.56,-13.773983,-15.333982
2024-06-02 08:00:00,DK2,1.56,-15.3583355,-16.918335
2024-06-02 09:00:00,DK1,0.77,-14.693226,-15.463226
2024-06-02 09:00:00,DK2,0.77,-15.312899,-16.0829
2024-06-02 10:00:00,DK1,-0.1,-14.977514,-14.877514
2024-06-02 10:00:00,DK2,-0.1,-15.341358,-15.241358
2024-06-02 11:00:00,DK1,-4.01,-14.785202,-10.775202
2024-06-02 11:00:00,DK2,-4.01,-15.883888,-11.873888
2024-06-02 12:00:00,DK1,-5.0,-14.81715,-9.81715
2024-06-02 12:00:00,DK2,-5.0,-14.821905,-9.821905
2024-06-02 13:00:00,DK1,-4.36,-13.401241,-9.041241
2024-06-02 13:00:00,DK2,-4.36,-10.514784,-6.1547837
2024-06-02 14:00:00,DK1,-8.98,-7.137124,1.8428755
2024-06-02 14:00:00,DK2,-0.08,-6.035495,-5.955495
2024-06-02 15:00:00,DK1,-1.27,-2.7473426,-1.4773426
2024-06-02 15:00:00,DK2,4.93,-1.2575142,-6.1875143
2024-06-02 16:00:00,DK1,13.95,3.5126297,-10.43737
2024-06-02 16:00:00,DK2,14.29,12.301447,-1.988553
2024-06-02 17:00:00,DK1,56.84,62.01927,5.1792717
2024-06-02 17:00:00,DK2,65.61,59.563774,-6.0462265
2024-06-02 18:00:00,DK1,67.38,78.19942,10.81942
2024-06-02 18:00:00,DK2,94.99,82.11443,-12.875565
2024-06-02 19:00:00,DK1,77.27,70.64947,-6.620529
2024-06-02 19:00:00,DK2,106.93,87.26408,-19.665924
2024-06-02 20:00:00,DK1,50.7,79.38817,28.688168
2024-06-02 20:00:00,DK2,106.4,90.53499,-15.865013
2024-06-02 21:00:00,DK1,50.75,51.668823,0.91882324
2024-06-02 21:00:00,DK2,93.55,75.8732,-17.676804
2024-06-02 22:00:00,DK1,93.6,48.06555,-45.534447
2024-06-02 22:00:00,DK2,93.6,84.248505,-9.351494
2024-06-02 23:00:00,DK1,82.55,68.56337,-13.986633
2024-06-02 23:00:00,DK2,82.55,75.392746,-7.157257
2024-06-03 00:00:00,DK1,80.2,66.65729,-13.542709
2024-06-03 00:00:00,DK2,80.2,67.41513,-12.784866
2024-06-03 01:00:00,DK1,58.08,65.38604,7.306038
2024-06-03 01:00:00,DK2,64.47,65.9269,1.4569016
2024-06-03 02:00:00,DK1,51.54,53.30667,1.7666702
2024-06-03 02:00:00,DK2,59.98,57.257896,-2.722103
2024-06-03 03:00:00,DK1,51.86,60.292694,8.4326935
2024-06-03 03:00:00,DK2,93.86,58.279152,-35.58085
2024-06-03 04:00:00,DK1,67.74,62.84562,-4.8943787
2024-06-03 04:00:00,DK2,133.28,76.53882,-56.74118
2024-06-03 05:00:00,DK1,94.66,83.44434,-11.21566
2024-06-03 05:00:00,DK2,193.06,91.86513,-101.19487
2024-06-03 06:00:00,DK1,112.89,87.03059,-25.859413
2024-06-03 06:00:00,DK2,164.48,91.121796,-73.3582
2024-06-03 07:00:00,DK1,104.49,98.52066,-5.9693375
2024-06-03 07:00:00,DK2,128.08,110.34915,-17.73085
2024-06-03 08:00:00,DK1,85.49,99.227486,13.737488
2024-06-03 08:00:00,DK2,99.05,93.654976,-5.395027
2024-06-03 09:00:00,DK1,78.8,82.38319,3.5831833
2024-06-03 09:00:00,DK2,95.9,70.92639,-24.97361
2024-06-03 10:00:00,DK1,68.27,59.77578,-8.494217
2024-06-03 10:00:00,DK2,81.09,61.24402,-19.845978
2024-06-03 11:00:00,DK1,61.08,62.02307,0.94306946
2024-06-03 11:00:00,DK2,63.14,53.606354,-9.533646
2024-06-03 12:00:00,DK1,55.02,49.250023,-5.7699776
2024-06-03 12:00:00,DK2,55.02,61.77317,6.75317
2024-06-03 13:00:00,DK1,50.52,70.19648,19.67648
2024-06-03 13:00:00,DK2,51.36,54.431267,3.0712662
2024-06-03 14:00:00,DK1,56.87,43.16134,-13.70866
2024-06-03 14:00:00,DK2,56.87,54.145157,-2.724842
2024-06-03 15:00:00,DK1,75.17,82.40523,7.2352295
2024-06-03 15:00:00,DK2,75.17,72.970535,-2.199463
2024-06-03 16:00:00,DK1,111.38,82.73743,-28.64257
2024-06-03 16:00:00,DK2,111.38,91.18,-20.199997
2024-06-03 17:00:00,DK1,138.47,114.177734,-24.292267
2024-06-03 17:00:00,DK2,138.47,126.69353,-11.776474
2024-06-03 18:00:00,DK1,179.3,150.36,-28.940002
2024-06-03 18:00:00,DK2,179.3,159.62753,-19.67247
2024-06-03 19:00:00,DK1,173.67,162.13985,-11.530151
2024-06-03 19:00:00,DK2,173.67,155.09906,-18.570938
2024-06-03 20:00:00,DK1,135.51,138.34158,2.8315887
2024-06-03 20:00:00,DK2,135.51,134.32886,-1.1811371
2024-06-03 21:00:00,DK1,105.91,118.09682,12.186813
2024-06-03 21:00:00,DK2,105.91,112.92316,7.013153
2024-06-03 22:00:00,DK1,105.51,97.253494,-8.256508
2024-06-03 22:00:00,DK2,105.51,95.602005,-9.907997
2024-06-03 23:00:00,DK1,97.78,97.20081,-0.5791855
2024-06-03 23:00:00,DK2,97.78,97.37188,-0.4081192
2024-06-04 00:00:00,DK1,95.42,93.96733,-1.4526672
2024-06-04 00:00:00,DK2,95.42,93.71091,-1.7090912
2024-06-04 01:00:00,DK1,85.86,92.4944,6.6343994
2024-06-04 01:00:00,DK2,85.86,91.36551,5.5055084
2024-06-04 02:00:00,DK1,80.78,87.44105,6.661049
2024-06-04 02:00:00,DK2,80.78,83.32646,2.546463
2024-06-04 03:00:00,DK1,94.28,81.78557,-12.494431
2024-06-04 03:00:00,DK2,99.74,83.28967,-16.450325
2024-06-04 04:00:00,DK1,145.22,96.035934,-49.184067
2024-06-04 04:00:00,DK2,166.94,116.64023,-50.299774
2024-06-04 05:00:00,DK1,177.66,143.86206,-33.797943
2024-06-04 05:00:00,DK2,177.66,163.13684,-14.523163
2024-06-04 06:00:00,DK1,136.66,168.3531,31.6931
2024-06-04 06:00:00,DK2,141.68,148.56107,6.881073
2024-06-04 07:00:00,DK1,112.37,105.80008,-6.5699234
2024-06-04 07:00:00,DK2,112.37,112.18056,-0.1894455
2024-06-04 08:00:00,DK1,91.6,94.18735,2.587349
2024-06-04 08:00:00,DK2,91.6,87.47102,-4.128975
2024-06-04 09:00:00,DK1,72.39,71.36893,-1.0210724
2024-06-04 09:00:00,DK2,81.31,76.12009,-5.189911
2024-06-04 10:00:00,DK1,61.17,61.708443,0.5384445
2024-06-04 10:00:00,DK2,67.34,52.756737,-14.58326
2024-06-04 11:00:00,DK1,47.33,48.438072,1.1080704
2024-06-04 11:00:00,DK2,55.27,51.389313,-3.8806877
2024-06-04 12:00:00,DK1,36.02,45.1494,9.129398
2024-06-04 12:00:00,DK2,43.86,34.517654,-9.342346
2024-06-04 13:00:00,DK1,38.18,18.609777,-19.570223
2024-06-04 13:00:00,DK2,47.06,24.66754,-22.392462
2024-06-04 14:00:00,DK1,43.27,42.132416,-1.1375847
2024-06-04 14:00:00,DK2,64.03,52.75125,-11.278748
2024-06-04 15:00:00,DK1,57.09,86.01425,28.924252
2024-06-04 15:00:00,DK2,84.88,75.86599,-9.014008
2024-06-04 16:00:00,DK1,74.08,87.79768,13.717682
2024-06-04 16:00:00,DK2,116.22,70.50364,-45.716362
2024-06-04 17:00:00,DK1,94.0,85.860016,-8.139984
2024-06-04 17:00:00,DK2,176.78,123.85949,-52.92051
2024-06-04 18:00:00,DK1,105.0,127.15225,22.152252
2024-06-04 18:00:00,DK2,235.52,137.04794,-98.47206
2024-06-04 19:00:00,DK1,112.77,114.73211,1.9621124
2024-06-04 19:00:00,DK2,140.68,151.30641,10.626419
2024-06-04 20:00:00,DK1,96.62,86.01786,-10.602142
2024-06-04 20:00:00,DK2,107.34,119.713295,12.373299
2024-06-04 21:00:00,DK1,70.01,75.983,5.9729996
2024-06-04 21:00:00,DK2,75.81,94.650856,18.840858
2024-06-04 22:00:00,DK1,15.01,44.63343,29.62343
2024-06-04 22:00:00,DK2,56.85,43.390114,-13.459885
2024-06-04 23:00:00,DK1,26.0,24.974215,-1.0257854
2024-06-04 23:00:00,DK2,43.93,40.919373,-3.0106277
2024-06-05 00:00:00,DK1,24.6,20.94958,-3.6504211
2024-06-05 00:00:00,DK2,24.6,31.54067,6.94067
2024-06-05 01:00:00,DK1,22.92,15.550121,-7.369879
2024-06-05 01:00:00,DK2,22.92,25.230614,2.3106136
2024-06-05 02:00:00,DK1,22.0,26.004173,4.0041733
2024-06-05 02:00:00,DK2,22.0,25.994478,3.9944782
2024-06-05 03:00:00,DK1,25.56,24.23147,-1.3285294
2024-06-05 03:00:00,DK2,25.56,24.654488,-0.90551186
2024-06-05 04:00:00,DK1,36.56,32.05182,-4.5081825
2024-06-05 04:00:00,DK2,36.56,33.052185,-3.5078163
2024-06-05 05:00:00,DK1,46.34,52.73916,6.3991585
2024-06-05 05:00:00,DK2,46.34,44.76425,-1.5757484
2024-06-05 06:00:00,DK1,48.71,40.935097,-7.7749023
2024-06-05 06:00:00,DK2,48.71,37.07345,-11.636551
2024-06-05 07:00:00,DK1,42.36,43.223366,0.8633652
2024-06-05 07:00:00,DK2,42.36,39.88655,-2.4734497
2024-06-05 08:00:00,DK1,40.01,31.163221,-8.846777
2024-06-05 08:00:00,DK2,40.01,23.881792,-16.128206
2024-06-05 09:00:00,DK1,41.91,26.029184,-15.8808155
2024-06-05 09:00:00,DK2,41.91,22.895403,-19.014597
2024-06-05 10:00:00,DK1,34.93,18.322598,-16.607403
2024-06-05 10:00:00,DK2,34.93,15.52817,-19.40183
2024-06-05 11:00:00,DK1,28.38,11.060874,-17.319126
2024-06-05 11:00:00,DK2,28.38,16.311565,-12.068434
2024-06-05 12:00:00,DK1,21.93,13.616686,-8.313314
2024-06-05 12:00:00,DK2,21.93,10.075806,-11.854195
2024-06-05 13:00:00,DK1,24.0,7.082556,-16.917444
2024-06-05 13:00:00,DK2,24.0,9.690123,-14.309877
2024-06-05 14:00:00,DK1,31.06,32.137543,1.0775433
2024-06-05 14:00:00,DK2,35.15,52.060867,16.910866
2024-06-05 15:00:00,DK1,65.38,51.32551,-14.054489
2024-06-05 15:00:00,DK2,65.38,50.068,-15.311996
2024-06-05 16:00:00,DK1,93.76,34.39576,-59.364243
2024-06-05 16:00:00,DK2,102.57,62.520187,-40.049812
2024-06-05 17:00:00,DK1,118.48,141.31543,22.835426
2024-06-05 17:00:00,DK2,123.93,151.33316,27.40316
2024-06-05 18:00:00,DK1,140.28,145.58727,5.307266
2024-06-05 18:00:00,DK2,152.15,127.25817,-24.891823
2024-06-05 19:00:00,DK1,144.45,138.67348,-5.77652
2024-06-05 19:00:00,DK2,158.02,128.60516,-29.41484
2024-06-05 20:00:00,DK1,131.54,112.2303,-19.309692
2024-06-05 20:00:00,DK2,138.08,120.81334,-17.266663
2024-06-05 21:00:00,DK1,103.65,111.83183,8.181831
2024-06-05 21:00:00,DK2,103.65,113.81463,10.164627
2024-06-05 22:00:00,DK1,87.18,97.42137,10.241371
2024-06-05 22:00:00,DK2,87.18,97.29824,10.11824
2024-06-05 23:00:00,DK1,80.6,75.59992,-5.0000763
2024-06-05 23:00:00,DK2,80.6,76.96945,-3.6305466
2024-06-06 00:00:00,DK1,76.92,68.57718,-8.342819
2024-06-06 00:00:00,DK2,76.92,73.2068,-3.7131958
2024-06-06 01:00:00,DK1,74.65,70.29902,-4.3509827
2024-06-06 01:00:00,DK2,74.65,72.87798,-1.7720184
2024-06-06 02:00:00,DK1,79.83,67.13513,-12.69487
2024-06-06 02:00:00,DK2,79.83,74.43886,-5.391144
2024-06-06 03:00:00,DK1,89.31,78.13464,-11.175354
2024-06-06 03:00:00,DK2,89.31,79.21466,-10.095337
2024-06-06 04:00:00,DK1,112.0,87.56373,-24.436272
2024-06-06 04:00:00,DK2,112.0,95.981606,-16.018394
2024-06-06 05:00:00,DK1,117.3,101.92528,-15.374725
2024-06-06 05:00:00,DK2,117.3,106.620605,-10.679398
2024-06-06 06:00:00,DK1,93.45,101.1187,7.668701
2024-06-06 06:00:00,DK2,93.45,94.64549,1.1954956
2024-06-06 07:00:00,DK1,45.25,77.52948,32.27948
2024-06-06 07:00:00,DK2,45.25,61.8813,16.631302
2024-06-06 08:00:00,DK1,47.04,27.48731,-19.55269
2024-06-06 08:00:00,DK2,47.04,41.476807,-5.5631943
2024-06-06 09:00:00,DK1,30.25,24.814583,-5.435417
2024-06-06 09:00:00,DK2,14.83,36.260628,21.430628
2024-06-06 10:00:00,DK1,24.33,14.194401,-10.135599
2024-06-06 10:00:00,DK2,12.99,13.23007,0.24007034
2024-06-06 11:00:00,DK1,19.5,5.7033057,-13.796694
2024-06-06 11:00:00,DK2,12.65,10.513657,-2.136343
2024-06-06 12:00:00,DK1,24.23,7.803937,-16.426064
2024-06-06 12:00:00,DK2,12.55,14.656415,2.1064148
2024-06-06 13:00:00,DK1,30.98,14.049682,-16.930317
2024-06-06 13:00:00,DK2,30.98,15.965112,-15.014888
2024-06-06 14:00:00,DK1,49.64,39.05655,-10.58345
2024-06-06 14:00:00,DK2,49.64,42.366753,-7.273247
2024-06-06 15:00:00,DK1,78.73,66.96173,-11.768272
2024-06-06 15:00:00,DK2,78.73,63.30613,-15.423874
2024-06-06 16:00:00,DK1,89.92,84.24713,-5.672867
2024-06-06 16:00:00,DK2,89.92,83.47212,-6.447876
2024-06-06 17:00:00,DK1,111.5,105.1461,-6.353897
2024-06-06 17:00:00,DK2,112.91,109.86844,-3.041565
2024-06-06 18:00:00,DK1,148.44,119.690384,-28.749619
2024-06-06 18:00:00,DK2,160.04,128.75441,-31.285583
2024-06-06 19:00:00,DK1,150.02,157.25208,7.232071
2024-06-06 19:00:00,DK2,167.72,146.9084,-20.8116
2024-06-06 20:00:00,DK1,123.96,135.14807,11.188072
2024-06-06 20:00:00,DK2,132.45,137.40271,4.952713
2024-06-06 21:00:00,DK1,104.39,111.52554,7.135544
2024-06-06 21:00:00,DK2,104.39,109.15418,4.764183
2024-06-06 22:00:00,DK1,101.0,95.80301,-5.196991
2024-06-06 22:00:00,DK2,101.0,93.65871,-7.3412933
2024-06-06 23:00:00,DK1,96.13,91.83513,-4.2948685
2024-06-06 23:00:00,DK2,96.13,93.69211,-2.437889
2024-06-07 00:00:00,DK1,91.7,94.832245,3.132248
2024-06-07 00:00:00,DK2,91.7,92.74161,1.0416107
2024-06-07 01:00:00,DK1,87.53,89.528946,1.9989471
2024-06-07 01:00:00,DK2,87.53,87.202644,-0.32735443
2024-06-07 02:00:00,DK1,84.25,87.29214,3.0421371
2024-06-07 02:00:00,DK2,84.25,84.47556,0.22556305
2024-06-07 03:00:00,DK1,91.9,86.839005,-5.060997
2024-06-07 03:00:00,DK2,91.9,84.118286,-7.7817154
2024-06-07 04:00:00,DK1,107.96,95.70768,-12.252319
2024-06-07 04:00:00,DK2,113.95,100.76169,-13.188309
2024-06-07 05:00:00,DK1,112.74,116.11222,3.372223
2024-06-07 05:00:00,DK2,119.05,112.21387,-6.836136
2024-06-07 06:00:00,DK1,98.6,105.92624,7.3262405
2024-06-07 06:00:00,DK2,102.76,101.697174,-1.0628281
2024-06-07 07:00:00,DK1,77.4,86.14038,8.740379
2024-06-07 07:00:00,DK2,78.56,85.17106,6.611061
2024-06-07 08:00:00,DK1,58.56,64.67209,6.1120872
2024-06-07 08:00:00,DK2,60.66,65.4582,4.7981987
2024-06-07 09:00:00,DK1,41.39,45.452385,4.0623856
2024-06-07 09:00:00,DK2,41.39,56.011368,14.621368
2024-06-07 10:00:00,DK1,33.91,30.684286,-3.2257137
2024-06-07 10:00:00,DK2,33.91,35.58554,1.6755409
2024-06-07 11:00:00,DK1,25.36,18.665379,-6.694622
2024-06-07 11:00:00,DK2,25.36,28.921576,3.561575
2024-06-07 12:00:00,DK1,17.41,16.263088,-1.1469116
2024-06-07 12:00:00,DK2,17.41,16.809637,-0.6003628
2024-06-07 13:00:00,DK1,13.08,9.763305,-3.3166952
2024-06-07 13:00:00,DK2,14.59,13.532911,-1.0570889
2024-06-07 14:00:00,DK1,25.57,34.184074,8.614075
2024-06-07 14:00:00,DK2,24.06,30.366373,6.3063736
2024-06-07 15:00:00,DK1,60.09,50.239716,-9.850285
2024-06-07 15:00:00,DK2,61.12,53.80719,-7.312809
2024-06-07 16:00:00,DK1,81.13,96.978905,15.848907
2024-06-07 16:00:00,DK2,83.17,85.73877,2.5687714
2024-06-07 17:00:00,DK1,102.0,87.26048,-14.739517
2024-06-07 17:00:00,DK2,125.49,90.46081,-35.02919
2024-06-07 18:00:00,DK1,119.67,108.25369,-11.416306
2024-06-07 18:00:00,DK2,151.04,120.754166,-30.285828
2024-06-07 19:00:00,DK1,133.87,121.660866,-12.209129
2024-06-07 19:00:00,DK2,150.16,122.1187,-28.041306
2024-06-07 20:00:00,DK1,112.69,111.55614,-1.1338654
2024-06-07 20:00:00,DK2,123.84,118.066124,-5.7738724
2024-06-07 21:00:00,DK1,90.0,110.13864,20.138641
2024-06-07 21:00:00,DK2,95.11,108.27375,13.16375
2024-06-07 22:00:00,DK1,90.55,93.31516,2.7651596
2024-06-07 22:00:00,DK2,96.0,86.49577,-9.504227
2024-06-07 23:00:00,DK1,59.1,75.99797,16.897972
2024-06-07 23:00:00,DK2,65.68,73.77898,8.098976
2024-06-08 00:00:00,DK1,44.27,59.82905,15.559048
2024-06-08 00:00:00,DK2,51.39,54.81656,3.4265594
2024-06-08 01:00:00,DK1,36.66,33.987427,-2.672573
2024-06-08 01:00:00,DK2,39.98,32.45421,-7.525791
2024-06-08 02:00:00,DK1,34.14,21.199709,-12.94029
2024-06-08 02:00:00,DK2,34.14,25.489304,-8.650696
2024-06-08 03:00:00,DK1,32.91,19.905031,-13.004969
2024-06-08 03:00:00,DK2,32.91,25.154593,-7.7554073
2024-06-08 04:00:00,DK1,35.18,23.105427,-12.0745735
2024-06-08 04:00:00,DK2,35.18,29.693583,-5.486418
2024-06-08 05:00:00,DK1,37.05,32.366795,-4.6832047
2024-06-08 05:00:00,DK2,38.69,35.097824,-3.5921745
2024-06-08 06:00:00,DK1,42.2,29.26866,-12.931341
2024-06-08 06:00:00,DK2,37.69,40.12117,2.4311714
2024-06-08 07:00:00,DK1,12.24,25.509007,13.269007
2024-06-08 07:00:00,DK2,15.1,18.659855,3.5598545
2024-06-08 08:00:00,DK1,-0.04,5.1713333,5.2113333
2024-06-08 08:00:00,DK2,1.51,4.888183,3.3781831
2024-06-08 09:00:00,DK1,-2.2,-2.607582,-0.40758204
2024-06-08 09:00:00,DK2,-2.2,-3.0954833,-0.89548326
2024-06-08 10:00:00,DK1,-6.0,-7.6999836,-1.6999836
2024-06-08 10:00:00,DK2,-6.0,-6.829793,-0.829793
2024-06-08 11:00:00,DK1,-13.88,-9.576142,4.303858
2024-06-08 11:00:00,DK2,-13.88,-7.625263,6.254737
2024-06-08 12:00:00,DK1,-14.63,-9.081303,5.5486975
2024-06-08 12:00:00,DK2,-14.63,-6.461952,8.168048
2024-06-08 13:00:00,DK1,-13.5,-6.828788,6.671212
2024-06-08 13:00:00,DK2,-13.5,-6.6601877,6.8398123
2024-06-08 14:00:00,DK1,-2.54,-5.9039,-3.3639002
2024-06-08 14:00:00,DK2,-2.54,-4.2977996,-1.7577996
2024-06-08 15:00:00,DK1,0.01,5.7101054,5.700105
2024-06-08 15:00:00,DK2,14.35,2.663008,-11.686993
2024-06-08 16:00:00,DK1,27.01,57.987465,30.977465
2024-06-08 16:00:00,DK2,27.01,61.660324,34.650322
2024-06-08 17:00:00,DK1,34.23,63.328842,29.098843
2024-06-08 17:00:00,DK2,40.78,35.070976,-5.7090225
2024-06-08 18:00:00,DK1,32.57,46.335846,13.765846
2024-06-08 18:00:00,DK2,32.57,42.91581,10.34581
2024-06-08 19:00:00,DK1,31.73,29.318615,-2.4113846
2024-06-08 19:00:00,DK2,31.73,31.530897,-0.1991024
2024-06-08 20:00:00,DK1,31.11,27.789818,-3.3201828
2024-06-08 20:00:00,DK2,31.11,26.888906,-4.221094
2024-06-08 21:00:00,DK1,29.59,20.917292,-8.6727085
2024-06-08 21:00:00,DK2,29.59,26.661829,-2.9281712
2024-06-08 22:00:00,DK1,69.02,23.951178,-45.068817
2024-06-08 22:00:00,DK2,69.02,34.84259,-34.177406
2024-06-08 23:00:00,DK1,27.48,56.455177,28.975178
2024-06-08 23:00:00,DK2,27.48,36.54406,9.06406
2024-06-09 00:00:00,DK1,17.02,16.378107,-0.6418934
2024-06-09 00:00:00,DK2,17.02,11.853935,-5.166065
2024-06-09 01:00:00,DK1,9.11,7.1591544,-1.9508452
2024-06-09 01:00:00,DK2,9.11,6.271372,-2.8386278
2024-06-09 02:00:00,DK1,4.09,4.1870265,0.09702635
2024-06-09 02:00:00,DK2,4.09,3.6498346,-0.44016552
2024-06-09 03:00:00,DK1,1.87,2.6354792,0.7654792
2024-06-09 03:00:00,DK2,1.87,3.0211039,1.1511039
2024-06-09 04:00:00,DK1,4.73,2.2766066,-2.4533935
2024-06-09 04:00:00,DK2,0.72,2.2737014,1.5537014
2024-06-09 05:00:00,DK1,2.22,1.8940651,-0.3259349
2024-06-09 05:00:00,DK2,0.78,-2.0102787,-2.7902787
2024-06-09 06:00:00,DK1,-0.08,-4.068286,-3.988286
2024-06-09 06:00:00,DK2,-0.08,-4.812951,-4.732951
2024-06-09 07:00:00,DK1,-2.01,-8.373522,-6.3635216
2024-06-09 07:00:00,DK2,-2.01,-9.375384,-7.365384
2024-06-09 08:00:00,DK1,-7.6,-11.774713,-4.1747127
2024-06-09 08:00:00,DK2,-7.6,-12.729551,-5.1295514
2024-06-09 09:00:00,DK1,-15.0,-13.39975,1.6002502
2024-06-09 09:00:00,DK2,-15.0,-14.183456,0.8165436
2024-06-09 10:00:00,DK1,-24.77,-14.037624,10.732376
2024-06-09 10:00:00,DK2,-24.77,-14.4788265,10.291174
2024-06-09 11:00:00,DK1,-32.69,-14.244011,18.445988
2024-06-09 11:00:00,DK2,-32.69,-14.323769,18.36623
2024-06-09 12:00:00,DK1,-37.13,-14.110144,23.019857
2024-06-09 12:00:00,DK2,-37.13,-13.893681,23.23632
2024-06-09 13:00:00,DK1,-28.68,-13.401442,15.278559
2024-06-09 13:00:00,DK2,-28.68,-12.240919,16.439081
2024-06-09 14:00:00,DK1,-4.99,-10.977873,-5.987873
2024-06-09 14:00:00,DK2,-4.99,-9.426092,-4.4360924
2024-06-09 15:00:00,DK1,-0.5,-6.825185,-6.325185
2024-06-09 15:00:00,DK2,-0.59,-2.1669602,-1.5769603
2024-06-09 16:00:00,DK1,40.0,27.344807,-12.655193
2024-06-09 16:00:00,DK2,6.1,24.923117,18.823116
2024-06-09 17:00:00,DK1,35.97,75.59517,39.625168
2024-06-09 17:00:00,DK2,35.97,25.404665,-10.565336
2024-06-09 18:00:00,DK1,38.14,24.780937,-13.359062
2024-06-09 18:00:00,DK2,38.14,28.874638,-9.265362
2024-06-09 19:00:00,DK1,40.76,61.803596,21.043598
2024-06-09 19:00:00,DK2,40.76,32.596817,-8.163181
2024-06-09 20:00:00,DK1,41.19,26.77619,-14.413809
2024-06-09 20:00:00,DK2,41.19,31.122334,-10.067665
2024-06-09 21:00:00,DK1,39.09,38.20214,-0.88785934
2024-06-09 21:00:00,DK2,39.09,27.666178,-11.423822
2024-06-09 22:00:00,DK1,37.15,22.481552,-14.668449
2024-06-09 22:00:00,DK2,37.15,28.090418,-9.059584
2024-06-09 23:00:00,DK1,35.11,45.830574,10.720573
2024-06-09 23:00:00,DK2,35.11,30.262892,-4.847109
2024-06-10 00:00:00,DK1,34.42,22.924097,-11.495901
2024-06-10 00:00:00,DK2,34.42,26.590353,-7.829645
2024-06-10 01:00:00,DK1,34.83,34.992874,0.16287231
2024-06-10 01:00:00,DK2,34.83,25.858503,-8.9714985
2024-06-10 02:00:00,DK1,33.29,35.971207,2.6812057
2024-06-10 02:00:00,DK2,22.62,25.444818,2.8248177
2024-06-10 03:00:00,DK1,34.19,31.024137,-3.1658611
2024-06-10 03:00:00,DK2,27.68,20.82017,-6.859831
2024-06-10 04:00:00,DK1,39.59,40.971832,1.3818321
2024-06-10 04:00:00,DK2,39.59,29.51394,-10.076059
2024-06-10 05:00:00,DK1,42.35,61.396317,19.046318
2024-06-10 05:00:00,DK2,42.35,40.18966,-2.1603394
2024-06-10 06:00:00,DK1,41.26,31.903475,-9.3565235
2024-06-10 06:00:00,DK2,41.26,33.37773,-7.882267
2024-06-10 07:00:00,DK1,38.81,31.762604,-7.0473976
2024-06-10 07:00:00,DK2,38.81,32.21235,-6.5976524
2024-06-10 08:00:00,DK1,35.51,21.564707,-13.9452915
2024-06-10 08:00:00,DK2,35.26,28.327372,-6.9326267
2024-06-10 09:00:00,DK1,37.4,19.768696,-17.631306
2024-06-10 09:00:00,DK2,33.05,25.114115,-7.9358845
2024-06-10 10:00:00,DK1,39.49,19.626068,-19.863934
2024-06-10 10:00:00,DK2,32.32,26.5347,-5.7852993
2024-06-10 11:00:00,DK1,39.18,21.905283,-17.274717
2024-06-10 11:00:00,DK2,32.03,26.147308,-5.8826904
2024-06-10 12:00:00,DK1,38.84,24.44067,-14.39933
2024-06-10 12:00:00,DK2,32.0,24.671686,-7.328314
2024-06-10 13:00:00,DK1,39.16,26.93233,-12.227671
2024-06-10 13:00:00,DK2,31.83,26.966349,-4.8636513
2024-06-10 14:00:00,DK1,31.88,41.283173,9.403173
2024-06-10 14:00:00,DK2,31.88,37.247627,5.367628
2024-06-10 15:00:00,DK1,50.22,63.746002,13.526001
2024-06-10 15:00:00,DK2,50.22,57.41207,7.19207
2024-06-10 16:00:00,DK1,65.74,79.41235,13.672356
2024-06-10 16:00:00,DK2,65.74,76.8341,11.094101
2024-06-10 17:00:00,DK1,109.6,117.35555,7.755554
2024-06-10 17:00:00,DK2,109.6,115.609924,6.009926
2024-06-10 18:00:00,DK1,113.8,121.62323,7.823227
2024-06-10 18:00:00,DK2,121.46,111.16554,-10.2944565
2024-06-10 19:00:00,DK1,104.0,121.08194,17.08194
2024-06-10 19:00:00,DK2,110.6,115.858536,5.2585373
2024-06-10 20:00:00,DK1,97.16,86.79404,-10.365967
2024-06-10 20:00:00,DK2,97.16,94.48553,-2.6744766
2024-06-10 21:00:00,DK1,77.0,98.095795,21.095795
2024-06-10 21:00:00,DK2,77.0,87.98047,10.980469
2024-06-10 22:00:00,DK1,60.07,59.72692,-0.3430786
2024-06-10 22:00:00,DK2,60.07,59.7296,-0.3404007
2024-06-10 23:00:00,DK1,56.96,56.36985,-0.5901489
2024-06-10 23:00:00,DK2,56.96,61.980408,5.0204086
2024-06-11 00:00:00,DK1,61.29,56.698174,-4.5918274
2024-06-11 00:00:00,DK2,62.95,53.07879,-9.871212
2024-06-11 01:00:00,DK1,55.0,50.987144,-4.0128555
2024-06-11 01:00:00,DK2,55.82,53.567955,-2.2520447
2024-06-11 02:00:00,DK1,58.07,50.449623,-7.6203766
2024-06-11 02:00:00,DK2,60.06,56.8908,-3.169201
2024-06-11 03:00:00,DK1,59.11,59.598824,0.48882294
2024-06-11 03:00:00,DK2,59.11,56.70028,-2.4097214
2024-06-11 04:00:00,DK1,75.55,72.82938,-2.7206268
2024-06-11 04:00:00,DK2,81.83,68.97452,-12.855484
2024-06-11 05:00:00,DK1,100.05,96.255264,-3.7947388
2024-06-11 05:00:00,DK2,100.26,101.44731,1.1873093
2024-06-11 06:00:00,DK1,91.5,99.39322,7.893219
2024-06-11 06:00:00,DK2,91.5,96.58453,5.0845337
2024-06-11 07:00:00,DK1,68.27,78.99676,10.726761
2024-06-11 07:00:00,DK2,68.27,73.59727,5.3272705
2024-06-11 08:00:00,DK1,49.92,54.18547,4.2654724
2024-06-11 08:00:00,DK2,49.92,61.221626,11.301628
2024-06-11 09:00:00,DK1,32.13,42.254486,10.124485
2024-06-11 09:00:00,DK2,32.96,36.930878,3.9708786
2024-06-11 10:00:00,DK1,11.84,20.906792,9.066792
2024-06-11 10:00:00,DK2,29.49,18.373358,-11.116642
2024-06-11 11:00:00,DK1,3.3,6.6310644,3.3310645
2024-06-11 11:00:00,DK2,21.67,9.862763,-11.807237
2024-06-11 12:00:00,DK1,1.07,4.1330876,3.0630875
2024-06-11 12:00:00,DK2,25.04,9.575314,-15.464687
2024-06-11 13:00:00,DK1,1.14,6.770461,5.630461
2024-06-11 13:00:00,DK2,27.14,12.127902,-15.012097
2024-06-11 14:00:00,DK1,13.89,11.295277,-2.5947237
2024-06-11 14:00:00,DK2,31.19,24.7154,-6.4746
2024-06-11 15:00:00,DK1,53.92,29.889902,-24.030096
2024-06-11 15:00:00,DK2,37.97,39.62262,1.6526184
2024-06-11 16:00:00,DK1,71.65,69.313385,-2.3366165
2024-06-11 16:00:00,DK2,71.65,69.630394,-2.0196075
2024-06-11 17:00:00,DK1,97.6,98.33914,0.7391434
2024-06-11 17:00:00,DK2,97.6,95.67934,-1.9206619
2024-06-11 18:00:00,DK1,123.19,111.47513,-11.714874
2024-06-11 18:00:00,DK2,123.19,114.484245,-8.705757
2024-06-11 19:00:00,DK1,119.44,113.64092,-5.79908
2024-06-11 19:00:00,DK2,119.44,105.12598,-14.314026
2024-06-11 20:00:00,DK1,101.1,97.58832,-3.5116806
2024-06-11 20:00:00,DK2,101.1,95.275665,-5.824333
2024-06-11 21:00:00,DK1,49.14,83.056335,33.916336
2024-06-11 21:00:00,DK2,49.14,63.665527,14.525528
2024-06-11 22:00:00,DK1,85.16,38.34639,-46.813614
2024-06-11 22:00:00,DK2,85.16,58.848557,-26.311447
2024-06-11 23:00:00,DK1,79.98,71.67461,-8.305397
2024-06-11 23:00:00,DK2,79.98,67.40403,-12.5759735
2024-06-12 00:00:00,DK1,70.99,70.27641,-0.7135849
2024-06-12 00:00:00,DK2,70.99,68.23309,-2.7569046
2024-06-12 01:00:00,DK1,70.35,65.108665,-5.241333
2024-06-12 01:00:00,DK2,70.35,66.30348,-4.0465164
2024-06-12 02:00:00,DK1,65.36,71.688324,6.3283234
2024-06-12 02:00:00,DK2,65.36,66.14124,0.7812424
2024-06-12 03:00:00,DK1,73.47,70.29136,-3.1786423
2024-06-12 03:00:00,DK2,73.47,67.5685,-5.9015045
2024-06-12 04:00:00,DK1,114.46,80.57102,-33.888977
2024-06-12 04:00:00,DK2,114.46,90.891495,-23.568504
2024-06-12 05:00:00,DK1,114.9,106.23076,-8.669243
2024-06-12 05:00:00,DK2,126.5,109.11995,-17.38005
2024-06-12 06:00:00,DK1,103.69,105.05476,1.3647614
2024-06-12 06:00:00,DK2,103.69,99.63716,-4.052841
2024-06-12 07:00:00,DK1,69.89,84.40599,14.515991
2024-06-12 07:00:00,DK2,78.65,76.21629,-2.4337082
2024-06-12 08:00:00,DK1,55.42,60.380768,4.9607697
2024-06-12 08:00:00,DK2,64.19,57.387054,-6.802948
2024-06-12 09:00:00,DK1,45.67,43.028038,-2.6419601
2024-06-12 09:00:00,DK2,58.0,45.462814,-12.537186
2024-06-12 10:00:00,DK1,40.94,36.417664,-4.522335
2024-06-12 10:00:00,DK2,40.94,32.764496,-8.175503
2024-06-12 11:00:00,DK1,39.46,20.70807,-18.751928
2024-06-12 11:00:00,DK2,39.46,26.702211,-12.757788
2024-06-12 12:00:00,DK1,38.73,20.059526,-18.670473
2024-06-12 12:00:00,DK2,38.73,20.10184,-18.62816
2024-06-12 13:00:00,DK1,40.04,23.587343,-16.452658
2024-06-12 13:00:00,DK2,41.4,24.629065,-16.770937
2024-06-12 14:00:00,DK1,45.75,40.670967,-5.079033
2024-06-12 14:00:00,DK2,63.0,35.82064,-27.17936
2024-06-12 15:00:00,DK1,49.96,59.35463,9.39463
2024-06-12 15:00:00,DK2,81.2,62.031067,-19.16893
2024-06-12 16:00:00,DK1,70.55,79.63794,9.087936
2024-06-12 16:00:00,DK2,99.95,86.58903,-13.36097
2024-06-12 17:00:00,DK1,119.86,121.35274,1.4927368
2024-06-12 17:00:00,DK2,135.7,133.76952,-1.930481
2024-06-12 18:00:00,DK1,144.03,128.29701,-15.732986
2024-06-12 18:00:00,DK2,154.34,138.16556,-16.174438
2024-06-12 19:00:00,DK1,126.1,121.90448,-4.1955185
2024-06-12 19:00:00,DK2,154.66,118.54825,-36.111755
2024-06-12 20:00:00,DK1,128.3,125.48802,-2.8119812
2024-06-12 20:00:00,DK2,130.88,132.45746,1.5774536
2024-06-12 21:00:00,DK1,107.07,109.338036,2.268036
2024-06-12 21:00:00,DK2,107.07,104.68909,-2.3809128
2024-06-12 22:00:00,DK1,99.0,93.65468,-5.3453217
2024-06-12 22:00:00,DK2,99.0,94.2102,-4.7898026
2024-06-12 23:00:00,DK1,89.63,88.57368,-1.0563202
2024-06-12 23:00:00,DK2,93.26,91.16849,-2.0915146
2024-06-13 00:00:00,DK1,83.62,90.36762,6.7476196
2024-06-13 00:00:00,DK2,84.19,83.611465,-0.578537
2024-06-13 01:00:00,DK1,80.35,81.77189,1.4218903
2024-06-13 01:00:00,DK2,85.21,78.80919,-6.4008102
2024-06-13 02:00:00,DK1,78.68,85.68672,7.0067215
2024-06-13 02:00:00,DK2,83.83,77.07193,-6.758072
2024-06-13 03:00:00,DK1,90.24,84.4805,-5.7594986
2024-06-13 03:00:00,DK2,98.96,86.23363,-12.726372
2024-06-13 04:00:00,DK1,85.8,97.054474,11.254471
2024-06-13 04:00:00,DK2,122.41,90.949066,-31.460938
2024-06-13 05:00:00,DK1,122.34,101.25536,-21.084633
2024-06-13 05:00:00,DK2,131.09,116.50092,-14.589073
2024-06-13 06:00:00,DK1,106.07,111.13234,5.06234
2024-06-13 06:00:00,DK2,115.02,110.5854,-4.434593
2024-06-13 07:00:00,DK1,73.79,96.53914,22.749138
2024-06-13 07:00:00,DK2,83.8,85.10141,1.3014069
2024-06-13 08:00:00,DK1,56.95,52.308105,-4.6418953
2024-06-13 08:00:00,DK2,69.01,61.728737,-7.2812653
2024-06-13 09:00:00,DK1,51.02,51.68286,0.6628609
2024-06-13 09:00:00,DK2,61.71,66.72069,5.010689
2024-06-13 10:00:00,DK1,44.15,37.70021,-6.449791
2024-06-13 10:00:00,DK2,53.36,52.583252,-0.77674866
2024-06-13 11:00:00,DK1,43.89,29.467701,-14.422298
2024-06-13 11:00:00,DK2,46.96,41.90326,-5.05674
2024-06-13 12:00:00,DK1,42.0,27.79784,-14.20216
2024-06-13 12:00:00,DK2,43.35,31.002596,-12.347403
2024-06-13 13:00:00,DK1,46.63,26.437464,-20.192537
2024-06-13 13:00:00,DK2,53.74,32.342865,-21.397137
2024-06-13 14:00:00,DK1,72.35,60.98221,-11.36779
2024-06-13 14:00:00,DK2,77.42,64.79964,-12.620361
2024-06-13 15:00:00,DK1,80.08,84.28476,4.2047577
2024-06-13 15:00:00,DK2,80.08,79.1578,-0.92220306
2024-06-13 16:00:00,DK1,106.85,100.53182,-6.3181763
2024-06-13 16:00:00,DK2,106.91,103.0285,-3.8815002
2024-06-13 17:00:00,DK1,121.65,117.42769,-4.222313
2024-06-13 17:00:00,DK2,139.66,123.454384,-16.20562
2024-06-13 18:00:00,DK1,166.14,127.88478,-38.25522
2024-06-13 18:00:00,DK2,188.35,133.51141,-54.838593
2024-06-13 19:00:00,DK1,148.76,136.6709,-12.089096
2024-06-13 19:00:00,DK2,163.84,149.15408,-14.685913
2024-06-13 20:00:00,DK1,108.37,146.30238,37.93238
2024-06-13 20:00:00,DK2,108.37,135.4792,27.1092
2024-06-13 21:00:00,DK1,85.18,99.25998,14.079979
2024-06-13 21:00:00,DK2,85.18,92.60312,7.4231186
2024-06-13 22:00:00,DK1,69.94,73.40799,3.467987
2024-06-13 22:00:00,DK2,83.13,61.903374,-21.226624
2024-06-13 23:00:00,DK1,58.94,62.713776,3.773777
2024-06-13 23:00:00,DK2,71.45,64.06787,-7.382126
2024-06-14 00:00:00,DK1,53.39,58.692917,5.3029175
2024-06-14 00:00:00,DK2,63.93,59.266556,-4.6634445
2024-06-14 01:00:00,DK1,50.44,49.689377,-0.7506218
2024-06-14 01:00:00,DK2,59.53,54.318146,-5.211853
2024-06-14 02:00:00,DK1,47.29,47.069603,-0.22039795
2024-06-14 02:00:00,DK2,55.82,51.925095,-3.894905
2024-06-14 03:00:00,DK1,52.72,46.804718,-5.915283
2024-06-14 03:00:00,DK2,64.22,50.64672,-13.57328
2024-06-14 04:00:00,DK1,72.22,63.234604,-8.985397
2024-06-14 04:00:00,DK2,85.01,66.23364,-18.77636
2024-06-14 05:00:00,DK1,92.0,81.10678,-10.893219
2024-06-14 05:00:00,DK2,100.95,89.921425,-11.028572
2024-06-14 06:00:00,DK1,102.93,91.04277,-11.88723
2024-06-14 06:00:00,DK2,104.99,99.84732,-5.1426773
2024-06-14 07:00:00,DK1,102.54,90.07998,-12.460022
2024-06-14 07:00:00,DK2,102.54,87.49447,-15.045532
2024-06-14 08:00:00,DK1,82.18,80.752914,-1.4270859
2024-06-14 08:00:00,DK2,82.18,81.94791,-0.23209381
2024-06-14 09:00:00,DK1,68.1,64.28235,-3.8176498
2024-06-14 09:00:00,DK2,68.1,63.980446,-4.1195526
2024-06-14 10:00:00,DK1,42.86,52.81317,9.953171
2024-06-14 10:00:00,DK2,60.88,43.289124,-17.590878
2024-06-14 11:00:00,DK1,39.88,33.57968,-6.3003197
2024-06-14 11:00:00,DK2,47.46,48.59816,1.1381607
2024-06-14 12:00:00,DK1,36.55,34.837563,-1.7124367
2024-06-14 12:00:00,DK2,40.74,33.26352,-7.4764824
2024-06-14 13:00:00,DK1,36.95,31.599916,-5.3500843
2024-06-14 13:00:00,DK2,41.0,40.32157,-0.67842865
2024-06-14 14:00:00,DK1,48.79,59.372063,10.582062
2024-06-14 14:00:00,DK2,60.31,47.879784,-12.430218
2024-06-14 15:00:00,DK1,75.0,65.20488,-9.79512
2024-06-14 15:00:00,DK2,75.0,71.05463,-3.9453735
2024-06-14 16:00:00,DK1,90.98,100.90489,9.924889
2024-06-14 16:00:00,DK2,90.98,96.72639,5.7463837
2024-06-14 17:00:00,DK1,113.07,120.02541,6.955414
2024-06-14 17:00:00,DK2,136.0,101.96713,-34.032867
2024-06-14 18:00:00,DK1,127.31,127.496994,0.18699646
2024-06-14 18:00:00,DK2,127.31,128.30748,0.9974823
2024-06-14 19:00:00,DK1,117.12,116.75865,-0.361351
2024-06-14 19:00:00,DK2,117.12,111.82855,-5.2914505
2024-06-14 20:00:00,DK1,83.41,112.99666,29.586655
2024-06-14 20:00:00,DK2,83.41,98.72661,15.316605
2024-06-14 21:00:00,DK1,59.42,93.17777,33.757774
2024-06-14 21:00:00,DK2,59.42,61.13675,1.7167511
2024-06-14 22:00:00,DK1,60.68,52.000435,-8.679565
2024-06-14 22:00:00,DK2,60.68,48.415512,-12.264488
2024-06-14 23:00:00,DK1,41.04,50.160583,9.120583
2024-06-14 23:00:00,DK2,41.04,41.745018,0.7050171
2024-06-15 00:00:00,DK1,29.97,32.254837,2.2848377
2024-06-15 00:00:00,DK2,29.97,28.93742,-1.0325794
2024-06-15 01:00:00,DK1,28.86,19.74015,-9.11985
2024-06-15 01:00:00,DK2,28.86,20.981747,-7.878254
2024-06-15 02:00:00,DK1,22.51,19.915377,-2.5946236
2024-06-15 02:00:00,DK2,22.51,20.294456,-2.2155437
2024-06-15 03:00:00,DK1,10.04,19.601648,9.561648
2024-06-15 03:00:00,DK2,10.04,13.027356,2.9873562
2024-06-15 04:00:00,DK1,1.54,9.830172,8.290172
2024-06-15 04:00:00,DK2,1.54,5.113858,3.5738583
2024-06-15 05:00:00,DK1,0.09,1.6050507,1.5150506
2024-06-15 05:00:00,DK2,0.09,-0.7293651,-0.81936514
2024-06-15 06:00:00,DK1,0.0,-1.6161361,-1.6161361
2024-06-15 06:00:00,DK2,0.0,-4.094515,-4.094515
2024-06-15 07:00:00,DK1,-0.06,-4.5337334,-4.4737334
2024-06-15 07:00:00,DK2,-0.06,-1.5791001,-1.5191002
2024-06-15 08:00:00,DK1,-0.9,-3.3085804,-2.4085803
2024-06-15 08:00:00,DK2,-0.9,-1.5215034,-0.6215035
2024-06-15 09:00:00,DK1,-0.75,-4.8690224,-4.1190224
2024-06-15 09:00:00,DK2,-0.75,-3.3231444,-2.5731444
2024-06-15 10:00:00,DK1,-0.22,-5.9469604,-5.7269607
2024-06-15 10:00:00,DK2,-0.22,-3.8155394,-3.5955393
2024-06-15 11:00:00,DK1,-0.64,-5.5205154,-4.8805156
2024-06-15 11:00:00,DK2,-0.64,-2.7151957,-2.0751958
2024-06-15 12:00:00,DK1,-0.95,-3.5574245,-2.6074245
2024-06-15 12:00:00,DK2,-0.95,-1.1559482,-0.20594817
2024-06-15 13:00:00,DK1,-2.41,-0.86900854,1.5409915
2024-06-15 13:00:00,DK2,-2.41,-0.9499805,1.4600196
2024-06-15 14:00:00,DK1,-2.78,-1.4795475,1.3004525
2024-06-15 14:00:00,DK2,-2.78,1.1058114,3.8858113
2024-06-15 15:00:00,DK1,-2.78,4.381632,7.1616316
2024-06-15 15:00:00,DK2,-2.78,6.435807,9.215807
2024-06-15 16:00:00,DK1,-0.01,42.940422,42.95042
2024-06-15 16:00:00,DK2,15.53,18.683413,3.1534128
2024-06-15 17:00:00,DK1,40.0,24.759184,-15.240816
2024-06-15 17:00:00,DK2,31.95,43.882263,11.932262
2024-06-15 18:00:00,DK1,62.09,115.00796,52.917957
2024-06-15 18:00:00,DK2,62.09,61.496895,-0.5931053
2024-06-15 19:00:00,DK1,67.77,31.914444,-35.855553
2024-06-15 19:00:00,DK2,67.77,52.227417,-15.54258
2024-06-15 20:00:00,DK1,63.56,85.95249,22.39249
2024-06-15 20:00:00,DK2,64.3,70.52458,6.224579
2024-06-15 21:00:00,DK1,40.4,32.283485,-8.116516
2024-06-15 21:00:00,DK2,40.4,37.64933,-2.7506714
2024-06-15 22:00:00,DK1,24.91,19.26764,-5.6423607
2024-06-15 22:00:00,DK2,24.91,21.24423,-3.6657696
2024-06-15 23:00:00,DK1,10.36,24.929222,14.569222
2024-06-15 23:00:00,DK2,10.36,19.749468,9.389468
2024-06-16 00:00:00,DK1,4.92,6.282409,1.3624091
2024-06-16 00:00:00,DK2,4.92,6.9559784,2.0359783
2024-06-16 01:00:00,DK1,2.92,3.8431137,0.9231136
2024-06-16 01:00:00,DK2,2.92,5.1718144,2.2518144
2024-06-16 02:00:00,DK1,2.19,3.5838518,1.3938518
2024-06-16 02:00:00,DK2,2.19,3.7565334,1.5665333
2024-06-16 03:00:00,DK1,2.53,3.589838,1.059838
2024-06-16 03:00:00,DK2,2.53,4.644172,2.1141722
2024-06-16 04:00:00,DK1,2.95,5.394985,2.4449852
2024-06-16 04:00:00,DK2,2.95,2.4126108,-0.5373893
2024-06-16 05:00:00,DK1,0.69,9.848194,9.158195
2024-06-16 05:00:00,DK2,0.69,4.4560366,3.7660365
2024-06-16 06:00:00,DK1,-0.02,3.5502117,3.5702116
2024-06-16 06:00:00,DK2,-0.02,5.4252005,5.4452004
2024-06-16 07:00:00,DK1,-0.8,3.006677,3.8066769
2024-06-16 07:00:00,DK2,-0.8,2.4769354,3.2769353
2024-06-16 08:00:00,DK1,-0.58,2.3467226,2.9267225
2024-06-16 08:00:00,DK2,-0.58,3.740558,4.320558
2024-06-16 09:00:00,DK1,-0.59,1.401236,1.991236
2024-06-16 09:00:00,DK2,-0.59,3.0401282,3.6301281
2024-06-16 10:00:00,DK1,-0.89,0.16590977,1.0559098
2024-06-16 10:00:00,DK2,-0.89,2.4288259,3.3188257
2024-06-16 11:00:00,DK1,-0.8,0.96695375,1.7669537
2024-06-16 11:00:00,DK2,-0.8,3.2809048,4.080905
2024-06-16 12:00:00,DK1,-2.12,2.3202894,4.4402895
2024-06-16 12:00:00,DK2,-0.11,3.0277667,3.1377666
2024-06-16 13:00:00,DK1,-2.6,5.5847344,8.184734
2024-06-16 13:00:00,DK2,0.0,8.535787,8.535787
2024-06-16 14:00:00,DK1,-3.37,14.327696,17.697697
2024-06-16 14:00:00,DK2,6.7,9.700618,3.000618
2024-06-16 15:00:00,DK1,-2.34,31.516605,33.856606
2024-06-16 15:00:00,DK2,24.19,28.080017,3.8900166
2024-06-16 16:00:00,DK1,56.22,63.059593,6.839592
2024-06-16 16:00:00,DK2,34.84,63.580902,28.740902
2024-06-16 17:00:00,DK1,99.65,107.4234,7.7733994
2024-06-16 17:00:00,DK2,99.65,93.4537,-6.1963043
2024-06-16 18:00:00,DK1,119.15,136.40283,17.25283
2024-06-16 18:00:00,DK2,119.15,118.170456,-0.9795456
2024-06-16 19:00:00,DK1,121.3,123.414185,2.1141815
2024-06-16 19:00:00,DK2,121.3,118.12423,-3.1757736
2024-06-16 20:00:00,DK1,118.27,112.265976,-6.0040207
2024-06-16 20:00:00,DK2,118.27,105.665115,-12.604881
2024-06-16 21:00:00,DK1,94.44,101.10567,6.6656647
2024-06-16 21:00:00,DK2,94.44,93.64515,-0.7948532
2024-06-16 22:00:00,DK1,76.62,86.78941,10.169411
2024-06-16 22:00:00,DK2,76.62,85.69743,9.077431
2024-06-16 23:00:00,DK1,66.73,85.39955,18.669548
2024-06-16 23:00:00,DK2,66.73,71.26571,4.5357056
2024-06-17 00:00:00,DK1,67.16,65.543175,-1.6168289
2024-06-17 00:00:00,DK2,67.16,52.647247,-14.512756
2024-06-17 01:00:00,DK1,70.08,49.75322,-20.326782
2024-06-17 01:00:00,DK2,70.08,51.180695,-18.899307
2024-06-17 02:00:00,DK1,69.41,66.32001,-3.0899963
2024-06-17 02:00:00,DK2,69.41,67.38865,-2.0213547
2024-06-17 03:00:00,DK1,84.9,69.136536,-15.763466
2024-06-17 03:00:00,DK2,90.02,68.688095,-21.331902
2024-06-17 04:00:00,DK1,108.7,88.05975,-20.640244
2024-06-17 04:00:00,DK2,119.13,94.75627,-24.373726
2024-06-17 05:00:00,DK1,132.41,111.74353,-20.666473
2024-06-17 05:00:00,DK2,132.68,118.21237,-14.467621
2024-06-17 06:00:00,DK1,116.23,118.97464,2.7446365
2024-06-17 06:00:00,DK2,116.23,115.28093,-0.9490738
2024-06-17 07:00:00,DK1,84.73,95.33882,10.608818
2024-06-17 07:00:00,DK2,84.73,92.214966,7.4849625
2024-06-17 08:00:00,DK1,62.11,71.880936,9.770935
2024-06-17 08:00:00,DK2,62.11,65.286766,3.1767654
2024-06-17 09:00:00,DK1,48.35,47.49032,-0.8596802
2024-06-17 09:00:00,DK2,55.01,47.876236,-7.1337624
2024-06-17 10:00:00,DK1,41.77,31.49568,-10.274321
2024-06-17 10:00:00,DK2,41.86,37.77285,-4.0871506
2024-06-17 11:00:00,DK1,39.45,24.789454,-14.660547
2024-06-17 11:00:00,DK2,39.45,31.600853,-7.849148
2024-06-17 12:00:00,DK1,42.05,25.696554,-16.353445
2024-06-17 12:00:00,DK2,45.5,35.113945,-10.386055
2024-06-17 13:00:00,DK1,46.15,50.820976,4.6709747
2024-06-17 13:00:00,DK2,53.23,52.61129,-0.61870956
2024-06-17 14:00:00,DK1,64.21,60.875916,-3.3340836
2024-06-17 14:00:00,DK2,64.21,60.975647,-3.234352
2024-06-17 15:00:00,DK1,88.58,78.552216,-10.027786
2024-06-17 15:00:00,DK2,88.58,79.26529,-9.314713
2024-06-17 16:00:00,DK1,114.16,102.16402,-11.995987
2024-06-17 16:00:00,DK2,114.16,111.668365,-2.4916382
2024-06-17 17:00:00,DK1,139.0,142.98395,3.9839478
2024-06-17 17:00:00,DK2,157.37,144.36392,-13.006073
2024-06-17 18:00:00,DK1,181.54,152.14398,-29.396011
2024-06-17 18:00:00,DK2,210.16,164.50491,-45.65509
2024-06-17 19:00:00,DK1,196.93,150.0798,-46.85019
2024-06-17 19:00:00,DK2,200.01,164.93976,-35.070236
2024-06-17 20:00:00,DK1,128.15,151.67387,23.52388
2024-06-17 20:00:00,DK2,128.15,143.2605,15.110504
2024-06-17 21:00:00,DK1,101.55,112.06068,10.5106735
2024-06-17 21:00:00,DK2,101.55,109.80366,8.2536545
2024-06-17 22:00:00,DK1,96.92,90.46824,-6.4517593
2024-06-17 22:00:00,DK2,96.92,86.96595,-9.954048
2024-06-17 23:00:00,DK1,90.29,84.16881,-6.121193
2024-06-17 23:00:00,DK2,90.29,86.99017,-3.2998276
2024-06-18 00:00:00,DK1,87.53,81.6039,-5.9261017
2024-06-18 00:00:00,DK2,87.53,82.6513,-4.8787003
2024-06-18 01:00:00,DK1,89.29,80.1223,-9.167702
2024-06-18 01:00:00,DK2,89.29,84.33145,-4.9585495
2024-06-18 02:00:00,DK1,90.29,82.78012,-7.50988
2024-06-18 02:00:00,DK2,90.29,91.586,1.2959976
2024-06-18 03:00:00,DK1,95.94,92.397995,-3.5420074
2024-06-18 03:00:00,DK2,95.94,95.83638,-0.10362244
2024-06-18 04:00:00,DK1,134.49,101.19304,-33.296967
2024-06-18 04:00:00,DK2,134.49,100.813324,-33.67668
2024-06-18 05:00:00,DK1,130.17,98.78848,-31.381516
2024-06-18 05:00:00,DK2,130.17,108.48015,-21.68985
2024-06-18 06:00:00,DK1,95.96,129.94408,33.984077
2024-06-18 06:00:00,DK2,95.96,122.914185,26.954185
2024-06-18 07:00:00,DK1,80.9,85.485886,4.585884
2024-06-18 07:00:00,DK2,80.9,82.32459,1.4245911
2024-06-18 08:00:00,DK1,69.91,66.69383,-3.2161713
2024-06-18 08:00:00,DK2,69.91,62.825523,-7.0844803
2024-06-18 09:00:00,DK1,54.81,49.955376,-4.8546257
2024-06-18 09:00:00,DK2,54.81,52.52852,-2.2814827
2024-06-18 10:00:00,DK1,51.05,34.30818,-16.741817
2024-06-18 10:00:00,DK2,51.16,38.76671,-12.393291
2024-06-18 11:00:00,DK1,51.03,29.25514,-21.774858
2024-06-18 11:00:00,DK2,51.03,32.775955,-18.254044
2024-06-18 12:00:00,DK1,50.57,29.479687,-21.090313
2024-06-18 12:00:00,DK2,57.04,37.794334,-19.245667
2024-06-18 13:00:00,DK1,54.58,46.11705,-8.462952
2024-06-18 13:00:00,DK2,54.58,53.02642,-1.5535812
2024-06-18 14:00:00,DK1,76.24,59.4028,-16.837196
2024-06-18 14:00:00,DK2,76.24,69.38713,-6.852867
2024-06-18 15:00:00,DK1,90.06,84.987686,-5.0723114
2024-06-18 15:00:00,DK2,90.06,82.73847,-7.3215256
2024-06-18 16:00:00,DK1,123.01,103.20355,-19.80645
2024-06-18 16:00:00,DK2,133.25,111.35083,-21.89917
2024-06-18 17:00:00,DK1,158.19,149.34247,-8.847534
2024-06-18 17:00:00,DK2,158.19,162.85475,4.664749
2024-06-18 18:00:00,DK1,171.87,166.53546,-5.3345337
2024-06-18 18:00:00,DK2,171.87,166.05478,-5.815216
2024-06-18 19:00:00,DK1,134.47,143.52646,9.0564575
2024-06-18 19:00:00,DK2,134.47,137.01395,2.5439453
2024-06-18 20:00:00,DK1,104.2,112.09225,7.89225
2024-06-18 20:00:00,DK2,104.2,111.03577,6.8357697
2024-06-18 21:00:00,DK1,91.63,102.63405,11.004051
2024-06-18 21:00:00,DK2,91.63,101.45087,9.820869
2024-06-18 22:00:00,DK1,99.95,87.87746,-12.07254
2024-06-18 22:00:00,DK2,99.95,91.50577,-8.444229
2024-06-18 23:00:00,DK1,91.43,96.42385,4.9938507
2024-06-18 23:00:00,DK2,91.43,97.62311,6.1931076
2024-06-19 00:00:00,DK1,86.85,94.48271,7.6327133
2024-06-19 00:00:00,DK2,86.85,88.232864,1.3828659
2024-06-19 01:00:00,DK1,85.78,86.45763,0.67762756
2024-06-19 01:00:00,DK2,85.78,83.41461,-2.365387
2024-06-19 02:00:00,DK1,83.47,81.777756,-1.6922455
2024-06-19 02:00:00,DK2,83.47,91.50937,8.039368
2024-06-19 03:00:00,DK1,84.34,90.63342,6.2934265
2024-06-19 03:00:00,DK2,84.34,82.97197,-1.3680267
2024-06-19 04:00:00,DK1,112.55,93.049545,-19.500458
2024-06-19 04:00:00,DK2,112.55,90.62047,-21.929535
2024-06-19 05:00:00,DK1,112.46,91.739716,-20.720284
2024-06-19 05:00:00,DK2,116.83,91.85571,-24.974289
2024-06-19 06:00:00,DK1,103.91,96.06985,-7.8401566
2024-06-19 06:00:00,DK2,107.33,102.97774,-4.3522644
2024-06-19 07:00:00,DK1,78.47,101.25165,22.781647
2024-06-19 07:00:00,DK2,86.31,95.1375,8.827499
2024-06-19 08:00:00,DK1,56.44,72.92421,16.484211
2024-06-19 08:00:00,DK2,75.1,64.81471,-10.285286
2024-06-19 09:00:00,DK1,44.48,46.861282,2.3812828
2024-06-19 09:00:00,DK2,66.23,57.354523,-8.875481
2024-06-19 10:00:00,DK1,41.13,37.312218,-3.8177834
2024-06-19 10:00:00,DK2,56.64,46.982033,-9.657967
2024-06-19 11:00:00,DK1,33.56,26.115404,-7.4445972
2024-06-19 11:00:00,DK2,33.56,34.127747,0.5677452
2024-06-19 12:00:00,DK1,21.87,18.09585,-3.7741508
2024-06-19 12:00:00,DK2,21.87,18.499695,-3.370306
2024-06-19 13:00:00,DK1,18.4,11.6873045,-6.712695
2024-06-19 13:00:00,DK2,18.95,9.212321,-9.7376795
2024-06-19 14:00:00,DK1,25.07,9.076725,-15.993275
2024-06-19 14:00:00,DK2,25.07,7.999917,-17.070084
2024-06-19 15:00:00,DK1,39.39,19.894142,-19.495857
2024-06-19 15:00:00,DK2,39.39,21.70789,-17.68211
2024-06-19 16:00:00,DK1,37.09,64.73155,27.641552
2024-06-19 16:00:00,DK2,37.09,42.40857,5.318569
2024-06-19 17:00:00,DK1,38.48,41.07467,2.5946693
2024-06-19 17:00:00,DK2,38.48,28.18139,-10.298609
2024-06-19 18:00:00,DK1,46.86,76.06253,29.20253
2024-06-19 18:00:00,DK2,46.86,34.56344,-12.296562
2024-06-19 19:00:00,DK1,45.04,31.11882,-13.921181
2024-06-19 19:00:00,DK2,45.04,19.918032,-25.12197
2024-06-19 20:00:00,DK1,48.02,45.704483,-2.3155174
2024-06-19 20:00:00,DK2,48.02,22.143402,-25.876598
2024-06-19 21:00:00,DK1,44.76,29.19321,-15.566788
2024-06-19 21:00:00,DK2,44.76,22.81111,-21.948889
2024-06-19 22:00:00,DK1,73.19,31.841166,-41.34884
2024-06-19 22:00:00,DK2,73.19,37.11145,-36.078552
2024-06-19 23:00:00,DK1,78.62,47.99259,-30.62741
2024-06-19 23:00:00,DK2,78.62,52.3164,-26.303604
2024-06-20 00:00:00,DK1,78.88,94.81242,15.932426
2024-06-20 00:00:00,DK2,78.88,81.611755,2.731758
2024-06-20 01:00:00,DK1,78.82,75.302536,-3.5174637
2024-06-20 01:00:00,DK2,78.82,70.217926,-8.602074
2024-06-20 02:00:00,DK1,78.62,79.02721,0.40720367
2024-06-20 02:00:00,DK2,78.62,76.82016,-1.7998428
2024-06-20 03:00:00,DK1,86.55,83.304825,-3.2451782
2024-06-20 03:00:00,DK2,86.55,78.28874,-8.261261
2024-06-20 04:00:00,DK1,112.53,92.83457,-19.695427
2024-06-20 04:00:00,DK2,112.53,97.973816,-14.556183
2024-06-20 05:00:00,DK1,112.63,106.35121,-6.2787857
2024-06-20 05:00:00,DK2,112.63,106.39769,-6.2323074
2024-06-20 06:00:00,DK1,102.99,112.29709,9.307091
2024-06-20 06:00:00,DK2,102.99,98.63986,-4.350136
2024-06-20 07:00:00,DK1,80.52,84.14065,3.6206512
2024-06-20 07:00:00,DK2,80.52,82.45532,1.9353256
2024-06-20 08:00:00,DK1,67.72,64.03918,-3.6808243
2024-06-20 08:00:00,DK2,67.72,63.340576,-4.379425
2024-06-20 09:00:00,DK1,58.64,50.892334,-7.7476654
2024-06-20 09:00:00,DK2,58.64,55.6429,-2.9971008
2024-06-20 10:00:00,DK1,55.34,41.54677,-13.793232
2024-06-20 10:00:00,DK2,55.34,46.949326,-8.390675
2024-06-20 11:00:00,DK1,53.7,36.109726,-17.590275
2024-06-20 11:00:00,DK2,53.7,37.347336,-16.352665
2024-06-20 12:00:00,DK1,55.13,30.635138,-24.494864
2024-06-20 12:00:00,DK2,55.13,23.766762,-31.36324
2024-06-20 13:00:00,DK1,65.14,20.17518,-44.96482
2024-06-20 13:00:00,DK2,65.14,33.35637,-31.78363
2024-06-20 14:00:00,DK1,67.16,86.786,19.626
2024-06-20 14:00:00,DK2,78.08,74.44831,-3.631691
2024-06-20 15:00:00,DK1,98.27,92.584984,-5.685013
2024-06-20 15:00:00,DK2,98.27,80.506096,-17.7639
2024-06-20 16:00:00,DK1,119.31,102.109985,-17.200012
2024-06-20 16:00:00,DK2,119.31,96.2874,-23.022598
2024-06-20 17:00:00,DK1,155.62,127.19624,-28.423752
2024-06-20 17:00:00,DK2,155.62,139.28276,-16.337234
2024-06-20 18:00:00,DK1,200.09,164.55959,-35.53041
2024-06-20 18:00:00,DK2,200.09,169.70125,-30.388748
2024-06-20 19:00:00,DK1,130.06,170.95071,40.890717
2024-06-20 19:00:00,DK2,130.06,170.88632,40.826324
2024-06-20 20:00:00,DK1,111.83,168.74876,56.918762
2024-06-20 20:00:00,DK2,111.83,130.16135,18.331345
2024-06-20 21:00:00,DK1,95.05,89.97542,-5.074585
2024-06-20 21:00:00,DK2,95.05,94.00256,-1.0474396
2024-06-20 22:00:00,DK1,100.81,90.90115,-9.908844
2024-06-20 22:00:00,DK2,100.81,90.47368,-10.336319
2024-06-20 23:00:00,DK1,90.77,91.769424,0.9994278
2024-06-20 23:00:00,DK2,90.77,88.67805,-2.0919495
2024-06-21 00:00:00,DK1,89.95,92.247116,2.2971191
2024-06-21 00:00:00,DK2,89.95,82.0763,-7.8736954
2024-06-21 01:00:00,DK1,87.83,86.62376,-1.2062454
2024-06-21 01:00:00,DK2,87.83,85.84483,-1.9851685
2024-06-21 02:00:00,DK1,86.31,90.057945,3.7479477
2024-06-21 02:00:00,DK2,86.31,84.477005,-1.8329926
2024-06-21 03:00:00,DK1,86.14,88.996414,2.8564148
2024-06-21 03:00:00,DK2,86.14,85.10337,-1.0366287
2024-06-21 04:00:00,DK1,96.92,94.00835,-2.9116516
2024-06-21 04:00:00,DK2,96.92,88.18977,-8.730225
2024-06-21 05:00:00,DK1,122.8,100.517265,-22.282738
2024-06-21 05:00:00,DK2,122.8,109.21336,-13.586639
2024-06-21 06:00:00,DK1,121.84,116.62114,-5.218857
2024-06-21 06:00:00,DK2,121.84,117.12564,-4.7143555
2024-06-21 07:00:00,DK1,111.67,108.74032,-2.9296799
2024-06-21 07:00:00,DK2,111.67,108.63789,-3.0321045
2024-06-21 08:00:00,DK1,100.65,94.463196,-6.1868057
2024-06-21 08:00:00,DK2,100.65,93.07381,-7.576195
2024-06-21 09:00:00,DK1,89.94,85.27956,-4.660446
2024-06-21 09:00:00,DK2,89.94,82.11867,-7.821335
2024-06-21 10:00:00,DK1,88.54,77.49241,-11.047592
2024-06-21 10:00:00,DK2,88.54,76.92887,-11.61113
2024-06-21 11:00:00,DK1,82.68,80.96947,-1.7105331
2024-06-21 11:00:00,DK2,82.68,76.87167,-5.8083267
2024-06-21 12:00:00,DK1,76.34,78.49788,2.1578827
2024-06-21 12:00:00,DK2,76.34,72.87987,-3.4601288
2024-06-21 13:00:00,DK1,80.06,76.52294,-3.537056
2024-06-21 13:00:00,DK2,80.06,72.39695,-7.663048
2024-06-21 14:00:00,DK1,86.72,83.94167,-2.778328
2024-06-21 14:00:00,DK2,86.72,83.59297,-3.1270294
2024-06-21 15:00:00,DK1,100.65,92.68368,-7.966324
2024-06-21 15:00:00,DK2,100.65,93.01256,-7.6374435
2024-06-21 16:00:00,DK1,110.0,111.06386,1.063858
2024-06-21 16:00:00,DK2,110.0,111.575806,1.5758057
2024-06-21 17:00:00,DK1,116.93,121.94739,5.0173874
2024-06-21 17:00:00,DK2,116.93,123.80783,6.8778305
2024-06-21 18:00:00,DK1,114.4,116.173584,1.7735825
2024-06-21 18:00:00,DK2,114.4,115.01362,0.61361694
2024-06-21 19:00:00,DK1,105.26,105.000854,-0.25914764
2024-06-21 19:00:00,DK2,105.26,94.0376,-11.2224045
2024-06-21 20:00:00,DK1,95.99,79.69762,-16.292381
2024-06-21 20:00:00,DK2,95.99,88.01956,-7.970436
2024-06-21 21:00:00,DK1,82.14,82.00627,-0.13372803
2024-06-21 21:00:00,DK2,82.14,78.927536,-3.2124634
2024-06-21 22:00:00,DK1,80.07,67.53783,-12.532173
2024-06-21 22:00:00,DK2,80.07,67.73173,-12.338272
2024-06-21 23:00:00,DK1,70.25,68.67668,-1.5733185
2024-06-21 23:00:00,DK2,70.25,57.900818,-12.349182
2024-06-22 00:00:00,DK1,62.43,54.161453,-8.268547
2024-06-22 00:00:00,DK2,62.43,52.414818,-10.0151825
2024-06-22 01:00:00,DK1,50.5,45.022285,-5.4777145
2024-06-22 01:00:00,DK2,50.5,54.561867,4.0618668
2024-06-22 02:00:00,DK1,49.62,47.390663,-2.2293358
2024-06-22 02:00:00,DK2,49.62,53.659653,4.039654
2024-06-22 03:00:00,DK1,46.47,45.21347,-1.2565308
2024-06-22 03:00:00,DK2,46.47,46.281723,-0.1882782
2024-06-22 04:00:00,DK1,60.56,37.324104,-23.235897
2024-06-22 04:00:00,DK2,60.56,45.85051,-14.709492
2024-06-22 05:00:00,DK1,48.89,56.76496,7.874962
2024-06-22 05:00:00,DK2,48.89,52.855545,3.9655457
2024-06-22 06:00:00,DK1,44.92,44.791214,-0.12878418
2024-06-22 06:00:00,DK2,44.92,40.407257,-4.512741
2024-06-22 07:00:00,DK1,34.65,30.418905,-4.2310963
2024-06-22 07:00:00,DK2,34.34,28.989231,-5.350769
2024-06-22 08:00:00,DK1,12.54,16.182617,3.6426172
2024-06-22 08:00:00,DK2,12.85,11.447609,-1.4023914
2024-06-22 09:00:00,DK1,3.59,2.4620726,-1.1279273
2024-06-22 09:00:00,DK2,3.69,-0.016830206,-3.7068303
2024-06-22 10:00:00,DK1,2.65,-4.528502,-7.178502
2024-06-22 10:00:00,DK2,2.72,-5.1597776,-7.879778
2024-06-22 11:00:00,DK1,0.08,-7.7033253,-7.783325
2024-06-22 11:00:00,DK2,0.1,-7.4856577,-7.5856576
2024-06-22 12:00:00,DK1,-0.01,-8.24527,-8.23527
2024-06-22 12:00:00,DK2,0.22,-5.499449,-5.7194486
2024-06-22 13:00:00,DK1,0.08,-2.8734903,-2.9534903
2024-06-22 13:00:00,DK2,3.7,-0.32177687,-4.021777
2024-06-22 14:00:00,DK1,4.23,9.575958,5.345958
2024-06-22 14:00:00,DK2,11.74,6.819062,-4.9209375
2024-06-22 15:00:00,DK1,42.59,22.731276,-19.858725
2024-06-22 15:00:00,DK2,35.08,27.00255,-8.077452
2024-06-22 16:00:00,DK1,80.49,69.73233,-10.757668
2024-06-22 16:00:00,DK2,80.49,56.12121,-24.36879
2024-06-22 17:00:00,DK1,112.16,89.83826,-22.321747
2024-06-22 17:00:00,DK2,112.16,89.08084,-23.079163
2024-06-22 18:00:00,DK1,122.36,111.61362,-10.746384
2024-06-22 18:00:00,DK2,122.36,112.85065,-9.509354
2024-06-22 19:00:00,DK1,124.05,117.68935,-6.3606567
2024-06-22 19:00:00,DK2,124.05,117.896255,-6.1537476
2024-06-22 20:00:00,DK1,110.17,112.29347,2.1234741
2024-06-22 20:00:00,DK2,110.17,107.68583,-2.484169
2024-06-22 21:00:00,DK1,89.77,100.06816,10.298164
2024-06-22 21:00:00,DK2,89.77,92.95462,3.1846237
2024-06-22 22:00:00,DK1,90.49,76.27585,-14.214149
2024-06-22 22:00:00,DK2,90.49,78.8596,-11.630402
2024-06-22 23:00:00,DK1,79.25,76.695244,-2.5547562
2024-06-22 23:00:00,DK2,79.25,72.272644,-6.977356
2024-06-23 00:00:00,DK1,71.24,65.34949,-5.8905106
2024-06-23 00:00:00,DK2,68.72,68.72973,0.009727478
2024-06-23 01:00:00,DK1,70.67,75.19449,4.5244904
2024-06-23 01:00:00,DK2,68.69,69.70187,1.0118713
2024-06-23 02:00:00,DK1,66.94,62.775696,-4.1643066
2024-06-23 02:00:00,DK2,65.28,60.525635,-4.754364
2024-06-23 03:00:00,DK1,62.09,58.8425,-3.2475014
2024-06-23 03:00:00,DK2,56.8,57.38192,0.5819206
2024-06-23 04:00:00,DK1,57.9,53.617874,-4.2821274
2024-06-23 04:00:00,DK2,30.34,46.5664,16.226398
2024-06-23 05:00:00,DK1,46.35,35.348717,-11.001282
2024-06-23 05:00:00,DK2,34.99,20.351912,-14.63809
2024-06-23 06:00:00,DK1,19.77,17.633091,-2.1369095
2024-06-23 06:00:00,DK2,25.42,8.985802,-16.434198
2024-06-23 07:00:00,DK1,4.24,3.5765193,-0.6634805
2024-06-23 07:00:00,DK2,9.94,-0.74535584,-10.685355
2024-06-23 08:00:00,DK1,0.0,-6.543249,-6.543249
2024-06-23 08:00:00,DK2,4.07,-8.660445,-12.730446
2024-06-23 09:00:00,DK1,1.45,-11.580761,-13.030761
2024-06-23 09:00:00,DK2,1.6,-13.085325,-14.685326
2024-06-23 10:00:00,DK1,1.15,-13.700897,-14.850897
2024-06-23 10:00:00,DK2,1.18,-14.135942,-15.315943
2024-06-23 11:00:00,DK1,0.43,-13.952448,-14.382448
2024-06-23 11:00:00,DK2,0.44,-14.135004,-14.575004
2024-06-23 12:00:00,DK1,-0.24,-13.578022,-13.338022
2024-06-23 12:00:00,DK2,0.09,-12.544465,-12.634465
2024-06-23 13:00:00,DK1,-2.04,-10.762258,-8.722258
2024-06-23 13:00:00,DK2,1.74,-6.7957544,-8.535754
2024-06-23 14:00:00,DK1,-0.27,1.5850692,1.8550692
2024-06-23 14:00:00,DK2,4.99,2.8416557,-2.148344
2024-06-23 15:00:00,DK1,22.61,18.311586,-4.298414
2024-06-23 15:00:00,DK2,25.73,21.329912,-4.4000874
2024-06-23 16:00:00,DK1,71.12,58.543747,-12.576256
2024-06-23 16:00:00,DK2,68.01,60.398567,-7.611435
2024-06-23 17:00:00,DK1,99.5,84.26669,-15.233307
2024-06-23 17:00:00,DK2,99.5,84.6567,-14.8433
2024-06-23 18:00:00,DK1,115.14,107.69296,-7.4470367
2024-06-23 18:00:00,DK2,115.14,104.762695,-10.377304
2024-06-23 19:00:00,DK1,115.44,111.89836,-3.5416412
2024-06-23 19:00:00,DK2,115.44,113.39929,-2.0407104
2024-06-23 20:00:00,DK1,114.33,103.88179,-10.448212
2024-06-23 20:00:00,DK2,114.33,106.41022,-7.9197845
2024-06-23 21:00:00,DK1,99.79,107.29065,7.5006485
2024-06-23 21:00:00,DK2,99.79,106.061775,6.2717743
2024-06-23 22:00:00,DK1,106.18,91.53922,-14.640778
2024-06-23 22:00:00,DK2,106.18,97.15416,-9.025841
2024-06-23 23:00:00,DK1,92.19,94.20924,2.0192413
2024-06-23 23:00:00,DK2,92.19,93.652824,1.462822
2024-06-24 00:00:00,DK1,84.93,85.32808,0.39807892
2024-06-24 00:00:00,DK2,84.93,85.818344,0.8883438
2024-06-24 01:00:00,DK1,84.46,79.914795,-4.545204
2024-06-24 01:00:00,DK2,84.46,81.89848,-2.5615158
2024-06-24 02:00:00,DK1,84.96,81.63521,-3.324791
2024-06-24 02:00:00,DK2,84.96,80.916824,-4.0431747
2024-06-24 03:00:00,DK1,97.02,85.508026,-11.5119705
2024-06-24 03:00:00,DK2,97.02,85.7828,-11.237198
2024-06-24 04:00:00,DK1,136.06,99.64719,-36.41281
2024-06-24 04:00:00,DK2,136.06,105.28332,-30.77668
2024-06-24 05:00:00,DK1,136.0,128.43561,-7.564392
2024-06-24 05:00:00,DK2,136.0,130.6951,-5.304901
2024-06-24 06:00:00,DK1,102.99,128.20767,25.217674
2024-06-24 06:00:00,DK2,102.99,113.83252,10.842522
2024-06-24 07:00:00,DK1,79.34,88.318985,8.978989
2024-06-24 07:00:00,DK2,79.34,84.260315,4.9203186
2024-06-24 08:00:00,DK1,53.88,66.160324,12.280323
2024-06-24 08:00:00,DK2,53.88,56.261307,2.3813057
2024-06-24 09:00:00,DK1,37.81,39.523613,1.7136116
2024-06-24 09:00:00,DK2,37.81,35.49238,-2.3176231
2024-06-24 10:00:00,DK1,31.19,24.742813,-6.4471874
2024-06-24 10:00:00,DK2,31.81,25.916777,-5.893223
2024-06-24 11:00:00,DK1,29.96,18.272173,-11.687826
2024-06-24 11:00:00,DK2,29.96,21.815756,-8.144243
2024-06-24 12:00:00,DK1,30.93,17.894306,-13.035694
2024-06-24 12:00:00,DK2,30.93,23.352076,-7.5779247
2024-06-24 13:00:00,DK1,47.85,40.971275,-6.878723
2024-06-24 13:00:00,DK2,47.85,40.02517,-7.824829
2024-06-24 14:00:00,DK1,66.32,62.818848,-3.501152
2024-06-24 14:00:00,DK2,66.32,57.745674,-8.574326
2024-06-24 15:00:00,DK1,82.49,78.034874,-4.455124
2024-06-24 15:00:00,DK2,82.49,74.59326,-7.896736
2024-06-24 16:00:00,DK1,98.39,98.406006,0.01600647
2024-06-24 16:00:00,DK2,98.39,99.6217,1.2316971
2024-06-24 17:00:00,DK1,153.3,122.06911,-31.230896
2024-06-24 17:00:00,DK2,153.3,147.26735,-6.032654
2024-06-24 18:00:00,DK1,209.32,166.17569,-43.144318
2024-06-24 18:00:00,DK2,209.32,169.71024,-39.60977
2024-06-24 19:00:00,DK1,156.0,169.6882,13.688202
2024-06-24 19:00:00,DK2,156.0,163.51523,7.5152283
2024-06-24 20:00:00,DK1,116.59,131.17297,14.582977
2024-06-24 20:00:00,DK2,116.59,127.49574,10.905746
2024-06-24 21:00:00,DK1,91.89,105.75348,13.86348
2024-06-24 21:00:00,DK2,91.89,92.946075,1.056076
2024-06-24 22:00:00,DK1,88.8,83.135666,-5.664337
2024-06-24 22:00:00,DK2,88.8,79.25619,-9.543816
2024-06-24 23:00:00,DK1,84.8,79.91774,-4.882263
2024-06-24 23:00:00,DK2,84.8,81.58792,-3.212082
2024-06-25 00:00:00,DK1,84.78,81.40831,-3.3716888
2024-06-25 00:00:00,DK2,84.78,78.88518,-5.894821
2024-06-25 01:00:00,DK1,85.22,91.06619,5.8461914
2024-06-25 01:00:00,DK2,85.22,74.81105,-10.408951
2024-06-25 02:00:00,DK1,85.5,84.48593,-1.0140686
2024-06-25 02:00:00,DK2,85.5,79.58121,-5.9187927
2024-06-25 03:00:00,DK1,94.9,91.96214,-2.9378586
2024-06-25 03:00:00,DK2,94.9,83.91239,-10.98761
2024-06-25 04:00:00,DK1,114.8,90.68265,-24.117355
2024-06-25 04:00:00,DK2,114.8,98.73497,-16.065033
2024-06-25 05:00:00,DK1,122.0,117.95299,-4.0470123
2024-06-25 05:00:00,DK2,122.0,119.5154,-2.4845963
2024-06-25 06:00:00,DK1,103.8,118.832596,15.032593
2024-06-25 06:00:00,DK2,103.8,109.82274,6.0227356
2024-06-25 07:00:00,DK1,74.64,87.323166,12.6831665
2024-06-25 07:00:00,DK2,74.64,76.02489,1.3848877
2024-06-25 08:00:00,DK1,48.32,60.41342,12.093422
2024-06-25 08:00:00,DK2,34.26,56.521492,22.261494
2024-06-25 09:00:00,DK1,12.83,31.306852,18.476852
2024-06-25 09:00:00,DK2,28.38,17.25465,-11.125349
2024-06-25 10:00:00,DK1,0.0,8.223306,8.223306
2024-06-25 10:00:00,DK2,26.1,7.1567817,-18.943218
2024-06-25 11:00:00,DK1,4.41,3.8580198,-0.55198
2024-06-25 11:00:00,DK2,22.08,12.378059,-9.701941
2024-06-25 12:00:00,DK1,-0.04,10.729719,10.769719
2024-06-25 12:00:00,DK2,22.77,10.701288,-12.068712
2024-06-25 13:00:00,DK1,11.59,11.888303,0.29830265
2024-06-25 13:00:00,DK2,25.95,20.981466,-4.9685345
2024-06-25 14:00:00,DK1,48.37,53.03164,4.66164
2024-06-25 14:00:00,DK2,48.37,41.230865,-7.1391335
2024-06-25 15:00:00,DK1,74.0,72.070404,-1.929596
2024-06-25 15:00:00,DK2,74.0,62.635612,-11.3643875
2024-06-25 16:00:00,DK1,95.9,93.61809,-2.2819138
2024-06-25 16:00:00,DK2,95.9,90.09245,-5.8075485
2024-06-25 17:00:00,DK1,128.9,116.19057,-12.709427
2024-06-25 17:00:00,DK2,128.9,132.13156,3.2315674
2024-06-25 18:00:00,DK1,136.69,159.49438,22.804382
2024-06-25 18:00:00,DK2,136.69,144.22559,7.5355835
2024-06-25 19:00:00,DK1,122.09,140.43144,18.341446
2024-06-25 19:00:00,DK2,122.09,134.32504,12.235046
2024-06-25 20:00:00,DK1,106.57,103.768845,-2.801155
2024-06-25 20:00:00,DK2,106.57,93.01516,-13.55484
2024-06-25 21:00:00,DK1,89.95,92.41743,2.46743
2024-06-25 21:00:00,DK2,89.95,89.70521,-0.24478912
2024-06-25 22:00:00,DK1,56.5,78.82962,22.32962
2024-06-25 22:00:00,DK2,56.5,63.872826,7.3728256
2024-06-25 23:00:00,DK1,50.06,50.368546,0.30854416
2024-06-25 23:00:00,DK2,50.06,40.899803,-9.160198
2024-06-26 00:00:00,DK1,47.44,37.330536,-10.109463
2024-06-26 00:00:00,DK2,47.44,36.026108,-11.413891
2024-06-26 01:00:00,DK1,43.35,49.195305,5.8453064
2024-06-26 01:00:00,DK2,43.35,55.085,11.735001
2024-06-26 02:00:00,DK1,45.53,58.886314,13.356316
2024-06-26 02:00:00,DK2,45.53,57.829895,12.299896
2024-06-26 03:00:00,DK1,55.02,61.657036,6.6370354
2024-06-26 03:00:00,DK2,55.02,55.448357,0.42835617
2024-06-26 04:00:00,DK1,72.61,54.86206,-17.74794
2024-06-26 04:00:00,DK2,72.61,57.67624,-14.933762
2024-06-26 05:00:00,DK1,80.14,77.32245,-2.8175507
2024-06-26 05:00:00,DK2,80.14,74.313675,-5.8263245
2024-06-26 06:00:00,DK1,81.41,73.746445,-7.663559
2024-06-26 06:00:00,DK2,81.41,74.55501,-6.8549957
2024-06-26 07:00:00,DK1,59.91,66.799194,6.8891945
2024-06-26 07:00:00,DK2,59.91,60.440285,0.5302849
2024-06-26 08:00:00,DK1,36.37,40.86508,4.495083
2024-06-26 08:00:00,DK2,36.37,32.473503,-3.8964958
2024-06-26 09:00:00,DK1,35.79,18.370157,-17.419844
2024-06-26 09:00:00,DK2,35.79,16.883383,-18.906618
2024-06-26 10:00:00,DK1,32.9,11.5037775,-21.396225
2024-06-26 10:00:00,DK2,32.9,14.516354,-18.383648
2024-06-26 11:00:00,DK1,33.61,14.861049,-18.748951
2024-06-26 11:00:00,DK2,32.64,14.90539,-17.73461
2024-06-26 12:00:00,DK1,33.54,22.90434,-10.63566
2024-06-26 12:00:00,DK2,33.54,17.286917,-16.253084
2024-06-26 13:00:00,DK1,32.65,31.265642,-1.3843594
2024-06-26 13:00:00,DK2,32.65,30.460863,-2.1891384
2024-06-26 14:00:00,DK1,38.14,52.304085,14.164085
2024-06-26 14:00:00,DK2,38.14,35.63678,-2.5032196
2024-06-26 15:00:00,DK1,57.35,58.751945,1.401947
2024-06-26 15:00:00,DK2,57.35,47.528328,-9.821671
2024-06-26 16:00:00,DK1,93.05,75.28006,-17.769943
2024-06-26 16:00:00,DK2,93.05,77.01486,-16.035141
2024-06-26 17:00:00,DK1,88.4,107.85727,19.457268
2024-06-26 17:00:00,DK2,88.4,98.040695,9.640694
2024-06-26 18:00:00,DK1,112.05,107.27026,-4.7797394
2024-06-26 18:00:00,DK2,112.05,107.707634,-4.342369
2024-06-26 19:00:00,DK1,99.11,117.06746,17.957458
2024-06-26 19:00:00,DK2,99.11,95.81473,-3.2952728
2024-06-26 20:00:00,DK1,83.2,98.83438,15.634384
2024-06-26 20:00:00,DK2,83.2,90.26721,7.067215
2024-06-26 21:00:00,DK1,54.87,72.44809,17.57809
2024-06-26 21:00:00,DK2,54.87,57.75708,2.8870811
2024-06-26 22:00:00,DK1,96.0,45.35573,-50.64427
2024-06-26 22:00:00,DK2,96.0,59.144592,-36.855408
2024-06-26 23:00:00,DK1,86.9,76.4377,-10.462303
2024-06-26 23:00:00,DK2,86.9,77.63048,-9.269524
2024-06-27 00:00:00,DK1,80.4,77.10628,-3.293724
2024-06-27 00:00:00,DK2,80.4,76.39159,-4.008415
2024-06-27 01:00:00,DK1,82.84,70.89221,-11.947784
2024-06-27 01:00:00,DK2,82.84,75.896065,-6.9439316
2024-06-27 02:00:00,DK1,78.0,76.63753,-1.3624725
2024-06-27 02:00:00,DK2,78.0,79.1301,1.1300964
2024-06-27 03:00:00,DK1,83.24,88.80432,5.5643234
2024-06-27 03:00:00,DK2,83.24,89.68919,6.449196
2024-06-27 04:00:00,DK1,117.51,96.85724,-20.652763
2024-06-27 04:00:00,DK2,117.51,99.30748,-18.202522
2024-06-27 05:00:00,DK1,124.01,111.161224,-12.848778
2024-06-27 05:00:00,DK2,125.11,116.16245,-8.947548
2024-06-27 06:00:00,DK1,115.0,118.04442,3.0444183
2024-06-27 06:00:00,DK2,115.0,110.33331,-4.666687
2024-06-27 07:00:00,DK1,88.87,96.61717,7.7471695
2024-06-27 07:00:00,DK2,88.87,94.23102,5.3610153
2024-06-27 08:00:00,DK1,66.74,73.9166,7.176605
2024-06-27 08:00:00,DK2,66.74,62.729744,-4.010254
2024-06-27 09:00:00,DK1,49.61,46.084663,-3.5253372
2024-06-27 09:00:00,DK2,49.61,43.10357,-6.5064316
2024-06-27 10:00:00,DK1,33.11,33.105328,-0.004673004
2024-06-27 10:00:00,DK2,33.11,28.360662,-4.749338
2024-06-27 11:00:00,DK1,31.9,17.602745,-14.297255
2024-06-27 11:00:00,DK2,31.9,14.498669,-17.40133
2024-06-27 12:00:00,DK1,26.84,15.9490795,-10.890921
2024-06-27 12:00:00,DK2,26.84,18.18422,-8.655781
2024-06-27 13:00:00,DK1,23.0,27.77605,4.7760506
2024-06-27 13:00:00,DK2,24.99,22.112616,-2.8773842
2024-06-27 14:00:00,DK1,25.22,36.20079,10.980791
2024-06-27 14:00:00,DK2,27.04,29.107035,2.0670338
2024-06-27 15:00:00,DK1,48.57,46.040535,-2.5294647
2024-06-27 15:00:00,DK2,73.78,41.154625,-32.625374
2024-06-27 16:00:00,DK1,79.53,67.95793,-11.572067
2024-06-27 16:00:00,DK2,79.53,81.278564,1.7485657
2024-06-27 17:00:00,DK1,110.08,101.78493,-8.295074
2024-06-27 17:00:00,DK2,110.08,120.03082,9.950821
2024-06-27 18:00:00,DK1,200.04,159.04066,-40.99933
2024-06-27 18:00:00,DK2,200.04,168.52002,-31.519974
2024-06-27 19:00:00,DK1,186.18,170.6343,-15.5457
2024-06-27 19:00:00,DK2,186.18,168.21886,-17.961136
2024-06-27 20:00:00,DK1,125.21,146.22362,21.013618
2024-06-27 20:00:00,DK2,125.21,134.75436,9.544365
2024-06-27 21:00:00,DK1,101.8,112.31596,10.515961
2024-06-27 21:00:00,DK2,101.8,107.870514,6.070511
2024-06-27 22:00:00,DK1,96.85,90.348076,-6.5019226
2024-06-27 22:00:00,DK2,96.85,88.693405,-8.156593
2024-06-27 23:00:00,DK1,95.42,90.99518,-4.42482
2024-06-27 23:00:00,DK2,95.42,93.85154,-1.5684586
2024-06-28 00:00:00,DK1,86.08,90.99808,4.9180756
2024-06-28 00:00:00,DK2,86.08,88.3367,2.2566986
2024-06-28 01:00:00,DK1,79.97,84.480316,4.510315
2024-06-28 01:00:00,DK2,79.97,89.7136,9.743599
2024-06-28 02:00:00,DK1,83.61,91.95337,8.343369
2024-06-28 02:00:00,DK2,83.61,90.568726,6.958725
2024-06-28 03:00:00,DK1,91.28,92.09493,0.8149338
2024-06-28 03:00:00,DK2,91.28,91.98132,0.70132446
2024-06-28 04:00:00,DK1,120.29,96.06677,-24.223228
2024-06-28 04:00:00,DK2,120.29,103.823364,-16.466637
2024-06-28 05:00:00,DK1,108.93,121.89745,12.967453
2024-06-28 05:00:00,DK2,108.93,121.87808,12.948082
2024-06-28 06:00:00,DK1,75.57,120.24708,44.67708
2024-06-28 06:00:00,DK2,84.89,110.50624,25.616241
2024-06-28 07:00:00,DK1,41.24,96.75912,55.519115
2024-06-28 07:00:00,DK2,59.9,79.64325,19.743248
2024-06-28 08:00:00,DK1,22.09,51.726128,29.636127
2024-06-28 08:00:00,DK2,22.09,38.513557,16.423557
2024-06-28 09:00:00,DK1,2.03,18.372974,16.342974
2024-06-28 09:00:00,DK2,4.39,10.4533415,6.0633416
2024-06-28 10:00:00,DK1,-1.56,4.7340612,6.294061
2024-06-28 10:00:00,DK2,1.19,3.623423,2.433423
2024-06-28 11:00:00,DK1,-5.09,0.8356868,5.925687
2024-06-28 11:00:00,DK2,-0.02,-1.3216333,-1.3016334
2024-06-28 12:00:00,DK1,-9.95,-2.188261,7.761739
2024-06-28 12:00:00,DK2,-0.8,-2.2161074,-1.4161074
2024-06-28 13:00:00,DK1,-9.91,-2.6238532,7.2861466
2024-06-28 13:00:00,DK2,-0.9,-2.4514322,-1.5514323
2024-06-28 14:00:00,DK1,-6.48,-1.1594908,5.320509
2024-06-28 14:00:00,DK2,-0.02,3.602189,3.622189
2024-06-28 15:00:00,DK1,3.23,12.938431,9.708431
2024-06-28 15:00:00,DK2,3.23,10.532019,7.3020186
2024-06-28 16:00:00,DK1,30.14,16.459934,-13.680065
2024-06-28 16:00:00,DK2,30.14,27.347137,-2.792862
2024-06-28 17:00:00,DK1,39.95,56.08702,16.13702
2024-06-28 17:00:00,DK2,39.95,23.204992,-16.745008
2024-06-28 18:00:00,DK1,79.99,35.795082,-44.194916
2024-06-28 18:00:00,DK2,79.99,42.885742,-37.104256
2024-06-28 19:00:00,DK1,114.88,102.71894,-12.1610565
2024-06-28 19:00:00,DK2,114.88,89.79467,-25.085327
2024-06-28 20:00:00,DK1,126.2,95.12256,-31.077438
2024-06-28 20:00:00,DK2,126.2,98.48824,-27.711754
2024-06-28 21:00:00,DK1,108.85,98.49258,-10.357422
2024-06-28 21:00:00,DK2,108.85,97.649445,-11.200554
2024-06-28 22:00:00,DK1,110.4,92.75726,-17.642738
2024-06-28 22:00:00,DK2,110.4,100.49671,-9.90329
2024-06-28 23:00:00,DK1,108.29,97.805595,-10.4844055
2024-06-28 23:00:00,DK2,108.29,99.16343,-9.126572
2024-06-29 00:00:00,DK1,107.95,97.41544,-10.534554
2024-06-29 00:00:00,DK2,107.95,101.71146,-6.2385406
2024-06-29 01:00:00,DK1,107.19,97.82943,-9.360573
2024-06-29 01:00:00,DK2,107.19,99.50588,-7.68412
2024-06-29 02:00:00,DK1,105.34,98.14587,-7.19413
2024-06-29 02:00:00,DK2,105.34,103.72901,-1.6109848
2024-06-29 03:00:00,DK1,102.13,103.80782,1.6778259
2024-06-29 03:00:00,DK2,102.13,101.86814,-0.26185608
2024-06-29 04:00:00,DK1,95.09,97.260254,2.1702576
2024-06-29 04:00:00,DK2,95.09,96.95844,1.8684464
2024-06-29 05:00:00,DK1,82.39,90.16352,7.7735214
2024-06-29 05:00:00,DK2,82.39,89.63661,7.2466125
2024-06-29 06:00:00,DK1,66.91,70.56776,3.657753
2024-06-29 06:00:00,DK2,66.91,70.90198,3.9919739
2024-06-29 07:00:00,DK1,29.58,45.63684,16.05684
2024-06-29 07:00:00,DK2,29.58,32.663177,3.0831776
2024-06-29 08:00:00,DK1,5.04,11.280303,6.240303
2024-06-29 08:00:00,DK2,5.04,6.755308,1.7153082
2024-06-29 09:00:00,DK1,0.04,-0.5284331,-0.5684331
2024-06-29 09:00:00,DK2,0.04,-3.410993,-3.450993
2024-06-29 10:00:00,DK1,-0.02,-7.4574337,-7.4374337
2024-06-29 10:00:00,DK2,-0.02,-8.547722,-8.527721
2024-06-29 11:00:00,DK1,-0.23,-10.530232,-10.300233
2024-06-29 11:00:00,DK2,-0.23,-10.085871,-9.855871
2024-06-29 12:00:00,DK1,-0.08,-10.421408,-10.341408
2024-06-29 12:00:00,DK2,-0.08,-6.823555,-6.743555
2024-06-29 13:00:00,DK1,1.3,-3.8363476,-5.136348
2024-06-29 13:00:00,DK2,1.3,1.8800526,0.5800526
2024-06-29 14:00:00,DK1,11.91,17.808681,5.8986816
2024-06-29 14:00:00,DK2,11.91,14.160309,2.250309
2024-06-29 15:00:00,DK1,69.51,43.22657,-26.283432
2024-06-29 15:00:00,DK2,69.51,54.52793,-14.982071
2024-06-29 16:00:00,DK1,104.3,94.38943,-9.910576
2024-06-29 16:00:00,DK2,104.3,85.2013,-19.098701
2024-06-29 17:00:00,DK1,126.93,90.72064,-36.20936
2024-06-29 17:00:00,DK2,126.93,112.98648,-13.94352
2024-06-29 18:00:00,DK1,139.2,147.95944,8.759445
2024-06-29 18:00:00,DK2,139.2,151.42635,12.226349
2024-06-29 19:00:00,DK1,113.3,146.30994,33.009933
2024-06-29 19:00:00,DK2,113.3,128.11682,14.816818
2024-06-29 20:00:00,DK1,100.08,102.07,1.9899979
2024-06-29 20:00:00,DK2,100.08,102.715355,2.635353
2024-06-29 21:00:00,DK1,93.83,89.2749,-4.5550995
2024-06-29 21:00:00,DK2,93.83,79.262955,-14.567047
2024-06-29 22:00:00,DK1,70.06,74.126755,4.066757
2024-06-29 22:00:00,DK2,70.06,72.17239,2.1123962
2024-06-29 23:00:00,DK1,61.69,58.40014,-3.2898598
2024-06-29 23:00:00,DK2,61.69,49.877632,-11.8123665
2024-06-30 00:00:00,DK1,66.67,50.529327,-16.14067
2024-06-30 00:00:00,DK2,66.67,50.57318,-16.096817
2024-06-30 01:00:00,DK1,67.05,58.63942,-8.4105835
2024-06-30 01:00:00,DK2,67.05,54.951958,-12.098045
2024-06-30 02:00:00,DK1,64.36,52.504875,-11.855125
2024-06-30 02:00:00,DK2,64.36,54.67708,-9.682922
2024-06-30 03:00:00,DK1,51.39,45.324776,-6.0652237
2024-06-30 03:00:00,DK2,51.39,49.03528,-2.354721
2024-06-30 04:00:00,DK1,51.56,35.739403,-15.820599
2024-06-30 04:00:00,DK2,51.56,43.267456,-8.292545
2024-06-30 05:00:00,DK1,20.42,32.755257,12.335257
2024-06-30 05:00:00,DK2,20.42,26.502443,6.082443
2024-06-30 06:00:00,DK1,6.83,10.870317,4.0403175
2024-06-30 06:00:00,DK2,6.83,8.245991,1.4159908
2024-06-30 07:00:00,DK1,0.82,2.0933373,1.2733374
2024-06-30 07:00:00,DK2,0.82,0.054962873,-0.7650371
2024-06-30 08:00:00,DK1,0.0,-3.8114576,-3.8114576
2024-06-30 08:00:00,DK2,0.0,-5.325306,-5.325306
2024-06-30 09:00:00,DK1,0.0,-9.183247,-9.183247
2024-06-30 09:00:00,DK2,0.0,-10.810335,-10.810335
2024-06-30 10:00:00,DK1,0.0,-12.509856,-12.509856
2024-06-30 10:00:00,DK2,0.0,-13.666887,-13.666887
2024-06-30 11:00:00,DK1,0.0,-13.692171,-13.692171
2024-06-30 11:00:00,DK2,0.0,-14.268843,-14.268843
2024-06-30 12:00:00,DK1,-0.69,-13.953955,-13.263955
2024-06-30 12:00:00,DK2,0.0,-13.844123,-13.844123
2024-06-30 13:00:00,DK1,0.0,-12.808864,-12.808864
2024-06-30 13:00:00,DK2,0.0,-9.550196,-9.550196
2024-06-30 14:00:00,DK1,0.91,-2.1007624,-3.0107625
2024-06-30 14:00:00,DK2,7.71,0.8525367,-6.8574634
2024-06-30 15:00:00,DK1,36.66,29.79268,-6.867319
2024-06-30 15:00:00,DK2,29.86,23.251928,-6.6080723
2024-06-30 16:00:00,DK1,70.02,59.682854,-10.337143
2024-06-30 16:00:00,DK2,70.02,59.28974,-10.730255
2024-06-30 17:00:00,DK1,87.26,90.42239,3.1623917
2024-06-30 17:00:00,DK2,87.26,83.3746,-3.8853989
2024-06-30 18:00:00,DK1,99.9,103.73883,3.838829
2024-06-30 18:00:00,DK2,99.9,99.00185,-0.8981552
2024-06-30 19:00:00,DK1,102.39,100.716606,-1.6733932
2024-06-30 19:00:00,DK2,102.39,95.37714,-7.012863
2024-06-30 20:00:00,DK1,102.16,91.40798,-10.752022
2024-06-30 20:00:00,DK2,102.16,96.51337,-5.646637
2024-06-30 21:00:00,DK1,93.01,96.140076,3.1300735
2024-06-30 21:00:00,DK2,93.01,89.49254,-3.5174637
2024-06-30 22:00:00,DK1,94.88,83.87096,-11.009041
2024-06-30 22:00:00,DK2,94.88,85.09909,-9.780907
2024-06-30 23:00:00,DK1,84.32,82.8994,-1.4206009
2024-06-30 23:00:00,DK2,84.32,90.00204,5.6820374
2024-07-01 00:00:00,DK1,78.19,89.77985,11.589844
2024-07-01 00:00:00,DK2,78.19,87.153656,8.963654
2024-07-01 01:00:00,DK1,78.01,80.147514,2.1375122
2024-07-01 01:00:00,DK2,78.01,79.477356,1.4673538
2024-07-01 02:00:00,DK1,75.63,73.23466,-2.39534
2024-07-01 02:00:00,DK2,75.63,75.65163,0.021629333
2024-07-01 03:00:00,DK1,80.82,79.483665,-1.3363342
2024-07-01 03:00:00,DK2,80.82,76.96915,-3.850853
2024-07-01 04:00:00,DK1,121.66,85.836395,-35.82361
2024-07-01 04:00:00,DK2,121.66,99.95114,-21.708862
2024-07-01 05:00:00,DK1,136.51,119.04356,-17.466438
2024-07-01 05:00:00,DK2,137.91,126.38559,-11.524414
2024-07-01 06:00:00,DK1,129.2,124.94896,-4.2510376
2024-07-01 06:00:00,DK2,142.36,118.857704,-23.502296
2024-07-01 07:00:00,DK1,112.8,106.36942,-6.43058
2024-07-01 07:00:00,DK2,112.8,108.233536,-4.5664673
2024-07-01 08:00:00,DK1,100.6,95.50078,-5.0992203
2024-07-01 08:00:00,DK2,104.44,95.882286,-8.557716
2024-07-01 09:00:00,DK1,86.09,86.11375,0.023750305
2024-07-01 09:00:00,DK2,86.15,86.33629,0.18628693
2024-07-01 10:00:00,DK1,66.13,74.26582,8.135826
2024-07-01 10:00:00,DK2,66.13,73.30742,7.1774216
2024-07-01 11:00:00,DK1,42.72,55.623894,12.9038925
2024-07-01 11:00:00,DK2,42.72,54.738342,12.018341
2024-07-01 12:00:00,DK1,34.66,43.145805,8.4858055
2024-07-01 12:00:00,DK2,34.66,43.42154,8.761539
2024-07-01 13:00:00,DK1,32.55,38.2294,5.6794014
2024-07-01 13:00:00,DK2,33.78,33.081886,-0.6981125
2024-07-01 14:00:00,DK1,31.06,46.995148,15.935148
2024-07-01 14:00:00,DK2,36.73,44.973625,8.243626
2024-07-01 15:00:00,DK1,55.0,63.1401,8.140099
2024-07-01 15:00:00,DK2,60.71,56.71515,-3.9948502
2024-07-01 16:00:00,DK1,72.24,92.12274,19.882744
2024-07-01 16:00:00,DK2,76.17,91.08124,14.91124
2024-07-01 17:00:00,DK1,98.38,96.85489,-1.5251083
2024-07-01 17:00:00,DK2,100.01,91.31849,-8.691513
2024-07-01 18:00:00,DK1,106.07,117.97664,11.906639
2024-07-01 18:00:00,DK2,162.79,120.92331,-41.866684
2024-07-01 19:00:00,DK1,126.0,138.18925,12.189255
2024-07-01 19:00:00,DK2,126.0,134.75659,8.756592
2024-07-01 20:00:00,DK1,104.93,106.356476,1.4264755
2024-07-01 20:00:00,DK2,104.93,109.42886,4.498863
2024-07-01 21:00:00,DK1,87.65,93.47963,5.829628
2024-07-01 21:00:00,DK2,87.65,86.00205,-1.6479492
2024-07-01 22:00:00,DK1,79.63,81.519066,1.8890686
2024-07-01 22:00:00,DK2,79.63,67.920815,-11.709183
2024-07-01 23:00:00,DK1,61.99,64.0649,2.0749016
2024-07-01 23:00:00,DK2,61.99,61.84423,-0.14577103
2024-07-02 00:00:00,DK1,50.39,57.380455,6.9904556
2024-07-02 00:00:00,DK2,50.39,52.31005,1.9200516
2024-07-02 01:00:00,DK1,54.01,42.765266,-11.244732
2024-07-02 01:00:00,DK2,54.01,49.43435,-4.5756493
2024-07-02 02:00:00,DK1,46.12,56.59912,10.479122
2024-07-02 02:00:00,DK2,46.12,50.67505,4.55505
2024-07-02 03:00:00,DK1,50.82,48.629936,-2.1900635
2024-07-02 03:00:00,DK2,50.82,47.065422,-3.7545776
2024-07-02 04:00:00,DK1,69.46,52.014343,-17.445656
2024-07-02 04:00:00,DK2,76.6,55.942,-20.657997
2024-07-02 05:00:00,DK1,66.52,83.138504,16.618507
2024-07-02 05:00:00,DK2,98.27,68.96684,-29.303154
2024-07-02 06:00:00,DK1,81.96,94.37979,12.419792
2024-07-02 06:00:00,DK2,98.84,89.88506,-8.954933
2024-07-02 07:00:00,DK1,66.9,87.409966,20.509964
2024-07-02 07:00:00,DK2,85.4,80.60893,-4.791069
2024-07-02 08:00:00,DK1,39.3,70.49977,31.199772
2024-07-02 08:00:00,DK2,81.12,55.69767,-25.422333
2024-07-02 09:00:00,DK1,35.58,33.162033,-2.4179688
2024-07-02 09:00:00,DK2,72.77,36.72548,-36.044518
2024-07-02 10:00:00,DK1,35.33,30.54957,-4.7804317
2024-07-02 10:00:00,DK2,70.98,43.942955,-27.037048
2024-07-02 11:00:00,DK1,34.59,34.12667,-0.46332932
2024-07-02 11:00:00,DK2,67.5,44.797905,-22.702095
2024-07-02 12:00:00,DK1,33.92,29.522526,-4.3974724
2024-07-02 12:00:00,DK2,59.47,40.646706,-18.823296
2024-07-02 13:00:00,DK1,32.59,34.66918,2.0791817
2024-07-02 13:00:00,DK2,60.41,44.96322,-15.446781
2024-07-02 14:00:00,DK1,33.44,40.916252,7.4762535
2024-07-02 14:00:00,DK2,72.44,49.15348,-23.286522
2024-07-02 15:00:00,DK1,35.15,61.121346,25.971344
2024-07-02 15:00:00,DK2,74.08,65.997086,-8.082916
2024-07-02 16:00:00,DK1,35.09,69.30919,34.21919
2024-07-02 16:00:00,DK2,82.75,68.335434,-14.414566
2024-07-02 17:00:00,DK1,35.82,63.507477,27.687477
2024-07-02 17:00:00,DK2,101.14,82.1918,-18.948196
2024-07-02 18:00:00,DK1,41.83,78.57295,36.74295
2024-07-02 18:00:00,DK2,112.24,93.73866,-18.501335
2024-07-02 19:00:00,DK1,58.58,51.201324,-7.3786774
2024-07-02 19:00:00,DK2,85.06,96.54266,11.482666
2024-07-02 20:00:00,DK1,46.36,61.953987,15.5939865
2024-07-02 20:00:00,DK2,46.36,68.462395,22.102394
2024-07-02 21:00:00,DK1,40.37,31.911268,-8.458731
2024-07-02 21:00:00,DK2,40.37,30.127928,-10.242071
2024-07-02 22:00:00,DK1,37.2,24.973225,-12.226776
2024-07-02 22:00:00,DK2,37.2,29.971598,-7.228403
2024-07-02 23:00:00,DK1,36.04,24.801744,-11.238256
2024-07-02 23:00:00,DK2,36.04,26.96589,-9.07411
2024-07-03 00:00:00,DK1,35.83,25.496092,-10.33391
2024-07-03 00:00:00,DK2,35.83,27.606413,-8.223589
2024-07-03 01:00:00,DK1,36.25,35.648956,-0.6010437
2024-07-03 01:00:00,DK2,36.25,28.102865,-8.147135
2024-07-03 02:00:00,DK1,38.7,34.437393,-4.2626076
2024-07-03 02:00:00,DK2,38.7,31.442076,-7.257925
2024-07-03 03:00:00,DK1,58.9,39.06176,-19.838242
2024-07-03 03:00:00,DK2,58.9,43.188156,-15.711845
2024-07-03 04:00:00,DK1,86.87,72.91931,-13.950691
2024-07-03 04:00:00,DK2,86.87,91.83019,4.96019
2024-07-03 05:00:00,DK1,97.82,121.943596,24.123596
2024-07-03 05:00:00,DK2,97.82,118.65737,20.837372
2024-07-03 06:00:00,DK1,103.46,96.410034,-7.049965
2024-07-03 06:00:00,DK2,103.46,90.31316,-13.146835
2024-07-03 07:00:00,DK1,55.87,76.90274,21.032742
2024-07-03 07:00:00,DK2,61.4,71.655685,10.255684
2024-07-03 08:00:00,DK1,43.31,48.107338,4.7973366
2024-07-03 08:00:00,DK2,43.31,45.942795,2.6327934
2024-07-03 09:00:00,DK1,39.97,30.37921,-9.590792
2024-07-03 09:00:00,DK2,39.97,45.35099,5.380989
2024-07-03 10:00:00,DK1,39.13,35.65702,-3.4729805
2024-07-03 10:00:00,DK2,39.13,38.11738,-1.0126228
2024-07-03 11:00:00,DK1,39.71,25.841227,-13.8687725
2024-07-03 11:00:00,DK2,39.71,33.683846,-6.0261536
2024-07-03 12:00:00,DK1,41.04,29.904978,-11.135023
2024-07-03 12:00:00,DK2,41.04,37.59768,-3.4423218
2024-07-03 13:00:00,DK1,42.53,41.328186,-1.2018127
2024-07-03 13:00:00,DK2,42.53,47.213997,4.683998
2024-07-03 14:00:00,DK1,50.5,51.15119,0.6511917
2024-07-03 14:00:00,DK2,50.5,48.461258,-2.038742
2024-07-03 15:00:00,DK1,79.17,70.50175,-8.668251
2024-07-03 15:00:00,DK2,79.17,86.233284,7.063286
2024-07-03 16:00:00,DK1,93.56,102.41109,8.8510895
2024-07-03 16:00:00,DK2,97.21,101.83107,4.621071
2024-07-03 17:00:00,DK1,111.45,114.60112,3.151123
2024-07-03 17:00:00,DK2,115.94,124.10658,8.16658
2024-07-03 18:00:00,DK1,154.18,130.03644,-24.143555
2024-07-03 18:00:00,DK2,159.96,125.95091,-34.009094
2024-07-03 19:00:00,DK1,105.13,137.75684,32.62684
2024-07-03 19:00:00,DK2,113.1,127.170364,14.070366
2024-07-03 20:00:00,DK1,87.85,99.5377,11.687698
2024-07-03 20:00:00,DK2,90.82,99.561035,8.741035
2024-07-03 21:00:00,DK1,68.9,78.83969,9.93969
2024-07-03 21:00:00,DK2,68.9,66.59825,-2.3017502
2024-07-03 22:00:00,DK1,58.5,60.604347,2.1043472
2024-07-03 22:00:00,DK2,58.5,56.81684,-1.6831589
2024-07-03 23:00:00,DK1,30.67,55.214592,24.544592
2024-07-03 23:00:00,DK2,30.67,38.616867,7.946867
2024-07-04 00:00:00,DK1,20.68,23.143457,2.463457
2024-07-04 00:00:00,DK2,25.64,18.596386,-7.0436134
2024-07-04 01:00:00,DK1,17.45,14.295841,-3.1541595
2024-07-04 01:00:00,DK2,17.45,13.773429,-3.6765718
2024-07-04 02:00:00,DK1,9.49,12.384651,2.8946514
2024-07-04 02:00:00,DK2,9.77,9.851437,0.08143616
2024-07-04 03:00:00,DK1,10.02,9.86101,-0.15899086
2024-07-04 03:00:00,DK2,10.02,9.498107,-0.5218935
2024-07-04 04:00:00,DK1,26.47,14.707602,-11.762398
2024-07-04 04:00:00,DK2,26.47,21.239897,-5.2301025
2024-07-04 05:00:00,DK1,30.0,38.184196,8.184196
2024-07-04 05:00:00,DK2,30.0,31.093992,1.0939922
2024-07-04 06:00:00,DK1,31.63,23.267824,-8.362175
2024-07-04 06:00:00,DK2,31.63,27.70912,-3.9208794
2024-07-04 07:00:00,DK1,22.65,18.354906,-4.2950935
2024-07-04 07:00:00,DK2,23.95,22.502085,-1.447916
2024-07-04 08:00:00,DK1,1.9,8.360699,6.4606986
2024-07-04 08:00:00,DK2,3.58,3.711661,0.13166118
2024-07-04 09:00:00,DK1,0.0,-0.21696424,-0.21696424
2024-07-04 09:00:00,DK2,2.92,-2.7701893,-5.6901894
2024-07-04 10:00:00,DK1,-0.04,-4.1243916,-4.0843916
2024-07-04 10:00:00,DK2,2.74,-3.5268435,-6.266844
2024-07-04 11:00:00,DK1,-5.03,-4.5456743,0.4843259
2024-07-04 11:00:00,DK2,0.97,-2.8962302,-3.8662302
2024-07-04 12:00:00,DK1,-19.09,-4.1491976,14.940803
2024-07-04 12:00:00,DK2,0.0,-3.1982622,-3.1982622
2024-07-04 13:00:00,DK1,-13.47,-3.8038797,9.666121
2024-07-04 13:00:00,DK2,0.0,-1.5613222,-1.5613222
2024-07-04 14:00:00,DK1,-5.31,-1.2207031,4.089297
2024-07-04 14:00:00,DK2,-0.01,0.7774198,0.7874198
2024-07-04 15:00:00,DK1,-0.03,2.1792397,2.2092397
2024-07-04 15:00:00,DK2,1.51,1.2162142,-0.2937858
2024-07-04 16:00:00,DK1,6.77,22.904175,16.134174
2024-07-04 16:00:00,DK2,11.72,22.776869,11.056869
2024-07-04 17:00:00,DK1,29.0,24.795494,-4.204506
2024-07-04 17:00:00,DK2,29.0,11.752405,-17.247595
2024-07-04 18:00:00,DK1,45.07,84.59369,39.52369
2024-07-04 18:00:00,DK2,45.07,46.82273,1.7527313
2024-07-04 19:00:00,DK1,38.79,26.174791,-12.61521
2024-07-04 19:00:00,DK2,38.79,20.917204,-17.872797
2024-07-04 20:00:00,DK1,38.68,42.38652,3.70652
2024-07-04 20:00:00,DK2,38.68,30.351252,-8.328749
2024-07-04 21:00:00,DK1,38.1,17.764305,-20.335693
2024-07-04 21:00:00,DK2,38.1,19.446644,-18.653355
2024-07-04 22:00:00,DK1,6.92,18.059538,11.139538
2024-07-04 22:00:00,DK2,6.92,14.878455,7.958455
2024-07-04 23:00:00,DK1,4.83,7.088339,2.258339
2024-07-04 23:00:00,DK2,4.71,5.846031,1.1360312
2024-07-05 00:00:00,DK1,4.0,4.6812053,0.6812053
2024-07-05 00:00:00,DK2,4.12,3.6050992,-0.5149007
2024-07-05 01:00:00,DK1,2.67,3.3277633,0.65776324
2024-07-05 01:00:00,DK2,2.67,3.602889,0.932889
2024-07-05 02:00:00,DK1,2.92,6.5975122,3.6775122
2024-07-05 02:00:00,DK2,2.92,4.951786,2.031786
2024-07-05 03:00:00,DK1,5.72,8.162583,2.4425836
2024-07-05 03:00:00,DK2,5.72,7.74195,2.0219502
2024-07-05 04:00:00,DK1,19.99,11.549469,-8.440531
2024-07-05 04:00:00,DK2,19.99,12.359211,-7.630789
2024-07-05 05:00:00,DK1,29.09,24.885662,-4.204338
2024-07-05 05:00:00,DK2,28.69,24.087084,-4.6029167
2024-07-05 06:00:00,DK1,31.47,21.253153,-10.216846
2024-07-05 06:00:00,DK2,29.68,23.97362,-5.706381
2024-07-05 07:00:00,DK1,18.56,15.982138,-2.5778618
2024-07-05 07:00:00,DK2,18.56,15.462765,-3.0972347
2024-07-05 08:00:00,DK1,2.95,6.930684,3.980684
2024-07-05 08:00:00,DK2,2.95,8.266497,5.316497
2024-07-05 09:00:00,DK1,0.41,2.669955,2.259955
2024-07-05 09:00:00,DK2,0.41,1.9880935,1.5780935
2024-07-05 10:00:00,DK1,-0.04,-1.2224803,-1.1824803
2024-07-05 10:00:00,DK2,-0.04,-0.06123972,-0.02123972
2024-07-05 11:00:00,DK1,-0.55,-1.9400897,-1.3900898
2024-07-05 11:00:00,DK2,-0.55,-0.19177365,0.35822636
2024-07-05 12:00:00,DK1,-0.77,-1.9744635,-1.2044635
2024-07-05 12:00:00,DK2,-0.77,-0.6898167,0.08018327
2024-07-05 13:00:00,DK1,-0.03,-2.0978742,-2.0678742
2024-07-05 13:00:00,DK2,-0.03,0.020422935,0.050422937
2024-07-05 14:00:00,DK1,1.93,-0.08700633,-2.0170064
2024-07-05 14:00:00,DK2,1.93,2.017788,0.087787986
2024-07-05 15:00:00,DK1,16.81,1.1104109,-15.699589
2024-07-05 15:00:00,DK2,13.06,3.439496,-9.620504
2024-07-05 16:00:00,DK1,25.05,15.37644,-9.673559
2024-07-05 16:00:00,DK2,23.27,12.632561,-10.63744
2024-07-05 17:00:00,DK1,36.7,46.22695,9.526951
2024-07-05 17:00:00,DK2,36.7,36.621773,-0.078228
2024-07-05 18:00:00,DK1,37.81,70.515686,32.705685
2024-07-05 18:00:00,DK2,37.81,42.15049,4.3404884
2024-07-05 19:00:00,DK1,60.06,35.139336,-24.920666
2024-07-05 19:00:00,DK2,60.06,46.415016,-13.644985
2024-07-05 20:00:00,DK1,82.86,100.20141,17.341408
2024-07-05 20:00:00,DK2,82.86,82.45482,-0.40518188
2024-07-05 21:00:00,DK1,84.95,99.33527,14.385277
2024-07-05 21:00:00,DK2,84.95,95.48747,10.537476
2024-07-05 22:00:00,DK1,85.52,103.40785,17.887856
2024-07-05 22:00:00,DK2,85.52,64.99498,-20.525017
2024-07-05 23:00:00,DK1,66.06,52.863655,-13.196342
2024-07-05 23:00:00,DK2,66.06,68.11742,2.0574188
2024-07-06 00:00:00,DK1,63.52,65.617805,2.097805
2024-07-06 00:00:00,DK2,63.52,55.71888,-7.8011208
2024-07-06 01:00:00,DK1,46.46,55.03808,8.578079
2024-07-06 01:00:00,DK2,46.46,52.3273,5.867302
2024-07-06 02:00:00,DK1,38.62,44.078835,5.4588356
2024-07-06 02:00:00,DK2,38.62,39.600548,0.98054886
2024-07-06 03:00:00,DK1,15.69,25.958605,10.268605
2024-07-06 03:00:00,DK2,15.69,23.174788,7.484788
2024-07-06 04:00:00,DK1,5.73,12.867294,7.1372943
2024-07-06 04:00:00,DK2,5.6,12.488558,6.888558
2024-07-06 05:00:00,DK1,5.37,6.8214645,1.4514647
2024-07-06 05:00:00,DK2,5.5,6.5287,1.0286999
2024-07-06 06:00:00,DK1,3.4,3.9749212,0.57492113
2024-07-06 06:00:00,DK2,3.48,5.6507072,2.1707072
2024-07-06 07:00:00,DK1,0.32,1.1492031,0.82920307
2024-07-06 07:00:00,DK2,0.32,-1.324842,-1.6448419
2024-07-06 08:00:00,DK1,-0.04,-5.177944,-5.137944
2024-07-06 08:00:00,DK2,-0.04,-8.005118,-7.9651184
2024-07-06 09:00:00,DK1,-0.02,-10.669296,-10.649296
2024-07-06 09:00:00,DK2,-0.02,-12.255083,-12.235083
2024-07-06 10:00:00,DK1,-0.03,-12.938822,-12.908822
2024-07-06 10:00:00,DK2,-0.03,-13.323487,-13.293488
2024-07-06 11:00:00,DK1,-0.12,-12.944118,-12.824118
2024-07-06 11:00:00,DK2,-0.12,-12.001671,-11.881671
2024-07-06 12:00:00,DK1,-2.18,-10.547428,-8.367428
2024-07-06 12:00:00,DK2,-2.18,-6.7234497,-4.5434494
2024-07-06 13:00:00,DK1,-2.71,-5.486491,-2.7764912
2024-07-06 13:00:00,DK2,-2.71,-1.4460676,1.2639325
2024-07-06 14:00:00,DK1,-0.6,0.6030812,1.2030813
2024-07-06 14:00:00,DK2,-0.6,4.710828,5.3108277
2024-07-06 15:00:00,DK1,-0.06,24.738415,24.798414
2024-07-06 15:00:00,DK2,0.01,10.487127,10.477127
2024-07-06 16:00:00,DK1,1.88,28.077967,26.197968
2024-07-06 16:00:00,DK2,1.94,10.313408,8.373407
2024-07-06 17:00:00,DK1,0.22,47.035194,46.815193
2024-07-06 17:00:00,DK2,0.44,21.786383,21.346382
2024-07-06 18:00:00,DK1,6.69,20.239733,13.549732
2024-07-06 18:00:00,DK2,6.69,17.13089,10.440889
2024-07-06 19:00:00,DK1,9.4,12.422686,3.022686
2024-07-06 19:00:00,DK2,9.4,21.985544,12.585545
2024-07-06 20:00:00,DK1,18.0,18.102367,0.1023674
2024-07-06 20:00:00,DK2,18.0,14.630327,-3.3696728
2024-07-06 21:00:00,DK1,14.02,12.28572,-1.7342806
2024-07-06 21:00:00,DK2,6.77,7.663323,0.89332294
2024-07-06 22:00:00,DK1,-0.03,5.028796,5.0587964
2024-07-06 22:00:00,DK2,-0.02,0.81482613,0.8348261
2024-07-06 23:00:00,DK1,-0.1,0.33294964,0.43294963
2024-07-06 23:00:00,DK2,-0.1,-1.0569777,-0.9569777
2024-07-07 00:00:00,DK1,-0.8,-0.5653198,0.23468024
2024-07-07 00:00:00,DK2,-0.8,-2.1035304,-1.3035305
2024-07-07 01:00:00,DK1,-0.48,-0.3593955,0.120604485
2024-07-07 01:00:00,DK2,-0.48,-0.79531217,-0.31531218
2024-07-07 02:00:00,DK1,-0.06,0.3213699,0.3813699
2024-07-07 02:00:00,DK2,-0.06,0.7412305,0.8012305
2024-07-07 03:00:00,DK1,-0.01,1.4594636,1.4694636
2024-07-07 03:00:00,DK2,-0.01,-2.2598758,-2.2498758
2024-07-07 04:00:00,DK1,-0.01,-2.2808962,-2.2708962
2024-07-07 04:00:00,DK2,-0.01,-5.2008214,-5.190821
2024-07-07 05:00:00,DK1,-0.01,-5.4669847,-5.4569845
2024-07-07 05:00:00,DK2,-0.01,-7.5694523,-7.559452
2024-07-07 06:00:00,DK1,-0.6,-8.007866,-7.407866
2024-07-07 06:00:00,DK2,-0.61,-8.452828,-7.8428283
2024-07-07 07:00:00,DK1,-6.49,-8.166209,-1.6762094
2024-07-07 07:00:00,DK2,-6.47,-9.208025,-2.7380252
2024-07-07 08:00:00,DK1,-9.98,-10.30513,-0.32513046
2024-07-07 08:00:00,DK2,-9.98,-11.530802,-1.5508022
2024-07-07 09:00:00,DK1,-12.04,-12.293663,-0.25366306
2024-07-07 09:00:00,DK2,-12.04,-13.117892,-1.0778923
2024-07-07 10:00:00,DK1,-13.49,-12.854307,0.6356926
2024-07-07 10:00:00,DK2,-13.49,-13.576967,-0.08696747
2024-07-07 11:00:00,DK1,-15.02,-12.893952,2.126048
2024-07-07 11:00:00,DK2,-15.02,-13.273222,1.7467785
2024-07-07 12:00:00,DK1,-20.98,-12.623318,8.356682
2024-07-07 12:00:00,DK2,-19.9,-12.302866,7.5971336
2024-07-07 13:00:00,DK1,-12.2,-11.201456,0.99854374
2024-07-07 13:00:00,DK2,-12.2,-8.480152,3.7198477
2024-07-07 14:00:00,DK1,-6.16,-5.133831,1.0261688
2024-07-07 14:00:00,DK2,-6.16,-4.360315,1.799685
2024-07-07 15:00:00,DK1,-0.08,0.38198423,0.46198422
2024-07-07 15:00:00,DK2,-0.08,-0.36118937,-0.28118938
2024-07-07 16:00:00,DK1,63.99,28.863295,-35.12671
2024-07-07 16:00:00,DK2,63.99,55.64219,-8.347813
2024-07-07 17:00:00,DK1,90.27,114.03201,23.762016
2024-07-07 17:00:00,DK2,90.27,80.8681,-9.401894
2024-07-07 18:00:00,DK1,119.4,91.7746,-27.625404
2024-07-07 18:00:00,DK2,125.64,117.276085,-8.3639145
2024-07-07 19:00:00,DK1,127.05,136.69547,9.645462
2024-07-07 19:00:00,DK2,133.17,126.31775,-6.852249
2024-07-07 20:00:00,DK1,115.2,120.07468,4.8746796
2024-07-07 20:00:00,DK2,115.2,123.03383,7.833832
2024-07-07 21:00:00,DK1,97.13,91.43223,-5.697769
2024-07-07 21:00:00,DK2,97.13,96.78296,-0.34703827
2024-07-07 22:00:00,DK1,81.62,86.24603,4.62603
2024-07-07 22:00:00,DK2,81.62,81.622665,0.0026626587
2024-07-07 23:00:00,DK1,76.65,66.21811,-10.431892
2024-07-07 23:00:00,DK2,76.65,70.51999,-6.1300125
2024-07-08 00:00:00,DK1,74.08,66.872635,-7.207367
2024-07-08 00:00:00,DK2,74.08,63.726784,-10.353218
2024-07-08 01:00:00,DK1,77.72,64.62219,-13.097809
2024-07-08 01:00:00,DK2,77.72,72.300446,-5.4195557
2024-07-08 02:00:00,DK1,76.28,80.56041,4.280411
2024-07-08 02:00:00,DK2,76.28,72.107475,-4.1725235
2024-07-08 03:00:00,DK1,79.44,82.28451,2.8445053
2024-07-08 03:00:00,DK2,79.44,76.577934,-2.8620682
2024-07-08 04:00:00,DK1,110.0,89.053276,-20.946724
2024-07-08 04:00:00,DK2,110.0,96.03262,-13.967377
2024-07-08 05:00:00,DK1,123.97,108.573166,-15.396835
2024-07-08 05:00:00,DK2,127.18,110.913284,-16.266716
2024-07-08 06:00:00,DK1,100.64,112.02427,11.38427
2024-07-08 06:00:00,DK2,100.64,105.60829,4.968292
2024-07-08 07:00:00,DK1,77.61,81.62841,4.0184097
2024-07-08 07:00:00,DK2,77.61,79.841034,2.2310333
2024-07-08 08:00:00,DK1,53.93,55.62876,1.698761
2024-07-08 08:00:00,DK2,53.93,49.80127,-4.128731
2024-07-08 09:00:00,DK1,38.43,30.142843,-8.287157
2024-07-08 09:00:00,DK2,38.43,34.773224,-3.6567764
2024-07-08 10:00:00,DK1,31.79,22.710878,-9.079123
2024-07-08 10:00:00,DK2,31.79,29.039938,-2.750063
2024-07-08 11:00:00,DK1,29.45,23.12935,-6.32065
2024-07-08 11:00:00,DK2,29.45,30.315113,0.8651123
2024-07-08 12:00:00,DK1,29.56,27.335018,-2.2249813
2024-07-08 12:00:00,DK2,29.56,36.039818,6.4798183
2024-07-08 13:00:00,DK1,36.75,41.164337,4.414337
2024-07-08 13:00:00,DK2,36.75,39.05433,2.304329
2024-07-08 14:00:00,DK1,64.0,58.86576,-5.134239
2024-07-08 14:00:00,DK2,64.0,59.59752,-4.402481
2024-07-08 15:00:00,DK1,80.2,82.953476,2.753479
2024-07-08 15:00:00,DK2,80.2,85.47285,5.27285
2024-07-08 16:00:00,DK1,102.63,103.655304,1.0253067
2024-07-08 16:00:00,DK2,102.63,106.00166,3.371666
2024-07-08 17:00:00,DK1,135.0,127.450966,-7.549034
2024-07-08 17:00:00,DK2,136.49,129.9522,-6.5378113
2024-07-08 18:00:00,DK1,249.01,146.26154,-102.74846
2024-07-08 18:00:00,DK2,257.35,149.01508,-108.33493
2024-07-08 19:00:00,DK1,173.69,156.58856,-17.10144
2024-07-08 19:00:00,DK2,173.69,164.71927,-8.970734
2024-07-08 20:00:00,DK1,113.65,165.77449,52.12449
2024-07-08 20:00:00,DK2,113.65,141.33322,27.68322
2024-07-08 21:00:00,DK1,92.02,109.6532,17.633202
2024-07-08 21:00:00,DK2,92.02,104.09256,12.072563
2024-07-08 22:00:00,DK1,105.52,89.509705,-16.010292
2024-07-08 22:00:00,DK2,105.52,92.685776,-12.834221
2024-07-08 23:00:00,DK1,95.96,91.46576,-4.49424
2024-07-08 23:00:00,DK2,95.96,95.01303,-0.9469681
2024-07-09 00:00:00,DK1,93.08,95.63611,2.5561066
2024-07-09 00:00:00,DK2,93.08,94.33432,1.2543182
2024-07-09 01:00:00,DK1,91.14,91.1604,0.020401001
2024-07-09 01:00:00,DK2,91.14,90.09889,-1.0411072
2024-07-09 02:00:00,DK1,87.66,89.85875,2.1987457
2024-07-09 02:00:00,DK2,87.66,89.76964,2.1096344
2024-07-09 03:00:00,DK1,96.83,93.76794,-3.0620651
2024-07-09 03:00:00,DK2,96.83,93.242584,-3.5874176
2024-07-09 04:00:00,DK1,111.38,104.11405,-7.2659454
2024-07-09 04:00:00,DK2,111.38,107.15097,-4.229027
2024-07-09 05:00:00,DK1,103.76,120.44275,16.682747
2024-07-09 05:00:00,DK2,103.76,112.41673,8.656731
2024-07-09 06:00:00,DK1,94.0,101.90379,7.9037933
2024-07-09 06:00:00,DK2,94.0,101.02588,7.025879
2024-07-09 07:00:00,DK1,67.26,82.91026,15.650261
2024-07-09 07:00:00,DK2,67.26,74.59553,7.3355255
2024-07-09 08:00:00,DK1,46.63,49.225525,2.5955238
2024-07-09 08:00:00,DK2,46.63,49.97708,3.3470802
2024-07-09 09:00:00,DK1,33.71,30.680239,-3.0297604
2024-07-09 09:00:00,DK2,33.71,38.08087,4.3708725
2024-07-09 10:00:00,DK1,21.95,24.515593,2.5655918
2024-07-09 10:00:00,DK2,21.95,27.392036,5.4420357
2024-07-09 11:00:00,DK1,15.98,14.869448,-1.1105518
2024-07-09 11:00:00,DK2,15.98,18.184996,2.204996
2024-07-09 12:00:00,DK1,4.34,12.900809,8.560809
2024-07-09 12:00:00,DK2,4.34,12.61771,8.27771
2024-07-09 13:00:00,DK1,11.08,6.8708825,-4.2091174
2024-07-09 13:00:00,DK2,11.08,11.78437,0.7043705
2024-07-09 14:00:00,DK1,53.73,26.714603,-27.015396
2024-07-09 14:00:00,DK2,53.73,40.793358,-12.936642
2024-07-09 15:00:00,DK1,81.69,75.65277,-6.0372314
2024-07-09 15:00:00,DK2,81.69,71.95025,-9.739754
2024-07-09 16:00:00,DK1,99.27,93.23714,-6.03286
2024-07-09 16:00:00,DK2,99.27,96.647934,-2.6220627
2024-07-09 17:00:00,DK1,110.27,108.250916,-2.019081
2024-07-09 17:00:00,DK2,110.27,102.54143,-7.728569
2024-07-09 18:00:00,DK1,112.8,105.61654,-7.183464
2024-07-09 18:00:00,DK2,112.8,115.12124,2.3212357
2024-07-09 19:00:00,DK1,100.32,109.94145,9.621452
2024-07-09 19:00:00,DK2,100.32,78.81706,-21.502937
2024-07-09 20:00:00,DK1,45.42,70.268745,24.848747
2024-07-09 20:00:00,DK2,45.42,65.590294,20.170296
2024-07-09 21:00:00,DK1,40.46,27.870745,-12.589254
2024-07-09 21:00:00,DK2,40.46,20.557796,-19.902203
2024-07-09 22:00:00,DK1,32.59,21.146318,-11.443682
2024-07-09 22:00:00,DK2,28.96,22.517435,-6.442564
2024-07-09 23:00:00,DK1,32.99,18.10096,-14.889042
2024-07-09 23:00:00,DK2,28.18,16.427658,-11.752342
2024-07-10 00:00:00,DK1,30.03,18.442064,-11.587936
2024-07-10 00:00:00,DK2,27.22,17.835835,-9.384165
2024-07-10 01:00:00,DK1,28.73,19.10397,-9.62603
2024-07-10 01:00:00,DK2,26.29,17.59983,-8.69017
2024-07-10 02:00:00,DK1,30.0,21.80699,-8.19301
2024-07-10 02:00:00,DK2,25.71,18.730778,-6.9792213
2024-07-10 03:00:00,DK1,32.68,27.955153,-4.724848
2024-07-10 03:00:00,DK2,27.04,21.523579,-5.5164223
2024-07-10 04:00:00,DK1,40.31,32.27745,-8.032551
2024-07-10 04:00:00,DK2,40.31,26.197683,-14.112318
2024-07-10 05:00:00,DK1,43.58,45.93448,2.354477
2024-07-10 05:00:00,DK2,43.58,37.96752,-5.61248
2024-07-10 06:00:00,DK1,83.49,41.06366,-42.42634
2024-07-10 06:00:00,DK2,83.49,58.97921,-24.510788
2024-07-10 07:00:00,DK1,78.57,87.83462,9.264618
2024-07-10 07:00:00,DK2,78.57,78.171234,-0.39876556
2024-07-10 08:00:00,DK1,65.0,69.818085,4.8180847
2024-07-10 08:00:00,DK2,65.0,65.455956,0.4559555
2024-07-10 09:00:00,DK1,55.77,62.549538,6.779537
2024-07-10 09:00:00,DK2,55.77,62.49595,6.7259483
2024-07-10 10:00:00,DK1,47.13,53.534897,6.404896
2024-07-10 10:00:00,DK2,47.13,49.29516,2.1651573
2024-07-10 11:00:00,DK1,40.76,34.971657,-5.7883415
2024-07-10 11:00:00,DK2,40.76,35.71071,-5.0492897
2024-07-10 12:00:00,DK1,52.57,35.48616,-17.08384
2024-07-10 12:00:00,DK2,52.57,50.42887,-2.1411285
2024-07-10 13:00:00,DK1,52.91,54.76793,1.8579292
2024-07-10 13:00:00,DK2,52.91,53.104164,0.19416428
2024-07-10 14:00:00,DK1,59.13,57.531258,-1.5987434
2024-07-10 14:00:00,DK2,67.48,61.56227,-5.9177322
2024-07-10 15:00:00,DK1,80.14,79.71092,-0.42907715
2024-07-10 15:00:00,DK2,80.14,86.54542,6.4054184
2024-07-10 16:00:00,DK1,79.77,93.20011,13.430115
2024-07-10 16:00:00,DK2,80.73,95.73186,15.001854
2024-07-10 17:00:00,DK1,99.72,103.408875,3.6888733
2024-07-10 17:00:00,DK2,99.72,109.606804,9.886803
2024-07-10 18:00:00,DK1,117.0,112.69966,-4.3003387
2024-07-10 18:00:00,DK2,148.61,115.422104,-33.187897
2024-07-10 19:00:00,DK1,150.51,118.82874,-31.681252
2024-07-10 19:00:00,DK2,164.08,124.33035,-39.74965
2024-07-10 20:00:00,DK1,113.97,118.28761,4.3176117
2024-07-10 20:00:00,DK2,113.97,121.36119,7.3911896
2024-07-10 21:00:00,DK1,92.92,108.3648,15.444801
2024-07-10 21:00:00,DK2,92.92,97.71674,4.7967453
2024-07-10 22:00:00,DK1,96.02,88.70061,-7.3193893
2024-07-10 22:00:00,DK2,96.02,89.559814,-6.460182
2024-07-10 23:00:00,DK1,79.95,89.37785,9.427856
2024-07-10 23:00:00,DK2,79.95,87.136314,7.1863174
2024-07-11 00:00:00,DK1,77.06,82.78636,5.726364
2024-07-11 00:00:00,DK2,77.06,77.385506,0.32550812
2024-07-11 01:00:00,DK1,79.6,76.679436,-2.9205627
2024-07-11 01:00:00,DK2,79.6,76.566605,-3.0333939
2024-07-11 02:00:00,DK1,80.31,81.39219,1.0821915
2024-07-11 02:00:00,DK2,80.31,78.83159,-1.4784088
2024-07-11 03:00:00,DK1,81.98,85.0497,3.0696945
2024-07-11 03:00:00,DK2,81.98,80.30112,-1.6788864
2024-07-11 04:00:00,DK1,107.46,92.801865,-14.658134
2024-07-11 04:00:00,DK2,107.71,98.25115,-9.458847
2024-07-11 05:00:00,DK1,120.0,115.40828,-4.5917206
2024-07-11 05:00:00,DK2,120.0,116.1353,-3.8647003
2024-07-11 06:00:00,DK1,106.53,112.94713,6.4171295
2024-07-11 06:00:00,DK2,106.53,107.227295,0.69729614
2024-07-11 07:00:00,DK1,89.11,95.23938,6.1293793
2024-07-11 07:00:00,DK2,89.11,92.95413,3.8441315
2024-07-11 08:00:00,DK1,80.69,75.282394,-5.407608
2024-07-11 08:00:00,DK2,80.69,78.28412,-2.4058838
2024-07-11 09:00:00,DK1,66.6,64.30579,-2.2942047
2024-07-11 09:00:00,DK2,66.6,65.024574,-1.5754242
2024-07-11 10:00:00,DK1,57.44,53.84546,-3.5945396
2024-07-11 10:00:00,DK2,57.44,55.736572,-1.7034264
2024-07-11 11:00:00,DK1,47.7,45.50981,-2.1901894
2024-07-11 11:00:00,DK2,47.7,44.85106,-2.8489418
2024-07-11 12:00:00,DK1,44.48,35.978294,-8.501705
2024-07-11 12:00:00,DK2,44.48,37.391335,-7.088665
2024-07-11 13:00:00,DK1,50.1,41.338715,-8.761284
2024-07-11 13:00:00,DK2,50.1,44.85997,-5.2400284
2024-07-11 14:00:00,DK1,60.98,65.16778,4.1877785
2024-07-11 14:00:00,DK2,60.98,63.452705,2.4727058
2024-07-11 15:00:00,DK1,81.91,79.83053,-2.0794754
2024-07-11 15:00:00,DK2,81.91,83.536575,1.6265717
2024-07-11 16:00:00,DK1,91.58,105.18961,13.6096115
2024-07-11 16:00:00,DK2,91.58,97.30894,5.7289352
2024-07-11 17:00:00,DK1,117.0,110.02515,-6.9748535
2024-07-11 17:00:00,DK2,120.0,111.273834,-8.726166
2024-07-11 18:00:00,DK1,184.33,131.6062,-52.7238
2024-07-11 18:00:00,DK2,184.33,144.2064,-40.123596
2024-07-11 19:00:00,DK1,166.74,159.63705,-7.102951
2024-07-11 19:00:00,DK2,166.74,148.85355,-17.88646
2024-07-11 20:00:00,DK1,121.59,135.55154,13.961548
2024-07-11 20:00:00,DK2,121.59,128.69359,7.103592
2024-07-11 21:00:00,DK1,98.12,110.15864,12.038635
2024-07-11 21:00:00,DK2,98.12,105.70056,7.580559
2024-07-11 22:00:00,DK1,102.42,94.87788,-7.542122
2024-07-11 22:00:00,DK2,102.42,93.27951,-9.140488
2024-07-11 23:00:00,DK1,87.31,86.63627,-0.67372894
2024-07-11 23:00:00,DK2,87.31,91.686676,4.3766785
2024-07-12 00:00:00,DK1,81.71,87.187164,5.477165
2024-07-12 00:00:00,DK2,81.71,85.734276,4.0242767
2024-07-12 01:00:00,DK1,79.98,81.32962,1.349617
2024-07-12 01:00:00,DK2,81.04,81.593506,0.55350494
2024-07-12 02:00:00,DK1,76.4,83.20429,6.804291
2024-07-12 02:00:00,DK2,80.24,81.17738,0.93738556
2024-07-12 03:00:00,DK1,79.37,84.0491,4.6791
2024-07-12 03:00:00,DK2,82.23,85.05417,2.8241653
2024-07-12 04:00:00,DK1,107.94,93.935394,-14.004608
2024-07-12 04:00:00,DK2,107.94,98.34592,-9.594086
2024-07-12 05:00:00,DK1,109.92,116.663086,6.743088
2024-07-12 05:00:00,DK2,109.92,116.98857,7.068573
2024-07-12 06:00:00,DK1,109.6,114.086075,4.4860764
2024-07-12 06:00:00,DK2,109.6,104.83937,-4.7606277
2024-07-12 07:00:00,DK1,102.4,99.539246,-2.860756
2024-07-12 07:00:00,DK2,102.4,101.486786,-0.91321564
2024-07-12 08:00:00,DK1,95.87,96.61885,0.74884796
2024-07-12 08:00:00,DK2,95.87,96.35936,0.489357
2024-07-12 09:00:00,DK1,89.83,88.82916,-1.0008392
2024-07-12 09:00:00,DK2,89.83,91.79437,1.9643707
2024-07-12 10:00:00,DK1,83.25,87.12462,3.8746185
2024-07-12 10:00:00,DK2,83.25,85.89262,2.6426163
2024-07-12 11:00:00,DK1,78.6,81.28744,2.687439
2024-07-12 11:00:00,DK2,78.6,77.79042,-0.80957794
2024-07-12 12:00:00,DK1,78.04,81.51868,3.4786758
2024-07-12 12:00:00,DK2,78.04,82.97638,4.9363785
2024-07-12 13:00:00,DK1,78.19,87.73518,9.545181
2024-07-12 13:00:00,DK2,78.19,82.692184,4.502182
2024-07-12 14:00:00,DK1,83.66,87.686615,4.0266113
2024-07-12 14:00:00,DK2,83.66,78.47859,-5.1814117
2024-07-12 15:00:00,DK1,79.0,95.481445,16.481445
2024-07-12 15:00:00,DK2,79.0,86.13501,7.13501
2024-07-12 16:00:00,DK1,90.05,91.01284,0.9628372
2024-07-12 16:00:00,DK2,90.05,90.237595,0.18759155
2024-07-12 17:00:00,DK1,96.62,108.3374,11.7174
2024-07-12 17:00:00,DK2,96.62,100.012474,3.3924713
2024-07-12 18:00:00,DK1,91.6,103.27818,11.6781845
2024-07-12 18:00:00,DK2,91.05,97.1098,6.059799
2024-07-12 19:00:00,DK1,94.61,86.47275,-8.137253
2024-07-12 19:00:00,DK2,92.34,82.8642,-9.4758
2024-07-12 20:00:00,DK1,85.66,80.16146,-5.498543
2024-07-12 20:00:00,DK2,42.08,78.98781,36.907806
2024-07-12 21:00:00,DK1,70.01,54.08519,-15.924812
2024-07-12 21:00:00,DK2,26.48,31.324823,4.844824
2024-07-12 22:00:00,DK1,33.74,46.80198,13.061977
2024-07-12 22:00:00,DK2,20.73,15.150328,-5.579672
2024-07-12 23:00:00,DK1,32.56,21.77885,-10.781151
2024-07-12 23:00:00,DK2,13.33,13.585025,0.2550249
2024-07-13 00:00:00,DK1,34.83,16.78979,-18.040213
2024-07-13 00:00:00,DK2,9.16,10.458624,1.298624
2024-07-13 01:00:00,DK1,33.2,12.564354,-20.635647
2024-07-13 01:00:00,DK2,8.0,6.858458,-1.141542
2024-07-13 02:00:00,DK1,32.65,12.995952,-19.654049
2024-07-13 02:00:00,DK2,6.17,6.8823967,0.7123966
2024-07-13 03:00:00,DK1,30.98,13.743846,-17.236153
2024-07-13 03:00:00,DK2,11.85,8.026119,-3.8238811
2024-07-13 04:00:00,DK1,30.54,15.277599,-15.262402
2024-07-13 04:00:00,DK2,30.54,9.664218,-20.875782
2024-07-13 05:00:00,DK1,27.82,21.424868,-6.395132
2024-07-13 05:00:00,DK2,27.82,21.376875,-6.443125
2024-07-13 06:00:00,DK1,26.6,22.555342,-4.0446587
2024-07-13 06:00:00,DK2,26.6,24.354195,-2.2458057
2024-07-13 07:00:00,DK1,20.97,20.118235,-0.8517647
2024-07-13 07:00:00,DK2,20.97,21.575203,0.6052036
2024-07-13 08:00:00,DK1,5.16,14.09391,8.93391
2024-07-13 08:00:00,DK2,5.16,12.499834,7.339834
2024-07-13 09:00:00,DK1,0.04,3.6436207,3.6036208
2024-07-13 09:00:00,DK2,0.04,0.5763335,0.5363335
2024-07-13 10:00:00,DK1,-0.01,-2.9231992,-2.9131992
2024-07-13 10:00:00,DK2,-0.01,-4.6327267,-4.6227264
2024-07-13 11:00:00,DK1,-0.87,-6.463703,-5.5937033
2024-07-13 11:00:00,DK2,-0.87,-7.119586,-6.249586
2024-07-13 12:00:00,DK1,-0.81,-7.456085,-6.6460853
2024-07-13 12:00:00,DK2,-0.81,-6.921521,-6.1115212
2024-07-13 13:00:00,DK1,-0.06,-3.9274144,-3.8674145
2024-07-13 13:00:00,DK2,-0.06,-4.893998,-4.833998
2024-07-13 14:00:00,DK1,1.41,-0.80868983,-2.21869
2024-07-13 14:00:00,DK2,1.52,-1.2050462,-2.7250462
2024-07-13 15:00:00,DK1,-0.01,6.643962,6.653962
2024-07-13 15:00:00,DK2,6.32,10.343599,4.023599
2024-07-13 16:00:00,DK1,28.77,39.330933,10.560932
2024-07-13 16:00:00,DK2,22.44,22.509848,0.06984711
2024-07-13 17:00:00,DK1,50.33,46.68328,-3.646721
2024-07-13 17:00:00,DK2,50.33,47.16987,-3.1601334
2024-07-13 18:00:00,DK1,75.45,79.188095,3.7380981
2024-07-13 18:00:00,DK2,75.45,68.65895,-6.791046
2024-07-13 19:00:00,DK1,76.26,82.24301,5.9830093
2024-07-13 19:00:00,DK2,76.26,79.24536,2.9853592
2024-07-13 20:00:00,DK1,78.84,92.29933,13.459335
2024-07-13 20:00:00,DK2,78.84,81.84745,3.007454
2024-07-13 21:00:00,DK1,63.0,77.090866,14.090866
2024-07-13 21:00:00,DK2,63.0,75.854004,12.854004
2024-07-13 22:00:00,DK1,88.95,72.81351,-16.13649
2024-07-13 22:00:00,DK2,88.95,74.37149,-14.578506
2024-07-13 23:00:00,DK1,63.19,69.33394,6.14394
2024-07-13 23:00:00,DK2,63.19,61.439293,-1.7507057
2024-07-14 00:00:00,DK1,55.45,60.471825,5.021824
2024-07-14 00:00:00,DK2,55.45,53.3656,-2.0844002
2024-07-14 01:00:00,DK1,44.3,48.810272,4.510273
2024-07-14 01:00:00,DK2,44.3,40.23378,-4.0662193
2024-07-14 02:00:00,DK1,37.93,41.38607,3.45607
2024-07-14 02:00:00,DK2,37.93,32.43032,-5.4996796
2024-07-14 03:00:00,DK1,36.81,36.611595,-0.19840622
2024-07-14 03:00:00,DK2,36.81,28.039633,-8.770369
2024-07-14 04:00:00,DK1,31.96,34.46057,2.5005722
2024-07-14 04:00:00,DK2,31.96,25.394934,-6.5650654
2024-07-14 05:00:00,DK1,14.28,31.345694,17.065693
2024-07-14 05:00:00,DK2,14.28,18.414244,4.134244
2024-07-14 06:00:00,DK1,0.29,13.181395,12.891395
2024-07-14 06:00:00,DK2,0.29,7.8365564,7.5465565
2024-07-14 07:00:00,DK1,-2.29,3.133635,5.423635
2024-07-14 07:00:00,DK2,-2.29,2.6059127,4.8959126
2024-07-14 08:00:00,DK1,-3.02,-0.55932856,2.4606714
2024-07-14 08:00:00,DK2,-3.02,-0.43755245,2.5824475
2024-07-14 09:00:00,DK1,-3.4,-3.108387,0.2916131
2024-07-14 09:00:00,DK2,-3.4,-3.0414653,0.3585348
2024-07-14 10:00:00,DK1,-4.22,-5.395879,-1.175879
2024-07-14 10:00:00,DK2,-4.22,-5.2825594,-1.0625596
2024-07-14 11:00:00,DK1,-5.16,-6.605644,-1.4456444
2024-07-14 11:00:00,DK2,-5.16,-5.954693,-0.794693
2024-07-14 12:00:00,DK1,-6.41,-6.018917,0.39108276
2024-07-14 12:00:00,DK2,-6.41,-4.546646,1.8633537
2024-07-14 13:00:00,DK1,-5.36,-1.9565725,3.4034276
2024-07-14 13:00:00,DK2,-5.36,-2.049718,3.3102822
2024-07-14 14:00:00,DK1,-10.16,0.36106896,10.521069
2024-07-14 14:00:00,DK2,-10.16,1.2082314,11.368231
2024-07-14 15:00:00,DK1,-0.05,7.1025677,7.152568
2024-07-14 15:00:00,DK2,1.87,4.905863,3.035863
2024-07-14 16:00:00,DK1,46.54,19.248507,-27.291494
2024-07-14 16:00:00,DK2,40.46,35.798866,-4.661133
2024-07-14 17:00:00,DK1,87.76,100.0537,12.293701
2024-07-14 17:00:00,DK2,91.93,80.57271,-11.357292
2024-07-14 18:00:00,DK1,112.8,96.16174,-16.63826
2024-07-14 18:00:00,DK2,115.8,100.91451,-14.88549
2024-07-14 19:00:00,DK1,108.03,101.986824,-6.0431747
2024-07-14 19:00:00,DK2,108.68,100.636,-8.043999
2024-07-14 20:00:00,DK1,105.84,91.27055,-14.569443
2024-07-14 20:00:00,DK2,105.84,100.26686,-5.5731354
2024-07-14 21:00:00,DK1,87.06,86.343636,-0.716362
2024-07-14 21:00:00,DK2,87.06,82.50286,-4.5571365
2024-07-14 22:00:00,DK1,79.35,64.2925,-15.057495
2024-07-14 22:00:00,DK2,79.35,66.971115,-12.378883
2024-07-14 23:00:00,DK1,66.24,61.61119,-4.628807
2024-07-14 23:00:00,DK2,66.24,57.499046,-8.740952
2024-07-15 00:00:00,DK1,58.17,49.904434,-8.265564
2024-07-15 00:00:00,DK2,58.17,51.38436,-6.785637
2024-07-15 01:00:00,DK1,48.39,55.88056,7.4905624
2024-07-15 01:00:00,DK2,48.39,50.42179,2.0317917
2024-07-15 02:00:00,DK1,52.1,59.60063,7.5006332
2024-07-15 02:00:00,DK2,52.1,56.260124,4.1601257
2024-07-15 03:00:00,DK1,64.62,62.206085,-2.4139175
2024-07-15 03:00:00,DK2,64.62,53.563828,-11.056175
2024-07-15 04:00:00,DK1,64.68,62.982788,-1.6972122
2024-07-15 04:00:00,DK2,64.68,64.895065,0.215065
2024-07-15 05:00:00,DK1,64.65,78.86231,14.212311
2024-07-15 05:00:00,DK2,64.65,67.67272,3.0227203
2024-07-15 06:00:00,DK1,64.61,56.7639,-7.8461
2024-07-15 06:00:00,DK2,64.61,61.789078,-2.8209229
2024-07-15 07:00:00,DK1,40.1,50.834015,10.734016
2024-07-15 07:00:00,DK2,40.1,41.40632,1.3063202
2024-07-15 08:00:00,DK1,35.52,23.122217,-12.397783
2024-07-15 08:00:00,DK2,26.4,24.248457,-2.1515427
2024-07-15 09:00:00,DK1,11.29,16.385628,5.095628
2024-07-15 09:00:00,DK2,20.03,12.258981,-7.77102
2024-07-15 10:00:00,DK1,0.07,5.6036124,5.5336123
2024-07-15 10:00:00,DK2,0.44,4.3186483,3.8786483
2024-07-15 11:00:00,DK1,-0.01,-1.0906663,-1.0806663
2024-07-15 11:00:00,DK2,-0.01,-0.77234554,-0.76234555
2024-07-15 12:00:00,DK1,-0.07,-3.4797788,-3.4097788
2024-07-15 12:00:00,DK2,-0.07,-2.1003184,-2.0303185
2024-07-15 13:00:00,DK1,3.54,-3.3755255,-6.9155254
2024-07-15 13:00:00,DK2,20.81,0.79285216,-20.017147
2024-07-15 14:00:00,DK1,44.29,13.919747,-30.370255
2024-07-15 14:00:00,DK2,27.02,42.89006,15.87006
2024-07-15 15:00:00,DK1,82.0,73.01637,-8.983627
2024-07-15 15:00:00,DK2,82.0,64.093796,-17.906204
2024-07-15 16:00:00,DK1,114.35,90.17004,-24.179962
2024-07-15 16:00:00,DK2,114.35,111.23953,-3.110466
2024-07-15 17:00:00,DK1,186.24,143.2364,-43.0036
2024-07-15 17:00:00,DK2,199.29,160.94186,-38.34813
2024-07-15 18:00:00,DK1,214.24,170.47604,-43.76396
2024-07-15 18:00:00,DK2,224.96,170.74638,-54.213623
2024-07-15 19:00:00,DK1,140.76,170.40892,29.648926
2024-07-15 19:00:00,DK2,143.56,162.18857,18.62857
2024-07-15 20:00:00,DK1,92.48,136.09555,43.615547
2024-07-15 20:00:00,DK2,92.48,116.629974,24.149971
2024-07-15 21:00:00,DK1,80.1,96.09202,15.99202
2024-07-15 21:00:00,DK2,80.1,90.92498,10.824982
2024-07-15 22:00:00,DK1,76.59,72.85865,-3.7313461
2024-07-15 22:00:00,DK2,76.59,67.91337,-8.676628
2024-07-15 23:00:00,DK1,63.77,70.67085,6.900852
2024-07-15 23:00:00,DK2,63.77,65.94779,2.1777916
2024-07-16 00:00:00,DK1,52.49,55.58548,3.095478
2024-07-16 00:00:00,DK2,52.49,49.133316,-3.3566856
2024-07-16 01:00:00,DK1,36.82,36.783005,-0.036994934
2024-07-16 01:00:00,DK2,36.82,48.910645,12.090645
2024-07-16 02:00:00,DK1,38.16,65.29085,27.130848
2024-07-16 02:00:00,DK2,38.16,59.76776,21.607761
2024-07-16 03:00:00,DK1,50.32,61.355118,11.035118
2024-07-16 03:00:00,DK2,50.32,57.73326,7.4132614
2024-07-16 04:00:00,DK1,71.28,67.596825,-3.6831741
2024-07-16 04:00:00,DK2,71.28,68.22255,-3.0574493
2024-07-16 05:00:00,DK1,79.48,78.06352,-1.416481
2024-07-16 05:00:00,DK2,79.48,76.99778,-2.4822235
2024-07-16 06:00:00,DK1,76.17,83.07793,6.9079285
2024-07-16 06:00:00,DK2,76.17,75.47626,-0.69374084
2024-07-16 07:00:00,DK1,62.77,64.97953,2.2095299
2024-07-16 07:00:00,DK2,59.07,66.95514,7.8851395
2024-07-16 08:00:00,DK1,21.49,58.81108,37.321083
2024-07-16 08:00:00,DK2,25.19,37.077553,11.887552
2024-07-16 09:00:00,DK1,1.43,17.919083,16.489082
2024-07-16 09:00:00,DK2,21.26,13.078161,-8.181839
2024-07-16 10:00:00,DK1,2.03,5.777568,3.747568
2024-07-16 10:00:00,DK2,15.84,6.134224,-9.705776
2024-07-16 11:00:00,DK1,13.2,1.3683848,-11.831615
2024-07-16 11:00:00,DK2,13.59,7.4233785,-6.1666217
2024-07-16 12:00:00,DK1,4.06,2.3865697,-1.6734302
2024-07-16 12:00:00,DK2,4.06,3.8643389,-0.19566107
2024-07-16 13:00:00,DK1,1.47,0.76972413,-0.7002759
2024-07-16 13:00:00,DK2,2.9,3.9248738,1.0248737
2024-07-16 14:00:00,DK1,-0.01,7.116455,7.1264553
2024-07-16 14:00:00,DK2,0.01,9.24469,9.23469
2024-07-16 15:00:00,DK1,22.12,12.491348,-9.628653
2024-07-16 15:00:00,DK2,25.54,20.78726,-4.752741
2024-07-16 16:00:00,DK1,63.02,83.60579,20.585789
2024-07-16 16:00:00,DK2,59.6,67.277374,7.677376
2024-07-16 17:00:00,DK1,81.99,70.68663,-11.303368
2024-07-16 17:00:00,DK2,81.99,70.43796,-11.55204
2024-07-16 18:00:00,DK1,121.6,106.24797,-15.352028
2024-07-16 18:00:00,DK2,121.6,114.80373,-6.7962723
2024-07-16 19:00:00,DK1,114.28,116.573074,2.2930756
2024-07-16 19:00:00,DK2,114.28,111.7259,-2.5541
2024-07-16 20:00:00,DK1,105.81,96.49632,-9.313675
2024-07-16 20:00:00,DK2,105.81,95.894714,-9.915283
2024-07-16 21:00:00,DK1,84.31,92.38797,8.077972
2024-07-16 21:00:00,DK2,84.31,88.34218,4.032181
2024-07-16 22:00:00,DK1,87.4,76.515625,-10.884377
2024-07-16 22:00:00,DK2,87.4,79.94243,-7.457573
2024-07-16 23:00:00,DK1,72.98,78.96994,5.989937
2024-07-16 23:00:00,DK2,72.98,69.786674,-3.1933289
2024-07-17 00:00:00,DK1,72.82,63.8078,-9.012199
2024-07-17 00:00:00,DK2,72.82,64.46502,-8.35498
2024-07-17 01:00:00,DK1,70.53,68.732216,-1.7977829
2024-07-17 01:00:00,DK2,70.53,64.77159,-5.7584076
2024-07-17 02:00:00,DK1,71.05,66.663765,-4.386238
2024-07-17 02:00:00,DK2,71.05,67.85417,-3.1958313
2024-07-17 03:00:00,DK1,77.44,76.4495,-0.9905014
2024-07-17 03:00:00,DK2,77.44,69.27107,-8.16893
2024-07-17 04:00:00,DK1,90.05,76.26865,-13.781357
2024-07-17 04:00:00,DK2,90.05,79.91164,-10.138367
2024-07-17 05:00:00,DK1,99.76,93.58463,-6.1753693
2024-07-17 05:00:00,DK2,99.76,93.51608,-6.2439194
2024-07-17 06:00:00,DK1,105.7,93.70293,-11.99707
2024-07-17 06:00:00,DK2,105.7,95.46399,-10.236008
2024-07-17 07:00:00,DK1,77.14,94.379776,17.239777
2024-07-17 07:00:00,DK2,77.14,88.856064,11.716064
2024-07-17 08:00:00,DK1,58.19,73.69495,15.504948
2024-07-17 08:00:00,DK2,58.19,62.44387,4.253872
2024-07-17 09:00:00,DK1,41.75,49.95085,8.200851
2024-07-17 09:00:00,DK2,41.75,42.39409,0.64408875
2024-07-17 10:00:00,DK1,32.59,33.97959,1.3895912
2024-07-17 10:00:00,DK2,32.59,29.907736,-2.6822643
2024-07-17 11:00:00,DK1,21.85,24.192717,2.3427162
2024-07-17 11:00:00,DK2,21.85,22.104866,0.25486565
2024-07-17 12:00:00,DK1,10.8,20.305159,9.505158
2024-07-17 12:00:00,DK2,10.8,20.253557,9.453557
2024-07-17 13:00:00,DK1,13.47,14.195354,0.7253542
2024-07-17 13:00:00,DK2,13.47,13.470776,0.0007753372
2024-07-17 14:00:00,DK1,38.88,19.172712,-19.707289
2024-07-17 14:00:00,DK2,38.88,33.65061,-5.229389
2024-07-17 15:00:00,DK1,61.68,79.18723,17.507233
2024-07-17 15:00:00,DK2,61.68,73.45807,11.778069
2024-07-17 16:00:00,DK1,82.93,77.526245,-5.403755
2024-07-17 16:00:00,DK2,82.93,81.09145,-1.8385468
2024-07-17 17:00:00,DK1,106.89,98.56142,-8.328583
2024-07-17 17:00:00,DK2,106.89,106.36456,-0.5254364
2024-07-17 18:00:00,DK1,131.92,113.9538,-17.966202
2024-07-17 18:00:00,DK2,131.92,119.0134,-12.906601
2024-07-17 19:00:00,DK1,140.03,126.06899,-13.961006
2024-07-17 19:00:00,DK2,140.03,128.56818,-11.4618225
2024-07-17 20:00:00,DK1,114.91,124.27429,9.364288
2024-07-17 20:00:00,DK2,114.91,118.556076,3.6460724
2024-07-17 21:00:00,DK1,92.17,103.1601,10.990105
2024-07-17 21:00:00,DK2,92.17,96.84552,4.675522
2024-07-17 22:00:00,DK1,67.91,82.36005,14.450043
2024-07-17 22:00:00,DK2,67.91,72.873,4.9629974
2024-07-17 23:00:00,DK1,73.02,62.222466,-10.797531
2024-07-17 23:00:00,DK2,73.02,69.24448,-3.7755203
2024-07-18 00:00:00,DK1,66.17,71.257385,5.087387
2024-07-18 00:00:00,DK2,66.17,62.57447,-3.5955276
2024-07-18 01:00:00,DK1,65.85,61.42785,-4.4221497
2024-07-18 01:00:00,DK2,65.85,65.44185,-0.40814972
2024-07-18 02:00:00,DK1,62.59,69.24123,6.651226
2024-07-18 02:00:00,DK2,62.59,63.39425,0.8042488
2024-07-18 03:00:00,DK1,40.0,67.43164,27.43164
2024-07-18 03:00:00,DK2,40.0,52.364685,12.364685
2024-07-18 04:00:00,DK1,87.18,45.557022,-41.62298
2024-07-18 04:00:00,DK2,87.18,63.737846,-23.442154
2024-07-18 05:00:00,DK1,94.5,96.19386,1.6938629
2024-07-18 05:00:00,DK2,94.5,90.25865,-4.2413483
2024-07-18 06:00:00,DK1,67.87,87.0841,19.214096
2024-07-18 06:00:00,DK2,67.87,69.23135,1.361351
2024-07-18 07:00:00,DK1,47.1,42.648903,-4.4510956
2024-07-18 07:00:00,DK2,47.1,34.87857,-12.221428
2024-07-18 08:00:00,DK1,36.3,27.577152,-8.722847
2024-07-18 08:00:00,DK2,36.3,33.10041,-3.1995888
2024-07-18 09:00:00,DK1,33.98,27.183672,-6.7963276
2024-07-18 09:00:00,DK2,33.98,25.825283,-8.1547165
2024-07-18 10:00:00,DK1,33.95,15.080114,-18.869886
2024-07-18 10:00:00,DK2,33.95,18.364004,-15.585997
2024-07-18 11:00:00,DK1,33.89,17.267853,-16.622147
2024-07-18 11:00:00,DK2,33.89,21.529531,-12.360468
2024-07-18 12:00:00,DK1,34.1,23.542017,-10.5579815
2024-07-18 12:00:00,DK2,34.1,24.576382,-9.523617
2024-07-18 13:00:00,DK1,34.98,29.273798,-5.7062016
2024-07-18 13:00:00,DK2,34.98,26.662748,-8.317251
2024-07-18 14:00:00,DK1,26.42,32.365005,5.9450054
2024-07-18 14:00:00,DK2,26.42,26.792027,0.37202644
2024-07-18 15:00:00,DK1,85.48,43.717026,-41.762978
2024-07-18 15:00:00,DK2,85.48,68.405365,-17.074638
2024-07-18 16:00:00,DK1,92.0,126.61638,34.61638
2024-07-18 16:00:00,DK2,92.0,114.810196,22.810196
2024-07-18 17:00:00,DK1,127.66,109.51309,-18.146912
2024-07-18 17:00:00,DK2,127.66,116.44423,-11.215775
2024-07-18 18:00:00,DK1,185.38,134.7318,-50.64821
2024-07-18 18:00:00,DK2,185.38,136.73459,-48.645416
2024-07-18 19:00:00,DK1,176.73,136.70123,-40.028763
2024-07-18 19:00:00,DK2,176.73,145.04929,-31.68071
2024-07-18 20:00:00,DK1,119.54,157.78978,38.24978
2024-07-18 20:00:00,DK2,119.54,145.33698,25.796974
2024-07-18 21:00:00,DK1,101.92,131.13998,29.219986
2024-07-18 21:00:00,DK2,101.92,114.243454,12.323456
2024-07-18 22:00:00,DK1,90.11,97.76398,7.6539764
2024-07-18 22:00:00,DK2,90.11,93.444466,3.334465
2024-07-18 23:00:00,DK1,80.45,82.487785,2.0377884
2024-07-18 23:00:00,DK2,80.45,76.667206,-3.7827911
2024-07-19 00:00:00,DK1,79.91,76.58699,-3.3230133
2024-07-19 00:00:00,DK2,79.91,75.467834,-4.442169
2024-07-19 01:00:00,DK1,78.21,79.67307,1.4630737
2024-07-19 01:00:00,DK2,78.21,76.75627,-1.4537277
2024-07-19 02:00:00,DK1,81.28,82.161224,0.8812256
2024-07-19 02:00:00,DK2,81.28,78.2159,-3.0641022
2024-07-19 03:00:00,DK1,89.41,85.25749,-4.1525116
2024-07-19 03:00:00,DK2,89.41,82.53634,-6.873665
2024-07-19 04:00:00,DK1,110.89,93.48527,-17.404732
2024-07-19 04:00:00,DK2,110.89,95.44849,-15.441513
2024-07-19 05:00:00,DK1,108.67,112.83795,4.1679535
2024-07-19 05:00:00,DK2,108.67,108.39252,-0.27748108
2024-07-19 06:00:00,DK1,98.4,108.899994,10.499992
2024-07-19 06:00:00,DK2,98.4,96.18426,-2.215744
2024-07-19 07:00:00,DK1,81.43,86.25784,4.8278427
2024-07-19 07:00:00,DK2,81.43,82.35564,0.9256363
2024-07-19 08:00:00,DK1,70.0,80.88347,10.883469
2024-07-19 08:00:00,DK2,70.0,73.65208,3.6520767
2024-07-19 09:00:00,DK1,58.75,69.58815,10.83815
2024-07-19 09:00:00,DK2,58.75,63.962433,5.212433
2024-07-19 10:00:00,DK1,44.34,57.691353,13.351353
2024-07-19 10:00:00,DK2,44.34,52.139168,7.7991676
2024-07-19 11:00:00,DK1,36.5,42.676147,6.1761475
2024-07-19 11:00:00,DK2,36.5,38.96084,2.4608383
2024-07-19 12:00:00,DK1,36.2,40.291893,4.0918922
2024-07-19 12:00:00,DK2,36.2,40.95568,4.75568
2024-07-19 13:00:00,DK1,42.54,46.050667,3.510666
2024-07-19 13:00:00,DK2,42.54,45.22918,2.6891785
2024-07-19 14:00:00,DK1,63.79,62.27382,-1.516182
2024-07-19 14:00:00,DK2,63.79,63.820663,0.030662537
2024-07-19 15:00:00,DK1,77.34,86.624176,9.28418
2024-07-19 15:00:00,DK2,77.34,103.72925,26.389252
2024-07-19 16:00:00,DK1,91.61,140.89514,49.28514
2024-07-19 16:00:00,DK2,91.61,131.30698,39.696976
2024-07-19 17:00:00,DK1,119.04,95.33509,-23.70491
2024-07-19 17:00:00,DK2,119.04,98.18204,-20.857964
2024-07-19 18:00:00,DK1,182.08,121.08211,-60.997894
2024-07-19 18:00:00,DK2,182.08,135.25761,-46.822388
2024-07-19 19:00:00,DK1,120.0,158.31558,38.315582
2024-07-19 19:00:00,DK2,120.0,156.15393,36.15393
2024-07-19 20:00:00,DK1,106.86,143.33505,36.47505
2024-07-19 20:00:00,DK2,106.86,122.40511,15.545113
2024-07-19 21:00:00,DK1,91.55,91.06696,-0.48303986
2024-07-19 21:00:00,DK2,91.55,90.31102,-1.2389832
2024-07-19 22:00:00,DK1,94.73,86.83746,-7.89254
2024-07-19 22:00:00,DK2,94.73,83.16946,-11.560547
2024-07-19 23:00:00,DK1,89.41,82.08408,-7.32592
2024-07-19 23:00:00,DK2,89.41,82.2979,-7.1121063
2024-07-20 00:00:00,DK1,88.25,84.024765,-4.225235
2024-07-20 00:00:00,DK2,88.25,82.69352,-5.5564804
2024-07-20 01:00:00,DK1,89.88,81.0633,-8.816696
2024-07-20 01:00:00,DK2,89.88,77.20956,-12.670441
2024-07-20 02:00:00,DK1,94.24,82.30969,-11.9303055
2024-07-20 02:00:00,DK2,94.24,80.39767,-13.842331
2024-07-20 03:00:00,DK1,93.8,87.85968,-5.940323
2024-07-20 03:00:00,DK2,93.8,84.55431,-9.245689
2024-07-20 04:00:00,DK1,89.15,88.79718,-0.35282135
2024-07-20 04:00:00,DK2,89.15,84.88904,-4.2609634
2024-07-20 05:00:00,DK1,85.99,84.92822,-1.0617752
2024-07-20 05:00:00,DK2,85.99,85.33098,-0.6590195
2024-07-20 06:00:00,DK1,68.2,77.81567,9.615669
2024-07-20 06:00:00,DK2,68.2,70.570114,2.3701172
2024-07-20 07:00:00,DK1,49.8,57.913963,8.113964
2024-07-20 07:00:00,DK2,39.05,47.34809,8.298092
2024-07-20 08:00:00,DK1,5.15,28.661423,23.511423
2024-07-20 08:00:00,DK2,15.9,13.481981,-2.4180183
2024-07-20 09:00:00,DK1,0.0,4.6977005,4.6977005
2024-07-20 09:00:00,DK2,3.77,1.6070127,-2.1629872
2024-07-20 10:00:00,DK1,-0.21,-1.9728594,-1.7628593
2024-07-20 10:00:00,DK2,1.37,-2.7566247,-4.1266246
2024-07-20 11:00:00,DK1,0.02,-5.3131294,-5.3331294
2024-07-20 11:00:00,DK2,0.02,-5.0469265,-5.0669265
2024-07-20 12:00:00,DK1,-0.25,-6.1912756,-5.9412756
2024-07-20 12:00:00,DK2,0.44,-3.7969513,-4.2369514
2024-07-20 13:00:00,DK1,-2.71,0.26948786,2.979488
2024-07-20 13:00:00,DK2,4.6,-0.23218107,-4.832181
2024-07-20 14:00:00,DK1,2.42,11.028126,8.608126
2024-07-20 14:00:00,DK2,18.01,9.049225,-8.960775
2024-07-20 15:00:00,DK1,52.29,38.44638,-13.84362
2024-07-20 15:00:00,DK2,36.7,38.388702,1.6887016
2024-07-20 16:00:00,DK1,85.0,77.36814,-7.631859
2024-07-20 16:00:00,DK2,85.0,71.220146,-13.779854
2024-07-20 17:00:00,DK1,109.56,96.02161,-13.538391
2024-07-20 17:00:00,DK2,109.56,93.170395,-16.389603
2024-07-20 18:00:00,DK1,134.75,111.45419,-23.295807
2024-07-20 18:00:00,DK2,134.75,121.98413,-12.765869
2024-07-20 19:00:00,DK1,108.81,135.92316,27.11316
2024-07-20 19:00:00,DK2,108.81,125.2808,16.470802
2024-07-20 20:00:00,DK1,84.1,128.79706,44.69706
2024-07-20 20:00:00,DK2,84.1,117.348526,33.248528
2024-07-20 21:00:00,DK1,74.51,116.2341,41.7241
2024-07-20 21:00:00,DK2,74.51,88.26873,13.758728
2024-07-20 22:00:00,DK1,63.63,65.084496,1.4544945
2024-07-20 22:00:00,DK2,63.63,62.313805,-1.3161964
2024-07-20 23:00:00,DK1,56.3,57.74167,1.4416695
2024-07-20 23:00:00,DK2,56.3,56.388977,0.08897781
2024-07-21 00:00:00,DK1,55.2,40.436775,-14.763226
2024-07-21 00:00:00,DK2,55.2,40.821358,-14.378643
2024-07-21 01:00:00,DK1,60.38,38.005234,-22.374767
2024-07-21 01:00:00,DK2,60.38,46.841705,-13.538296
2024-07-21 02:00:00,DK1,66.55,47.684555,-18.865448
2024-07-21 02:00:00,DK2,66.55,54.61567,-11.934334
2024-07-21 03:00:00,DK1,75.24,55.637,-19.602997
2024-07-21 03:00:00,DK2,75.24,72.064026,-3.175972
2024-07-21 04:00:00,DK1,64.4,64.06672,-0.33328247
2024-07-21 04:00:00,DK2,64.4,67.48041,3.0804062
2024-07-21 05:00:00,DK1,56.53,48.42868,-8.101318
2024-07-21 05:00:00,DK2,56.53,59.470825,2.9408264
2024-07-21 06:00:00,DK1,48.68,51.76847,3.0884705
2024-07-21 06:00:00,DK2,40.68,42.425552,1.7455521
2024-07-21 07:00:00,DK1,10.57,26.44525,15.87525
2024-07-21 07:00:00,DK2,18.57,14.017841,-4.5521584
2024-07-21 08:00:00,DK1,0.07,5.6808066,5.6108065
2024-07-21 08:00:00,DK2,1.01,1.757994,0.74799407
2024-07-21 09:00:00,DK1,0.03,-3.1549215,-3.1849215
2024-07-21 09:00:00,DK2,0.03,-5.0017867,-5.031787
2024-07-21 10:00:00,DK1,0.02,-7.9278164,-7.9478164
2024-07-21 10:00:00,DK2,0.02,-6.7587347,-6.7787347
2024-07-21 11:00:00,DK1,-0.06,-8.357486,-8.297485
2024-07-21 11:00:00,DK2,-0.06,-6.3524704,-6.2924705
2024-07-21 12:00:00,DK1,-0.18,-6.2219896,-6.04199
2024-07-21 12:00:00,DK2,-0.18,-3.493331,-3.313331
2024-07-21 13:00:00,DK1,0.04,2.2447855,2.2047856
2024-07-21 13:00:00,DK2,0.04,5.0570765,5.0170765
2024-07-21 14:00:00,DK1,0.11,39.25853,39.14853
2024-07-21 14:00:00,DK2,18.68,17.711239,-0.96876144
2024-07-21 15:00:00,DK1,59.81,50.93734,-8.872662
2024-07-21 15:00:00,DK2,41.23,49.926445,8.696445
2024-07-21 16:00:00,DK1,80.45,78.27738,-2.172615
2024-07-21 16:00:00,DK2,80.45,86.12845,5.6784515
2024-07-21 17:00:00,DK1,108.27,104.6755,-3.5944977
2024-07-21 17:00:00,DK2,108.27,108.66319,0.3931961
2024-07-21 18:00:00,DK1,112.73,128.6524,15.922401
2024-07-21 18:00:00,DK2,112.73,116.31177,3.5817642
2024-07-21 19:00:00,DK1,123.29,122.77977,-0.510231
2024-07-21 19:00:00,DK2,123.29,126.76408,3.4740753
2024-07-21 20:00:00,DK1,109.17,123.309235,14.139236
2024-07-21 20:00:00,DK2,109.17,114.92553,5.7555313
2024-07-21 21:00:00,DK1,90.16,111.452225,21.292221
2024-07-21 21:00:00,DK2,90.16,106.643196,16.483192
2024-07-21 22:00:00,DK1,120.84,85.03054,-35.809456
2024-07-21 22:00:00,DK2,120.84,96.28594,-24.554054
2024-07-21 23:00:00,DK1,96.63,108.43622,11.806221
2024-07-21 23:00:00,DK2,96.63,96.21399,-0.416008
2024-07-22 00:00:00,DK1,86.88,96.92799,10.0479965
2024-07-22 00:00:00,DK2,86.88,95.28353,8.403534
2024-07-22 01:00:00,DK1,86.93,93.925446,6.9954453
2024-07-22 01:00:00,DK2,86.93,89.501205,2.5712051
2024-07-22 02:00:00,DK1,81.84,82.22596,0.38596344
2024-07-22 02:00:00,DK2,81.84,81.33826,-0.5017395
2024-07-22 03:00:00,DK1,79.32,78.82994,-0.4900589
2024-07-22 03:00:00,DK2,79.32,99.05296,19.732964
2024-07-22 04:00:00,DK1,108.71,121.13964,12.429642
2024-07-22 04:00:00,DK2,108.71,111.72182,3.011818
2024-07-22 05:00:00,DK1,120.09,102.884,-17.205994
2024-07-22 05:00:00,DK2,120.09,106.019424,-14.070572
2024-07-22 06:00:00,DK1,114.28,115.34508,1.0650787
2024-07-22 06:00:00,DK2,114.28,109.992935,-4.2870636
2024-07-22 07:00:00,DK1,94.34,103.80047,9.460472
2024-07-22 07:00:00,DK2,94.34,95.67319,1.3331909
2024-07-22 08:00:00,DK1,63.43,85.487625,22.057625
2024-07-22 08:00:00,DK2,63.43,75.93863,12.508629
2024-07-22 09:00:00,DK1,39.08,54.786224,15.706223
2024-07-22 09:00:00,DK2,39.08,45.880486,6.8004837
2024-07-22 10:00:00,DK1,25.61,34.76332,9.15332
2024-07-22 10:00:00,DK2,25.61,26.673721,1.0637207
2024-07-22 11:00:00,DK1,23.36,21.478662,-1.8813381
2024-07-22 11:00:00,DK2,23.36,19.67747,-3.6825314
2024-07-22 12:00:00,DK1,19.41,18.401167,-1.0088329
2024-07-22 12:00:00,DK2,19.41,18.263254,-1.1467457
2024-07-22 13:00:00,DK1,20.38,20.63482,0.25482178
2024-07-22 13:00:00,DK2,20.38,19.683334,-0.6966648
2024-07-22 14:00:00,DK1,22.82,30.861162,8.0411625
2024-07-22 14:00:00,DK2,22.82,17.614197,-5.205803
2024-07-22 15:00:00,DK1,62.16,46.593834,-15.566166
2024-07-22 15:00:00,DK2,62.16,46.688316,-15.4716835
2024-07-22 16:00:00,DK1,80.91,96.89368,15.983673
2024-07-22 16:00:00,DK2,80.91,85.43309,4.5230865
2024-07-22 17:00:00,DK1,99.04,87.69028,-11.349724
2024-07-22 17:00:00,DK2,99.04,99.8837,0.8436966
2024-07-22 18:00:00,DK1,139.87,147.8789,8.008911
2024-07-22 18:00:00,DK2,139.87,147.55981,7.6898193
2024-07-22 19:00:00,DK1,140.26,137.73392,-2.5260773
2024-07-22 19:00:00,DK2,140.26,133.76065,-6.499344
2024-07-22 20:00:00,DK1,111.04,117.32442,6.284416
2024-07-22 20:00:00,DK2,111.04,111.29678,0.25678253
2024-07-22 21:00:00,DK1,95.52,94.450424,-1.0695724
2024-07-22 21:00:00,DK2,95.52,94.82945,-0.6905441
2024-07-22 22:00:00,DK1,82.85,84.09801,1.2480087
2024-07-22 22:00:00,DK2,82.85,77.701126,-5.1488724
2024-07-22 23:00:00,DK1,74.96,82.11372,7.1537247
2024-07-22 23:00:00,DK2,74.96,74.16943,-0.7905655
2024-07-23 00:00:00,DK1,73.39,69.831085,-3.5589142
2024-07-23 00:00:00,DK2,73.39,63.342377,-10.047623
2024-07-23 01:00:00,DK1,68.13,72.0341,3.9041061
2024-07-23 01:00:00,DK2,68.13,64.2785,-3.8514938
2024-07-23 02:00:00,DK1,70.56,69.62956,-0.9304352
2024-07-23 02:00:00,DK2,70.56,70.16522,-0.3947754
2024-07-23 03:00:00,DK1,73.68,76.56204,2.882042
2024-07-23 03:00:00,DK2,73.68,73.55937,-0.12062836
2024-07-23 04:00:00,DK1,99.9,84.00484,-15.8951645
2024-07-23 04:00:00,DK2,99.9,87.748985,-12.151016
2024-07-23 05:00:00,DK1,116.0,105.553116,-10.446884
2024-07-23 05:00:00,DK2,116.0,108.10855,-7.891449
2024-07-23 06:00:00,DK1,110.45,117.663864,7.213867
2024-07-23 06:00:00,DK2,110.45,106.34536,-4.104637
2024-07-23 07:00:00,DK1,87.29,93.4622,6.1721954
2024-07-23 07:00:00,DK2,87.29,88.76545,1.4754486
2024-07-23 08:00:00,DK1,68.87,77.93394,9.063934
2024-07-23 08:00:00,DK2,68.87,67.89378,-0.9762192
2024-07-23 09:00:00,DK1,61.37,55.442802,-5.9271965
2024-07-23 09:00:00,DK2,61.37,59.049385,-2.3206139
2024-07-23 10:00:00,DK1,43.42,59.85823,16.438232
2024-07-23 10:00:00,DK2,43.42,52.741806,9.321808
2024-07-23 11:00:00,DK1,38.29,39.172234,0.88223267
2024-07-23 11:00:00,DK2,38.29,39.791885,1.5018845
2024-07-23 12:00:00,DK1,36.01,39.993553,3.9835548
2024-07-23 12:00:00,DK2,36.01,42.058716,6.0487175
2024-07-23 13:00:00,DK1,41.96,37.14946,-4.8105392
2024-07-23 13:00:00,DK2,41.96,37.75,-4.209999
2024-07-23 14:00:00,DK1,64.86,44.056076,-20.803925
2024-07-23 14:00:00,DK2,64.86,49.42212,-15.437881
2024-07-23 15:00:00,DK1,79.53,88.4229,8.892899
2024-07-23 15:00:00,DK2,79.53,84.30274,4.772743
2024-07-23 16:00:00,DK1,79.92,99.850624,19.930626
2024-07-23 16:00:00,DK2,79.92,93.01313,13.093132
2024-07-23 17:00:00,DK1,96.03,110.15813,14.128128
2024-07-23 17:00:00,DK2,96.03,101.04091,5.01091
2024-07-23 18:00:00,DK1,116.93,113.35185,-3.578148
2024-07-23 18:00:00,DK2,116.93,122.411865,5.481865
2024-07-23 19:00:00,DK1,102.01,115.117485,13.107483
2024-07-23 19:00:00,DK2,102.01,103.49421,1.4842072
2024-07-23 20:00:00,DK1,99.23,88.52648,-10.703522
2024-07-23 20:00:00,DK2,99.23,91.637825,-7.5921783
2024-07-23 21:00:00,DK1,91.58,88.20212,-3.377884
2024-07-23 21:00:00,DK2,91.58,89.882774,-1.6972275
2024-07-23 22:00:00,DK1,83.55,88.37663,4.8266296
2024-07-23 22:00:00,DK2,83.55,89.42055,5.8705444
2024-07-23 23:00:00,DK1,78.33,99.13572,20.805717
2024-07-23 23:00:00,DK2,78.33,79.72507,1.3950653
2024-07-24 00:00:00,DK1,72.56,73.280426,0.72042847
2024-07-24 00:00:00,DK2,72.56,73.40286,0.842865
2024-07-24 01:00:00,DK1,73.6,75.03899,1.4389877
2024-07-24 01:00:00,DK2,73.6,84.99898,11.398979
2024-07-24 02:00:00,DK1,56.78,90.73919,33.95919
2024-07-24 02:00:00,DK2,56.78,70.62819,13.84819
2024-07-24 03:00:00,DK1,40.1,65.46396,25.36396
2024-07-24 03:00:00,DK2,40.1,61.052612,20.952614
2024-07-24 04:00:00,DK1,43.35,63.4803,20.130302
2024-07-24 04:00:00,DK2,43.35,41.29705,-2.052948
2024-07-24 05:00:00,DK1,45.06,52.818207,7.7582054
2024-07-24 05:00:00,DK2,45.06,44.670395,-0.38960648
2024-07-24 06:00:00,DK1,57.51,38.5048,-19.0052
2024-07-24 06:00:00,DK2,57.51,43.551537,-13.958462
2024-07-24 07:00:00,DK1,36.22,51.89048,15.670479
2024-07-24 07:00:00,DK2,36.22,41.485573,5.2655716
2024-07-24 08:00:00,DK1,25.0,27.308968,2.3089676
2024-07-24 08:00:00,DK2,25.0,20.771227,-4.228773
2024-07-24 09:00:00,DK1,21.19,13.100446,-8.089555
2024-07-24 09:00:00,DK2,21.19,13.973097,-7.2169037
2024-07-24 10:00:00,DK1,1.58,8.140429,6.5604286
2024-07-24 10:00:00,DK2,1.58,2.506107,0.92610705
2024-07-24 11:00:00,DK1,-0.15,-0.74068475,-0.5906848
2024-07-24 11:00:00,DK2,0.0,-1.0430033,-1.0430033
2024-07-24 12:00:00,DK1,-2.06,-3.2063894,-1.1463895
2024-07-24 12:00:00,DK2,0.0,-2.1654735,-2.1654735
2024-07-24 13:00:00,DK1,-1.96,-3.054183,-1.094183
2024-07-24 13:00:00,DK2,-0.08,-2.8711357,-2.7911358
2024-07-24 14:00:00,DK1,2.21,-2.964912,-5.174912
2024-07-24 14:00:00,DK2,16.7,0.24596477,-16.454037
2024-07-24 15:00:00,DK1,39.27,26.267149,-13.0028515
2024-07-24 15:00:00,DK2,24.78,33.39923,8.61923
2024-07-24 16:00:00,DK1,51.89,47.309067,-4.5809326
2024-07-24 16:00:00,DK2,51.89,20.411848,-31.478151
2024-07-24 17:00:00,DK1,89.6,67.763275,-21.836723
2024-07-24 17:00:00,DK2,89.6,108.37435,18.774353
2024-07-24 18:00:00,DK1,108.52,124.90687,16.386871
2024-07-24 18:00:00,DK2,108.52,110.86046,2.3404617
2024-07-24 19:00:00,DK1,118.11,128.81125,10.701248
2024-07-24 19:00:00,DK2,118.11,128.75899,10.648987
2024-07-24 20:00:00,DK1,109.01,114.217,5.2070007
2024-07-24 20:00:00,DK2,109.01,111.38521,2.375206
2024-07-24 21:00:00,DK1,84.65,96.23932,11.589317
2024-07-24 21:00:00,DK2,84.65,93.17023,8.520226
2024-07-24 22:00:00,DK1,83.7,80.81438,-2.88562
2024-07-24 22:00:00,DK2,83.7,84.618324,0.91832733
2024-07-24 23:00:00,DK1,77.5,76.91754,-0.5824585
2024-07-24 23:00:00,DK2,77.5,76.63747,-0.86253357
2024-07-25 00:00:00,DK1,76.1,72.97489,-3.1251068
2024-07-25 00:00:00,DK2,76.1,74.26119,-1.8388062
2024-07-25 01:00:00,DK1,79.92,73.25292,-6.667076
2024-07-25 01:00:00,DK2,79.92,74.93372,-4.9862747
2024-07-25 02:00:00,DK1,76.4,82.3946,5.9945984
2024-07-25 02:00:00,DK2,76.4,82.13926,5.739258
2024-07-25 03:00:00,DK1,92.53,82.327576,-10.202423
2024-07-25 03:00:00,DK2,92.53,85.439514,-7.0904846
2024-07-25 04:00:00,DK1,106.16,95.918335,-10.241669
2024-07-25 04:00:00,DK2,106.16,99.04687,-7.1131363
2024-07-25 05:00:00,DK1,109.03,105.525925,-3.504074
2024-07-25 05:00:00,DK2,109.03,104.62175,-4.408249
2024-07-25 06:00:00,DK1,90.98,99.97963,8.999626
2024-07-25 06:00:00,DK2,90.98,85.996124,-4.983879
2024-07-25 07:00:00,DK1,71.98,72.718735,0.7387314
2024-07-25 07:00:00,DK2,71.98,68.89656,-3.0834427
2024-07-25 08:00:00,DK1,55.08,58.04004,2.9600372
2024-07-25 08:00:00,DK2,55.08,60.487877,5.407875
2024-07-25 09:00:00,DK1,36.95,50.182823,13.232822
2024-07-25 09:00:00,DK2,36.95,37.026398,0.07639694
2024-07-25 10:00:00,DK1,24.31,26.216866,1.9068661
2024-07-25 10:00:00,DK2,23.73,29.6753,5.945301
2024-07-25 11:00:00,DK1,17.36,28.336477,10.976477
2024-07-25 11:00:00,DK2,17.94,18.744892,0.8048916
2024-07-25 12:00:00,DK1,13.27,11.310936,-1.9590645
2024-07-25 12:00:00,DK2,17.22,14.125662,-3.0943375
2024-07-25 13:00:00,DK1,26.2,16.904692,-9.295309
2024-07-25 13:00:00,DK2,22.25,18.382763,-3.867237
2024-07-25 14:00:00,DK1,53.8,21.470688,-32.32931
2024-07-25 14:00:00,DK2,53.8,45.801277,-7.998722
2024-07-25 15:00:00,DK1,80.0,106.51874,26.518738
2024-07-25 15:00:00,DK2,80.0,101.52583,21.525833
2024-07-25 16:00:00,DK1,97.0,119.86274,22.86274
2024-07-25 16:00:00,DK2,97.0,125.56457,28.564568
2024-07-25 17:00:00,DK1,119.9,137.95502,18.055016
2024-07-25 17:00:00,DK2,126.93,122.141235,-4.788765
2024-07-25 18:00:00,DK1,148.3,103.82436,-44.47564
2024-07-25 18:00:00,DK2,155.72,117.47214,-38.247864
2024-07-25 19:00:00,DK1,129.97,123.24188,-6.728119
2024-07-25 19:00:00,DK2,131.61,119.69737,-11.912628
2024-07-25 20:00:00,DK1,100.0,116.306625,16.306625
2024-07-25 20:00:00,DK2,100.0,110.61194,10.611938
2024-07-25 21:00:00,DK1,84.95,91.47792,6.5279236
2024-07-25 21:00:00,DK2,84.95,87.010124,2.0601273
2024-07-25 22:00:00,DK1,81.0,73.79079,-7.2092133
2024-07-25 22:00:00,DK2,81.0,78.12489,-2.8751068
2024-07-25 23:00:00,DK1,73.5,80.42338,6.923378
2024-07-25 23:00:00,DK2,73.5,70.010414,-3.4895859
2024-07-26 00:00:00,DK1,75.01,65.289085,-9.720917
2024-07-26 00:00:00,DK2,75.01,66.40151,-8.60849
2024-07-26 01:00:00,DK1,77.3,71.28232,-6.017685
2024-07-26 01:00:00,DK2,77.3,66.8822,-10.417801
2024-07-26 02:00:00,DK1,76.9,80.6671,3.7670975
2024-07-26 02:00:00,DK2,76.9,75.2206,-1.6794052
2024-07-26 03:00:00,DK1,79.99,84.805885,4.8158875
2024-07-26 03:00:00,DK2,79.99,76.30979,-3.6802063
2024-07-26 04:00:00,DK1,81.49,91.112564,9.622566
2024-07-26 04:00:00,DK2,81.49,85.4725,3.9825058
2024-07-26 05:00:00,DK1,106.66,93.962135,-12.697868
2024-07-26 05:00:00,DK2,106.66,98.07121,-8.588791
2024-07-26 06:00:00,DK1,104.1,106.1953,2.0952988
2024-07-26 06:00:00,DK2,104.1,104.57249,0.4724884
2024-07-26 07:00:00,DK1,96.83,92.4599,-4.370102
2024-07-26 07:00:00,DK2,96.83,92.258606,-4.571396
2024-07-26 08:00:00,DK1,90.53,84.568665,-5.961334
2024-07-26 08:00:00,DK2,90.53,90.67143,0.14143372
2024-07-26 09:00:00,DK1,81.35,82.517876,1.1678772
2024-07-26 09:00:00,DK2,81.35,79.22242,-2.1275787
2024-07-26 10:00:00,DK1,70.0,72.1017,2.1016998
2024-07-26 10:00:00,DK2,70.0,72.20843,2.2084274
2024-07-26 11:00:00,DK1,63.12,63.931267,0.81126785
2024-07-26 11:00:00,DK2,63.12,65.88338,2.7633781
2024-07-26 12:00:00,DK1,60.19,72.70928,12.519283
2024-07-26 12:00:00,DK2,60.19,70.131355,9.941357
2024-07-26 13:00:00,DK1,68.14,60.67639,-7.463608
2024-07-26 13:00:00,DK2,68.14,57.177742,-10.962257
2024-07-26 14:00:00,DK1,72.84,75.54083,2.7008362
2024-07-26 14:00:00,DK2,72.84,77.673256,4.8332596
2024-07-26 15:00:00,DK1,88.52,93.82721,5.307213
2024-07-26 15:00:00,DK2,88.52,90.30185,1.7818527
2024-07-26 16:00:00,DK1,94.34,107.45819,13.118195
2024-07-26 16:00:00,DK2,94.34,103.87036,9.530365
2024-07-26 17:00:00,DK1,107.79,113.842285,6.0522842
2024-07-26 17:00:00,DK2,107.79,113.37786,5.58786
2024-07-26 18:00:00,DK1,143.25,113.775604,-29.474396
2024-07-26 18:00:00,DK2,143.25,125.96456,-17.285439
2024-07-26 19:00:00,DK1,139.0,134.7894,-4.210602
2024-07-26 19:00:00,DK2,139.0,128.70094,-10.299057
2024-07-26 20:00:00,DK1,106.39,119.107635,12.717636
2024-07-26 20:00:00,DK2,106.39,109.08667,2.6966705
2024-07-26 21:00:00,DK1,97.91,100.09805,2.1880493
2024-07-26 21:00:00,DK2,97.91,99.57176,1.6617584
2024-07-26 22:00:00,DK1,103.88,95.0505,-8.829498
2024-07-26 22:00:00,DK2,103.88,92.12183,-11.758163
2024-07-26 23:00:00,DK1,103.03,92.372574,-10.657425
2024-07-26 23:00:00,DK2,103.03,94.68088,-8.349121
2024-07-27 00:00:00,DK1,96.89,95.60262,-1.2873764
2024-07-27 00:00:00,DK2,96.89,94.589935,-2.300064
2024-07-27 01:00:00,DK1,95.15,91.52548,-3.6245193
2024-07-27 01:00:00,DK2,95.15,92.64513,-2.5048752
2024-07-27 02:00:00,DK1,92.46,90.01315,-2.446846
2024-07-27 02:00:00,DK2,92.46,90.968094,-1.4919052
2024-07-27 03:00:00,DK1,90.19,90.19145,0.001449585
2024-07-27 03:00:00,DK2,90.19,91.27852,1.0885162
2024-07-27 04:00:00,DK1,87.09,89.75517,2.6651764
2024-07-27 04:00:00,DK2,87.09,91.21004,4.120041
2024-07-27 05:00:00,DK1,82.41,86.690994,4.2809906
2024-07-27 05:00:00,DK2,82.41,86.93151,4.5215073
2024-07-27 06:00:00,DK1,84.69,73.94797,-10.742035
2024-07-27 06:00:00,DK2,84.69,80.092224,-4.5977783
2024-07-27 07:00:00,DK1,67.67,65.83445,-1.8355484
2024-07-27 07:00:00,DK2,67.67,63.21678,-4.4532166
2024-07-27 08:00:00,DK1,60.78,44.18579,-16.594208
2024-07-27 08:00:00,DK2,60.78,46.96634,-13.81366
2024-07-27 09:00:00,DK1,39.9,29.327276,-10.572725
2024-07-27 09:00:00,DK2,39.9,27.464296,-12.435705
2024-07-27 10:00:00,DK1,28.0,14.325686,-13.674314
2024-07-27 10:00:00,DK2,28.0,12.56404,-15.43596
2024-07-27 11:00:00,DK1,17.8,6.2808447,-11.519155
2024-07-27 11:00:00,DK2,17.8,6.44451,-11.35549
2024-07-27 12:00:00,DK1,17.92,3.9588456,-13.961155
2024-07-27 12:00:00,DK2,17.92,8.537262,-9.382738
2024-07-27 13:00:00,DK1,35.02,21.241148,-13.778852
2024-07-27 13:00:00,DK2,35.02,33.059128,-1.9608727
2024-07-27 14:00:00,DK1,67.72,62.489418,-5.230583
2024-07-27 14:00:00,DK2,67.72,59.032364,-8.687637
2024-07-27 15:00:00,DK1,87.06,87.16108,0.10108185
2024-07-27 15:00:00,DK2,87.06,88.806946,1.7469482
2024-07-27 16:00:00,DK1,104.97,101.42711,-3.5428925
2024-07-27 16:00:00,DK2,104.97,100.72909,-4.2409134
2024-07-27 17:00:00,DK1,115.66,114.425705,-1.2342987
2024-07-27 17:00:00,DK2,116.69,121.23664,4.5466385
2024-07-27 18:00:00,DK1,121.76,129.29576,7.535759
2024-07-27 18:00:00,DK2,123.1,126.764145,3.6641464
2024-07-27 19:00:00,DK1,121.82,125.013374,3.1933746
2024-07-27 19:00:00,DK2,121.82,127.33415,5.5141525
2024-07-27 20:00:00,DK1,108.1,118.76338,10.6633835
2024-07-27 20:00:00,DK2,108.1,113.499344,5.3993454
2024-07-27 21:00:00,DK1,97.94,105.54816,7.6081543
2024-07-27 21:00:00,DK2,97.94,106.21461,8.274605
2024-07-27 22:00:00,DK1,109.99,101.83638,-8.153618
2024-07-27 22:00:00,DK2,109.99,102.66815,-7.321846
2024-07-27 23:00:00,DK1,95.11,100.243355,5.133354
2024-07-27 23:00:00,DK2,95.11,97.713486,2.603485
2024-07-28 00:00:00,DK1,88.21,97.891396,9.6813965
2024-07-28 00:00:00,DK2,88.21,91.785995,3.5759964
2024-07-28 01:00:00,DK1,81.53,89.786415,8.256416
2024-07-28 01:00:00,DK2,81.53,80.37404,-1.1559601
2024-07-28 02:00:00,DK1,78.54,82.08358,3.543579
2024-07-28 02:00:00,DK2,78.54,75.35488,-3.1851196
2024-07-28 03:00:00,DK1,79.26,79.10063,-0.15937042
2024-07-28 03:00:00,DK2,79.26,70.924225,-8.335777
2024-07-28 04:00:00,DK1,75.53,78.71598,3.1859818
2024-07-28 04:00:00,DK2,75.53,71.567535,-3.9624634
2024-07-28 05:00:00,DK1,72.61,72.91214,0.30213928
2024-07-28 05:00:00,DK2,72.61,66.57848,-6.031517
2024-07-28 06:00:00,DK1,25.49,59.38273,33.89273
2024-07-28 06:00:00,DK2,25.42,38.940514,13.520514
2024-07-28 07:00:00,DK1,4.92,17.176691,12.256691
2024-07-28 07:00:00,DK2,4.99,6.7410464,1.7510467
2024-07-28 08:00:00,DK1,0.0,0.17893744,0.17893744
2024-07-28 08:00:00,DK2,0.0,-4.191152,-4.191152
2024-07-28 09:00:00,DK1,-2.43,-7.6313305,-5.20133
2024-07-28 09:00:00,DK2,-2.43,-8.756858,-6.3268576
2024-07-28 10:00:00,DK1,-15.04,-10.13521,4.90479
2024-07-28 10:00:00,DK2,-15.04,-11.301243,3.7387571
2024-07-28 11:00:00,DK1,-29.8,-12.180183,17.619816
2024-07-28 11:00:00,DK2,-29.8,-12.65576,17.14424
2024-07-28 12:00:00,DK1,-48.69,-13.257447,35.432552
2024-07-28 12:00:00,DK2,-48.69,-13.422529,35.26747
2024-07-28 13:00:00,DK1,-33.53,-13.505164,20.024834
2024-07-28 13:00:00,DK2,-33.53,-13.127869,20.40213
2024-07-28 14:00:00,DK1,-13.28,-12.769616,0.5103836
2024-07-28 14:00:00,DK2,-13.28,-10.956578,2.3234215
2024-07-28 15:00:00,DK1,-1.99,-6.004611,-4.0146112
2024-07-28 15:00:00,DK2,-0.26,-4.1488085,-3.8888085
2024-07-28 16:00:00,DK1,24.33,5.737375,-18.592625
2024-07-28 16:00:00,DK2,4.97,9.602484,4.632484
2024-07-28 17:00:00,DK1,59.39,50.220634,-9.169365
2024-07-28 17:00:00,DK2,46.83,20.839022,-25.99098
2024-07-28 18:00:00,DK1,78.87,71.357315,-7.5126877
2024-07-28 18:00:00,DK2,78.87,59.421654,-19.448349
2024-07-28 19:00:00,DK1,77.67,71.59024,-6.0797577
2024-07-28 19:00:00,DK2,77.67,71.25619,-6.4138107
2024-07-28 20:00:00,DK1,78.98,108.47345,29.493446
2024-07-28 20:00:00,DK2,78.98,110.14756,31.167557
2024-07-28 21:00:00,DK1,75.87,99.3198,23.449799
2024-07-28 21:00:00,DK2,43.28,91.20444,47.92444
2024-07-28 22:00:00,DK1,68.83,80.59644,11.766441
2024-07-28 22:00:00,DK2,51.21,63.345512,12.135513
2024-07-28 23:00:00,DK1,68.2,49.866714,-18.333282
2024-07-28 23:00:00,DK2,36.94,34.54178,-2.39822
2024-07-29 00:00:00,DK1,69.16,45.552452,-23.607552
2024-07-29 00:00:00,DK2,69.16,36.22027,-32.939735
2024-07-29 01:00:00,DK1,50.11,71.71304,21.603043
2024-07-29 01:00:00,DK2,50.11,50.75657,0.6465683
2024-07-29 02:00:00,DK1,51.57,47.423645,-4.1463547
2024-07-29 02:00:00,DK2,51.57,42.262306,-9.3076935
2024-07-29 03:00:00,DK1,54.37,57.524574,3.1545753
2024-07-29 03:00:00,DK2,54.37,50.322037,-4.047962
2024-07-29 04:00:00,DK1,80.86,59.40515,-21.45485
2024-07-29 04:00:00,DK2,80.86,62.547546,-18.312454
2024-07-29 05:00:00,DK1,100.93,86.52786,-14.402138
2024-07-29 05:00:00,DK2,100.93,85.30177,-15.628227
2024-07-29 06:00:00,DK1,98.46,89.17094,-9.2890625
2024-07-29 06:00:00,DK2,98.46,85.488144,-12.971855
2024-07-29 07:00:00,DK1,63.66,77.114975,13.454975
2024-07-29 07:00:00,DK2,63.66,59.358955,-4.3010445
2024-07-29 08:00:00,DK1,10.58,35.55133,24.97133
2024-07-29 08:00:00,DK2,10.58,22.476875,11.896875
2024-07-29 09:00:00,DK1,-0.16,9.098275,9.258275
2024-07-29 09:00:00,DK2,-0.16,5.675601,5.835601
2024-07-29 10:00:00,DK1,-0.19,1.1361365,1.3261366
2024-07-29 10:00:00,DK2,-0.19,1.2648077,1.4548078
2024-07-29 11:00:00,DK1,-1.7,-1.8848653,-0.18486524
2024-07-29 11:00:00,DK2,-1.7,-1.0819521,0.61804795
2024-07-29 12:00:00,DK1,-0.98,-3.4569635,-2.4769635
2024-07-29 12:00:00,DK2,-0.98,-1.4937134,-0.51371336
2024-07-29 13:00:00,DK1,-0.07,-0.56588244,-0.49588245
2024-07-29 13:00:00,DK2,-0.07,3.1399658,3.2099657
2024-07-29 14:00:00,DK1,13.74,14.397426,0.6574259
2024-07-29 14:00:00,DK2,13.74,19.683355,5.9433556
2024-07-29 15:00:00,DK1,64.48,60.189987,-4.290016
2024-07-29 15:00:00,DK2,64.48,60.035416,-4.4445877
2024-07-29 16:00:00,DK1,96.91,79.89867,-17.011337
2024-07-29 16:00:00,DK2,96.91,99.61276,2.7027588
2024-07-29 17:00:00,DK1,119.72,126.31136,6.591362
2024-07-29 17:00:00,DK2,123.24,129.79337,6.5533676
2024-07-29 18:00:00,DK1,172.2,131.91461,-40.285385
2024-07-29 18:00:00,DK2,178.07,148.998,-29.072006
2024-07-29 19:00:00,DK1,132.72,165.53098,32.810974
2024-07-29 19:00:00,DK2,132.72,143.8352,11.115204
2024-07-29 20:00:00,DK1,107.8,112.00272,4.2027206
2024-07-29 20:00:00,DK2,107.8,108.74629,0.94628906
2024-07-29 21:00:00,DK1,90.2,90.89467,0.69467163
2024-07-29 21:00:00,DK2,90.2,86.22678,-3.9732132
2024-07-29 22:00:00,DK1,78.01,82.55989,4.5498886
2024-07-29 22:00:00,DK2,78.01,79.10814,1.0981369
2024-07-29 23:00:00,DK1,75.77,80.14842,4.3784256
2024-07-29 23:00:00,DK2,75.77,74.38843,-1.3815689
2024-07-30 00:00:00,DK1,79.27,78.90786,-0.36213684
2024-07-30 00:00:00,DK2,79.27,72.56752,-6.7024765
2024-07-30 01:00:00,DK1,83.73,80.55109,-3.178917
2024-07-30 01:00:00,DK2,83.73,74.249985,-9.480019
2024-07-30 02:00:00,DK1,88.59,84.36798,-4.2220154
2024-07-30 02:00:00,DK2,88.59,80.0943,-8.495697
2024-07-30 03:00:00,DK1,100.24,92.59761,-7.6423874
2024-07-30 03:00:00,DK2,100.24,91.01087,-9.229126
2024-07-30 04:00:00,DK1,115.64,106.69765,-8.942352
2024-07-30 04:00:00,DK2,115.64,107.39203,-8.247971
2024-07-30 05:00:00,DK1,113.48,121.715645,8.2356415
2024-07-30 05:00:00,DK2,113.48,115.07275,1.5927429
2024-07-30 06:00:00,DK1,99.65,112.558495,12.908493
2024-07-30 06:00:00,DK2,99.65,107.30562,7.6556168
2024-07-30 07:00:00,DK1,67.78,88.594025,20.814026
2024-07-30 07:00:00,DK2,67.78,81.12052,13.340523
2024-07-30 08:00:00,DK1,37.52,53.828804,16.308804
2024-07-30 08:00:00,DK2,37.52,42.129654,4.6096535
2024-07-30 09:00:00,DK1,7.84,24.085749,16.245749
2024-07-30 09:00:00,DK2,7.84,15.605444,7.765444
2024-07-30 10:00:00,DK1,1.09,7.599128,6.5091276
2024-07-30 10:00:00,DK2,1.09,3.5956583,2.5056581
2024-07-30 11:00:00,DK1,0.01,1.6394708,1.6294708
2024-07-30 11:00:00,DK2,0.01,4.6900325,4.6800323
2024-07-30 12:00:00,DK1,-0.06,8.3168545,8.376855
2024-07-30 12:00:00,DK2,0.26,5.7493906,5.4893904
2024-07-30 13:00:00,DK1,13.25,6.0218925,-7.2281075
2024-07-30 13:00:00,DK2,12.93,13.961775,1.0317745
2024-07-30 14:00:00,DK1,40.68,57.19011,16.510109
2024-07-30 14:00:00,DK2,40.68,38.961433,-1.7185669
2024-07-30 15:00:00,DK1,78.1,64.505165,-13.594833
2024-07-30 15:00:00,DK2,78.1,64.35667,-13.743332
2024-07-30 16:00:00,DK1,103.4,89.91783,-13.48217
2024-07-30 16:00:00,DK2,103.4,93.900055,-9.499947
2024-07-30 17:00:00,DK1,126.76,116.71431,-10.045692
2024-07-30 17:00:00,DK2,129.44,124.760796,-4.679207
2024-07-30 18:00:00,DK1,170.04,138.85028,-31.189713
2024-07-30 18:00:00,DK2,177.13,150.73026,-26.39975
2024-07-30 19:00:00,DK1,147.67,160.34348,12.673477
2024-07-30 19:00:00,DK2,147.67,148.97263,1.3026276
2024-07-30 20:00:00,DK1,114.98,123.65372,8.673714
2024-07-30 20:00:00,DK2,114.98,122.87583,7.8958282
2024-07-30 21:00:00,DK1,99.04,110.00169,10.961693
2024-07-30 21:00:00,DK2,99.04,105.4822,6.4421997
2024-07-30 22:00:00,DK1,98.85,91.18377,-7.6662292
2024-07-30 22:00:00,DK2,98.85,91.21434,-7.6356583
2024-07-30 23:00:00,DK1,87.29,94.734825,7.444824
2024-07-30 23:00:00,DK2,87.29,108.05583,20.765831
2024-07-31 00:00:00,DK1,85.19,124.54894,39.35894
2024-07-31 00:00:00,DK2,85.19,121.616394,36.42639
2024-07-31 01:00:00,DK1,82.9,103.926735,21.026733
2024-07-31 01:00:00,DK2,82.9,86.83488,3.9348755
2024-07-31 02:00:00,DK1,85.1,80.31415,-4.7858505
2024-07-31 02:00:00,DK2,85.1,81.38016,-3.719841
2024-07-31 03:00:00,DK1,94.12,84.759476,-9.360527
2024-07-31 03:00:00,DK2,94.12,85.87107,-8.248932
2024-07-31 04:00:00,DK1,105.05,97.29051,-7.759491
2024-07-31 04:00:00,DK2,105.05,100.75374,-4.2962646
2024-07-31 05:00:00,DK1,109.68,114.927444,5.247444
2024-07-31 05:00:00,DK2,110.14,114.74741,4.6074142
2024-07-31 06:00:00,DK1,95.26,112.8251,17.565102
2024-07-31 06:00:00,DK2,95.26,98.8562,3.596199
2024-07-31 07:00:00,DK1,78.83,78.898346,0.068344116
2024-07-31 07:00:00,DK2,78.83,82.36386,3.5338593
2024-07-31 08:00:00,DK1,55.89,74.64311,18.753113
2024-07-31 08:00:00,DK2,55.89,61.572258,5.6822586
2024-07-31 09:00:00,DK1,33.46,46.54461,13.08461
2024-07-31 09:00:00,DK2,33.46,39.435516,5.9755173
2024-07-31 10:00:00,DK1,21.75,31.28036,9.530359
2024-07-31 10:00:00,DK2,21.75,20.157087,-1.5929127
2024-07-31 11:00:00,DK1,11.36,14.005926,2.6459265
2024-07-31 11:00:00,DK2,11.36,11.582766,0.22276592
2024-07-31 12:00:00,DK1,17.53,8.985056,-8.544945
2024-07-31 12:00:00,DK2,17.53,9.823147,-7.706854
2024-07-31 13:00:00,DK1,31.74,12.3166065,-19.423393
2024-07-31 13:00:00,DK2,31.74,14.645188,-17.09481
2024-07-31 14:00:00,DK1,34.26,44.808914,10.548916
2024-07-31 14:00:00,DK2,34.26,38.409653,4.1496544
2024-07-31 15:00:00,DK1,75.8,40.452972,-35.34703
2024-07-31 15:00:00,DK2,75.8,39.18885,-36.611153
2024-07-31 16:00:00,DK1,95.89,93.662994,-2.227005
2024-07-31 16:00:00,DK2,95.89,100.637695,4.747696
2024-07-31 17:00:00,DK1,114.62,111.264755,-3.3552475
2024-07-31 17:00:00,DK2,115.39,107.4407,-7.9493027
2024-07-31 18:00:00,DK1,133.63,128.33884,-5.291168
2024-07-31 18:00:00,DK2,136.15,136.64604,0.49604797
2024-07-31 19:00:00,DK1,112.64,130.05583,17.415833
2024-07-31 19:00:00,DK2,116.19,125.53422,9.344215
2024-07-31 20:00:00,DK1,104.51,110.907394,6.3973923
2024-07-31 20:00:00,DK2,104.51,110.16567,5.65567
2024-07-31 21:00:00,DK1,96.49,94.16614,-2.3238602
2024-07-31 21:00:00,DK2,96.49,95.80071,-0.6892853
2024-07-31 22:00:00,DK1,96.45,88.886406,-7.563591
2024-07-31 22:00:00,DK2,96.45,72.876724,-23.573273
2024-07-31 23:00:00,DK1,92.4,89.93321,-2.4667892
2024-07-31 23:00:00,DK2,92.4,69.99068,-22.409325
2024-08-01 00:00:00,DK1,86.85,94.6773,7.827301
2024-08-01 00:00:00,DK2,86.85,65.69683,-21.153168
2024-08-01 01:00:00,DK1,84.11,96.167625,12.057625
2024-08-01 01:00:00,DK2,84.11,66.49235,-17.617653
2024-08-01 02:00:00,DK1,86.1,93.51584,7.41584
2024-08-01 02:00:00,DK2,86.1,61.178375,-24.921623
2024-08-01 03:00:00,DK1,99.1,94.81854,-4.281456
2024-08-01 03:00:00,DK2,99.1,67.10122,-31.99878
2024-08-01 04:00:00,DK1,114.22,102.048935,-12.171066
2024-08-01 04:00:00,DK2,134.39,83.01803,-51.37197
2024-08-01 05:00:00,DK1,106.99,107.91626,0.9262619
2024-08-01 05:00:00,DK2,109.52,94.31852,-15.201477
2024-08-01 06:00:00,DK1,105.95,108.28111,2.3311157
2024-08-01 06:00:00,DK2,105.95,89.57799,-16.37201
2024-08-01 07:00:00,DK1,90.1,98.844894,8.744896
2024-08-01 07:00:00,DK2,90.1,78.82077,-11.279228
2024-08-01 08:00:00,DK1,76.95,90.40017,13.450172
2024-08-01 08:00:00,DK2,76.95,67.89527,-9.054726
2024-08-01 09:00:00,DK1,67.64,78.994484,11.354485
2024-08-01 09:00:00,DK2,67.64,52.809143,-14.830856
2024-08-01 10:00:00,DK1,64.03,69.86752,5.8375244
2024-08-01 10:00:00,DK2,64.03,43.603134,-20.426865
2024-08-01 11:00:00,DK1,60.38,64.24638,3.8663826
2024-08-01 11:00:00,DK2,60.38,42.193184,-18.186817
2024-08-01 12:00:00,DK1,62.13,67.94301,5.8130074
2024-08-01 12:00:00,DK2,62.13,47.950256,-14.179745
2024-08-01 13:00:00,DK1,70.55,72.111984,1.5619812
2024-08-01 13:00:00,DK2,70.55,50.264824,-20.28518
2024-08-01 14:00:00,DK1,74.24,79.17531,4.9353104
2024-08-01 14:00:00,DK2,74.24,57.83457,-16.405426
2024-08-01 15:00:00,DK1,93.78,81.34035,-12.4396515
2024-08-01 15:00:00,DK2,95.16,64.53319,-30.626816
2024-08-01 16:00:00,DK1,102.6,95.34884,-7.2511597
2024-08-01 16:00:00,DK2,102.83,86.33368,-16.496323
2024-08-01 17:00:00,DK1,112.5,105.12723,-7.372772
2024-08-01 17:00:00,DK2,112.5,97.37161,-15.128387
2024-08-01 18:00:00,DK1,138.07,114.63235,-23.43766
2024-08-01 18:00:00,DK2,138.07,114.05204,-24.017967
2024-08-01 19:00:00,DK1,124.03,135.52477,11.494766
2024-08-01 19:00:00,DK2,124.03,129.4842,5.4542084
2024-08-01 20:00:00,DK1,112.94,133.04507,20.105072
2024-08-01 20:00:00,DK2,112.94,105.05852,-7.881485
2024-08-01 21:00:00,DK1,105.7,110.98735,5.2873535
2024-08-01 21:00:00,DK2,105.7,100.05072,-5.6492767
2024-08-01 22:00:00,DK1,93.93,104.68523,10.755226
2024-08-01 22:00:00,DK2,93.93,106.17937,12.249367
2024-08-01 23:00:00,DK1,89.17,105.30708,16.137085
2024-08-01 23:00:00,DK2,89.17,96.538124,7.368126
2024-08-02 00:00:00,DK1,88.11,77.925644,-10.184357
2024-08-02 00:00:00,DK2,88.11,81.3964,-6.7136
2024-08-02 01:00:00,DK1,82.97,86.392204,3.422203
2024-08-02 01:00:00,DK2,82.97,84.45395,1.4839478
2024-08-02 02:00:00,DK1,86.95,87.745285,0.7952881
2024-08-02 02:00:00,DK2,86.95,85.82703,-1.1229706
2024-08-02 03:00:00,DK1,94.44,94.241066,-0.19893646
2024-08-02 03:00:00,DK2,94.44,95.743515,1.3035126
2024-08-02 04:00:00,DK1,109.51,102.98631,-6.5236893
2024-08-02 04:00:00,DK2,109.51,102.11073,-7.399269
2024-08-02 05:00:00,DK1,119.79,115.044495,-4.7455063
2024-08-02 05:00:00,DK2,121.38,119.56087,-1.81913
2024-08-02 06:00:00,DK1,113.19,121.52731,8.337311
2024-08-02 06:00:00,DK2,113.19,106.477295,-6.7127075
2024-08-02 07:00:00,DK1,104.42,81.63867,-22.781326
2024-08-02 07:00:00,DK2,104.42,94.33443,-10.085571
2024-08-02 08:00:00,DK1,91.68,96.03079,4.350792
2024-08-02 08:00:00,DK2,91.68,94.69668,3.0166779
2024-08-02 09:00:00,DK1,77.69,87.47196,9.78196
2024-08-02 09:00:00,DK2,77.69,85.19576,7.50576
2024-08-02 10:00:00,DK1,73.58,78.810425,5.230423
2024-08-02 10:00:00,DK2,73.58,72.48314,-1.0968628
2024-08-02 11:00:00,DK1,61.94,61.931923,-0.008075714
2024-08-02 11:00:00,DK2,61.94,57.59507,-4.3449287
2024-08-02 12:00:00,DK1,53.44,54.79615,1.3561516
2024-08-02 12:00:00,DK2,53.44,54.156555,0.71655655
2024-08-02 13:00:00,DK1,50.58,54.984962,4.4049606
2024-08-02 13:00:00,DK2,50.58,55.601402,5.0214005
2024-08-02 14:00:00,DK1,65.42,72.72475,7.3047485
2024-08-02 14:00:00,DK2,65.42,65.436424,0.016426086
2024-08-02 15:00:00,DK1,77.69,81.65216,3.9621582
2024-08-02 15:00:00,DK2,77.69,80.41861,2.7286072
2024-08-02 16:00:00,DK1,99.9,99.76717,-0.13282776
2024-08-02 16:00:00,DK2,102.22,106.24536,4.02536
2024-08-02 17:00:00,DK1,128.49,121.40434,-7.085663
2024-08-02 17:00:00,DK2,128.49,123.09694,-5.3930664
2024-08-02 18:00:00,DK1,146.19,129.51465,-16.675354
2024-08-02 18:00:00,DK2,146.19,133.78133,-12.408676
2024-08-02 19:00:00,DK1,121.66,135.48413,13.824127
2024-08-02 19:00:00,DK2,121.66,134.9797,13.319702
2024-08-02 20:00:00,DK1,114.42,118.16122,3.7412186
2024-08-02 20:00:00,DK2,114.42,112.993256,-1.4267426
2024-08-02 21:00:00,DK1,99.01,105.07283,6.062828
2024-08-02 21:00:00,DK2,99.01,103.6942,4.6841965
2024-08-02 22:00:00,DK1,102.65,95.42049,-7.229515
2024-08-02 22:00:00,DK2,102.65,97.08923,-5.560768
2024-08-02 23:00:00,DK1,99.14,96.87259,-2.2674103
2024-08-02 23:00:00,DK2,99.14,98.114395,-1.0256042
2024-08-03 00:00:00,DK1,93.3,96.64708,3.3470764
2024-08-03 00:00:00,DK2,93.3,95.6839,2.3838959
2024-08-03 01:00:00,DK1,89.1,92.46266,3.3626633
2024-08-03 01:00:00,DK2,89.1,90.15871,1.0587082
2024-08-03 02:00:00,DK1,86.31,86.89029,0.58029175
2024-08-03 02:00:00,DK2,86.31,88.00107,1.6910706
2024-08-03 03:00:00,DK1,92.1,87.31004,-4.789955
2024-08-03 03:00:00,DK2,92.1,87.1763,-4.9236984
2024-08-03 04:00:00,DK1,99.9,90.44252,-9.457481
2024-08-03 04:00:00,DK2,99.9,93.783516,-6.1164856
2024-08-03 05:00:00,DK1,95.51,97.57172,2.0617142
2024-08-03 05:00:00,DK2,95.51,97.26114,1.7511368
2024-08-03 06:00:00,DK1,84.5,92.34117,7.8411713
2024-08-03 06:00:00,DK2,84.5,86.10359,1.6035919
2024-08-03 07:00:00,DK1,66.06,71.25925,5.1992493
2024-08-03 07:00:00,DK2,66.06,57.579216,-8.480782
2024-08-03 08:00:00,DK1,32.44,37.73227,5.2922707
2024-08-03 08:00:00,DK2,32.44,25.93973,-6.500269
2024-08-03 09:00:00,DK1,20.36,12.974211,-7.38579
2024-08-03 09:00:00,DK2,20.36,10.764092,-9.595908
2024-08-03 10:00:00,DK1,14.66,6.4395466,-8.220453
2024-08-03 10:00:00,DK2,14.66,7.1783195,-7.4816804
2024-08-03 11:00:00,DK1,6.41,4.610026,-1.799974
2024-08-03 11:00:00,DK2,6.41,4.2177005,-2.1922994
2024-08-03 12:00:00,DK1,4.1,1.9930737,-2.1069262
2024-08-03 12:00:00,DK2,4.1,2.2712655,-1.8287344
2024-08-03 13:00:00,DK1,12.38,3.9657001,-8.4143
2024-08-03 13:00:00,DK2,13.25,8.452022,-4.7979784
2024-08-03 14:00:00,DK1,32.44,29.379595,-3.0604038
2024-08-03 14:00:00,DK2,31.57,30.289701,-1.2802982
2024-08-03 15:00:00,DK1,73.61,77.85391,4.2439117
2024-08-03 15:00:00,DK2,73.61,71.62538,-1.9846191
2024-08-03 16:00:00,DK1,103.55,92.81206,-10.737946
2024-08-03 16:00:00,DK2,103.55,99.36676,-4.183243
2024-08-03 17:00:00,DK1,110.02,114.72836,4.7083664
2024-08-03 17:00:00,DK2,110.02,116.01775,5.997757
2024-08-03 18:00:00,DK1,119.9,117.6311,-2.268898
2024-08-03 18:00:00,DK2,124.64,118.07106,-6.568939
2024-08-03 19:00:00,DK1,130.85,116.80632,-14.043686
2024-08-03 19:00:00,DK2,136.64,120.84936,-15.790642
2024-08-03 20:00:00,DK1,119.2,123.622894,4.4228973
2024-08-03 20:00:00,DK2,119.2,119.53496,0.33496094
2024-08-03 21:00:00,DK1,101.3,113.80087,12.50087
2024-08-03 21:00:00,DK2,101.3,111.82991,10.529907
2024-08-03 22:00:00,DK1,110.21,101.03679,-9.17321
2024-08-03 22:00:00,DK2,110.21,98.5544,-11.6556015
2024-08-03 23:00:00,DK1,101.34,98.32103,-3.0189667
2024-08-03 23:00:00,DK2,101.34,102.81084,1.4708405
2024-08-04 00:00:00,DK1,96.9,98.593506,1.6935043
2024-08-04 00:00:00,DK2,96.9,97.20482,0.3048172
2024-08-04 01:00:00,DK1,92.68,93.485954,0.805954
2024-08-04 01:00:00,DK2,92.68,95.8375,3.1575012
2024-08-04 02:00:00,DK1,88.57,90.80348,2.2334824
2024-08-04 02:00:00,DK2,88.57,91.77744,3.2074432
2024-08-04 03:00:00,DK1,83.0,89.73105,6.7310486
2024-08-04 03:00:00,DK2,83.0,95.81926,12.81926
2024-08-04 04:00:00,DK1,77.7,99.258835,21.558838
2024-08-04 04:00:00,DK2,77.7,97.65866,19.958664
2024-08-04 05:00:00,DK1,73.2,93.701454,20.501457
2024-08-04 05:00:00,DK2,73.2,76.983894,3.7838974
2024-08-04 06:00:00,DK1,63.93,64.529495,0.59949493
2024-08-04 06:00:00,DK2,63.93,56.645386,-7.2846146
2024-08-04 07:00:00,DK1,28.11,42.728806,14.618805
2024-08-04 07:00:00,DK2,20.93,32.288017,11.358017
2024-08-04 08:00:00,DK1,8.05,18.95623,10.90623
2024-08-04 08:00:00,DK2,15.23,11.721412,-3.5085878
2024-08-04 09:00:00,DK1,2.05,5.5335245,3.4835246
2024-08-04 09:00:00,DK2,2.94,4.628169,1.688169
2024-08-04 10:00:00,DK1,0.06,0.6952137,0.6352137
2024-08-04 10:00:00,DK2,1.05,0.37949824,-0.6705017
2024-08-04 11:00:00,DK1,-0.04,-2.1830716,-2.1430717
2024-08-04 11:00:00,DK2,-0.02,-1.6745586,-1.6545587
2024-08-04 12:00:00,DK1,-2.14,-2.502162,-0.36216187
2024-08-04 12:00:00,DK2,-1.08,-1.0368435,0.043156505
2024-08-04 13:00:00,DK1,-0.01,0.030064106,0.040064104
2024-08-04 13:00:00,DK2,-0.01,3.746842,3.756842
2024-08-04 14:00:00,DK1,1.0,14.842293,13.842293
2024-08-04 14:00:00,DK2,2.99,10.778154,7.7881546
2024-08-04 15:00:00,DK1,22.46,24.548176,2.0881767
2024-08-04 15:00:00,DK2,21.92,23.7591,1.8390999
2024-08-04 16:00:00,DK1,65.2,63.199142,-2.0008545
2024-08-04 16:00:00,DK2,65.2,59.7041,-5.4958954
2024-08-04 17:00:00,DK1,86.4,87.389175,0.9891739
2024-08-04 17:00:00,DK2,86.4,83.45421,-2.9457932
2024-08-04 18:00:00,DK1,89.18,91.3757,2.1957016
2024-08-04 18:00:00,DK2,89.18,93.30386,4.123863
2024-08-04 19:00:00,DK1,94.9,94.28992,-0.61008453
2024-08-04 19:00:00,DK2,94.9,95.02571,0.12570953
2024-08-04 20:00:00,DK1,90.2,96.0782,5.8782043
2024-08-04 20:00:00,DK2,90.2,96.197105,5.9971085
2024-08-04 21:00:00,DK1,66.32,86.63932,20.31932
2024-08-04 21:00:00,DK2,66.32,84.24805,17.928047
2024-08-04 22:00:00,DK1,47.7,66.859085,19.159084
2024-08-04 22:00:00,DK2,47.7,52.62166,4.9216576
2024-08-04 23:00:00,DK1,45.93,36.746056,-9.183945
2024-08-04 23:00:00,DK2,45.93,36.36631,-9.56369
2024-08-05 00:00:00,DK1,43.43,36.10115,-7.32885
2024-08-05 00:00:00,DK2,43.43,33.752495,-9.6775055
2024-08-05 01:00:00,DK1,44.36,42.37877,-1.9812317
2024-08-05 01:00:00,DK2,44.36,47.469246,3.1092453
2024-08-05 02:00:00,DK1,47.07,56.928596,9.858597
2024-08-05 02:00:00,DK2,47.07,45.466217,-1.6037827
2024-08-05 03:00:00,DK1,75.58,51.827637,-23.752365
2024-08-05 03:00:00,DK2,75.58,64.40653,-11.17347
2024-08-05 04:00:00,DK1,118.98,89.94297,-29.037033
2024-08-05 04:00:00,DK2,118.98,99.382805,-19.597198
2024-08-05 05:00:00,DK1,136.75,123.361244,-13.388756
2024-08-05 05:00:00,DK2,136.75,127.45416,-9.295837
2024-08-05 06:00:00,DK1,113.97,127.8695,13.899498
2024-08-05 06:00:00,DK2,113.97,108.835594,-5.134407
2024-08-05 07:00:00,DK1,102.83,91.08771,-11.742294
2024-08-05 07:00:00,DK2,102.83,93.34706,-9.482941
2024-08-05 08:00:00,DK1,74.5,85.74612,11.246117
2024-08-05 08:00:00,DK2,74.5,78.67425,4.1742477
2024-08-05 09:00:00,DK1,64.3,62.106766,-2.1932373
2024-08-05 09:00:00,DK2,64.3,60.080498,-4.2195053
2024-08-05 10:00:00,DK1,57.12,45.899857,-11.220142
2024-08-05 10:00:00,DK2,57.12,47.621147,-9.498852
2024-08-05 11:00:00,DK1,42.05,47.0,4.950001
2024-08-05 11:00:00,DK2,42.05,47.828064,5.7780647
2024-08-05 12:00:00,DK1,36.35,49.98549,13.63549
2024-08-05 12:00:00,DK2,36.35,41.5651,5.215103
2024-08-05 13:00:00,DK1,51.43,46.195335,-5.234665
2024-08-05 13:00:00,DK2,51.43,51.419968,-0.010032654
2024-08-05 14:00:00,DK1,70.1,81.073906,10.973907
2024-08-05 14:00:00,DK2,70.1,76.03084,5.9308395
2024-08-05 15:00:00,DK1,85.4,87.18926,1.7892609
2024-08-05 15:00:00,DK2,85.4,83.68901,-1.7109909
2024-08-05 16:00:00,DK1,108.97,112.17941,3.2094116
2024-08-05 16:00:00,DK2,108.97,115.31091,6.340912
2024-08-05 17:00:00,DK1,152.76,144.4364,-8.323593
2024-08-05 17:00:00,DK2,152.76,153.67834,0.9183502
2024-08-05 18:00:00,DK1,250.01,165.65675,-84.35324
2024-08-05 18:00:00,DK2,250.01,170.78064,-79.229355
2024-08-05 19:00:00,DK1,170.93,171.3505,0.4205017
2024-08-05 19:00:00,DK2,170.93,169.79745,-1.1325378
2024-08-05 20:00:00,DK1,120.3,140.73306,20.43306
2024-08-05 20:00:00,DK2,120.3,128.26785,7.9678497
2024-08-05 21:00:00,DK1,102.92,113.15204,10.23204
2024-08-05 21:00:00,DK2,102.92,107.78959,4.8695908
2024-08-05 22:00:00,DK1,103.09,97.65328,-5.436714
2024-08-05 22:00:00,DK2,103.09,96.9026,-6.187393
2024-08-05 23:00:00,DK1,95.57,93.01326,-2.5567398
2024-08-05 23:00:00,DK2,95.57,96.876335,1.3063354
2024-08-06 00:00:00,DK1,89.24,95.32888,6.0888824
2024-08-06 00:00:00,DK2,89.24,92.39018,3.1501846
2024-08-06 01:00:00,DK1,85.24,89.487045,4.2470474
2024-08-06 01:00:00,DK2,85.24,87.13901,1.8990097
2024-08-06 02:00:00,DK1,85.76,86.17176,0.41175842
2024-08-06 02:00:00,DK2,85.76,85.42142,-0.3385849
2024-08-06 03:00:00,DK1,95.77,92.47914,-3.2908554
2024-08-06 03:00:00,DK2,95.77,91.98217,-3.7878265
2024-08-06 04:00:00,DK1,123.86,108.24436,-15.615639
2024-08-06 04:00:00,DK2,123.86,117.77327,-6.086731
2024-08-06 05:00:00,DK1,126.04,143.25862,17.21862
2024-08-06 05:00:00,DK2,126.04,136.5397,10.499702
2024-08-06 06:00:00,DK1,85.29,126.33174,41.04174
2024-08-06 06:00:00,DK2,85.29,105.51727,20.227272
2024-08-06 07:00:00,DK1,74.51,72.839264,-1.6707382
2024-08-06 07:00:00,DK2,74.51,75.65348,1.1434784
2024-08-06 08:00:00,DK1,36.04,60.29962,24.25962
2024-08-06 08:00:00,DK2,35.22,50.91722,15.69722
2024-08-06 09:00:00,DK1,21.43,29.208015,7.778015
2024-08-06 09:00:00,DK2,22.75,21.93774,-0.8122597
2024-08-06 10:00:00,DK1,15.86,15.069972,-0.7900276
2024-08-06 10:00:00,DK2,15.86,16.143085,0.28308582
2024-08-06 11:00:00,DK1,2.95,8.303401,5.353401
2024-08-06 11:00:00,DK2,4.49,6.4369836,1.9469838
2024-08-06 12:00:00,DK1,4.79,3.5675662,-1.2224338
2024-08-06 12:00:00,DK2,8.78,6.647191,-2.1328087
2024-08-06 13:00:00,DK1,19.44,10.369057,-9.070944
2024-08-06 13:00:00,DK2,19.92,22.061844,2.1418438
2024-08-06 14:00:00,DK1,39.71,49.789017,10.079018
2024-08-06 14:00:00,DK2,39.23,44.027657,4.797657
2024-08-06 15:00:00,DK1,82.19,76.72994,-5.46006
2024-08-06 15:00:00,DK2,82.19,69.769485,-12.420517
2024-08-06 16:00:00,DK1,106.29,91.860054,-14.429947
2024-08-06 16:00:00,DK2,106.29,101.55163,-4.738373
2024-08-06 17:00:00,DK1,174.58,128.95963,-45.620377
2024-08-06 17:00:00,DK2,174.58,147.22919,-27.350815
2024-08-06 18:00:00,DK1,230.85,168.46884,-62.381165
2024-08-06 18:00:00,DK2,230.85,170.9589,-59.891113
2024-08-06 19:00:00,DK1,170.45,171.2395,0.789505
2024-08-06 19:00:00,DK2,170.45,166.93393,-3.5160675
2024-08-06 20:00:00,DK1,118.54,134.3996,15.859596
2024-08-06 20:00:00,DK2,118.54,131.36264,12.822639
2024-08-06 21:00:00,DK1,100.03,103.288414,3.2584152
2024-08-06 21:00:00,DK2,100.03,94.81435,-5.2156525
2024-08-06 22:00:00,DK1,91.39,98.72963,7.33963
2024-08-06 22:00:00,DK2,91.39,93.88253,2.4925308
2024-08-06 23:00:00,DK1,83.24,90.995834,7.7558365
2024-08-06 23:00:00,DK2,83.24,87.57976,4.33976
2024-08-07 00:00:00,DK1,79.29,88.69696,9.40696
2024-08-07 00:00:00,DK2,79.29,86.73889,7.4488907
2024-08-07 01:00:00,DK1,83.24,87.58779,4.3477936
2024-08-07 01:00:00,DK2,83.24,78.85721,-4.3827896
2024-08-07 02:00:00,DK1,86.43,87.43565,1.0056534
2024-08-07 02:00:00,DK2,86.43,82.28548,-4.1445236
2024-08-07 03:00:00,DK1,104.36,91.668365,-12.691635
2024-08-07 03:00:00,DK2,104.36,95.36334,-8.996658
2024-08-07 04:00:00,DK1,126.07,115.88899,-10.181007
2024-08-07 04:00:00,DK2,126.07,125.07023,-0.9997711
2024-08-07 05:00:00,DK1,127.98,143.8722,15.892189
2024-08-07 05:00:00,DK2,127.98,135.18051,7.200508
2024-08-07 06:00:00,DK1,109.06,125.69332,16.633324
2024-08-07 06:00:00,DK2,109.06,117.83219,8.772194
2024-08-07 07:00:00,DK1,88.91,97.57848,8.66848
2024-08-07 07:00:00,DK2,88.91,92.462975,3.552971
2024-08-07 08:00:00,DK1,73.56,80.80001,7.240013
2024-08-07 08:00:00,DK2,73.56,73.882576,0.32257843
2024-08-07 09:00:00,DK1,62.49,65.766846,3.276844
2024-08-07 09:00:00,DK2,62.49,61.903496,-0.5865059
2024-08-07 10:00:00,DK1,42.14,57.134148,14.994148
2024-08-07 10:00:00,DK2,42.14,47.153587,5.013588
2024-08-07 11:00:00,DK1,35.05,34.126022,-0.9239769
2024-08-07 11:00:00,DK2,35.05,29.780966,-5.2690334
2024-08-07 12:00:00,DK1,51.19,27.663792,-23.526207
2024-08-07 12:00:00,DK2,51.19,42.33954,-8.85046
2024-08-07 13:00:00,DK1,69.28,77.3265,8.046501
2024-08-07 13:00:00,DK2,69.28,75.90197,6.621971
2024-08-07 14:00:00,DK1,85.74,87.97769,2.2376938
2024-08-07 14:00:00,DK2,85.74,86.47464,0.734642
2024-08-07 15:00:00,DK1,105.2,94.641426,-10.558571
2024-08-07 15:00:00,DK2,105.2,95.66965,-9.53035
2024-08-07 16:00:00,DK1,106.41,124.71943,18.309425
2024-08-07 16:00:00,DK2,106.41,122.14734,15.737335
2024-08-07 17:00:00,DK1,119.75,149.08972,29.339722
2024-08-07 17:00:00,DK2,119.75,139.55063,19.800629
2024-08-07 18:00:00,DK1,149.28,135.47952,-13.800476
2024-08-07 18:00:00,DK2,149.28,135.92596,-13.354034
2024-08-07 19:00:00,DK1,134.25,144.39575,10.145752
2024-08-07 19:00:00,DK2,134.25,130.2418,-4.008194
2024-08-07 20:00:00,DK1,112.74,111.762405,-0.97759247
2024-08-07 20:00:00,DK2,112.74,114.54901,1.8090134
2024-08-07 21:00:00,DK1,102.78,94.54909,-8.230911
2024-08-07 21:00:00,DK2,102.78,99.73903,-3.0409698
2024-08-07 22:00:00,DK1,96.43,99.38548,2.9554825
2024-08-07 22:00:00,DK2,96.43,101.011185,4.5811844
2024-08-07 23:00:00,DK1,88.06,94.71916,6.6591644
2024-08-07 23:00:00,DK2,88.06,92.62033,4.5603333
2024-08-08 00:00:00,DK1,87.36,94.199844,6.8398438
2024-08-08 00:00:00,DK2,87.36,92.364136,5.004135
2024-08-08 01:00:00,DK1,88.06,92.114975,4.0549774
2024-08-08 01:00:00,DK2,88.06,92.29238,4.2323837
2024-08-08 02:00:00,DK1,88.27,92.41553,4.1455307
2024-08-08 02:00:00,DK2,88.27,89.02544,0.75543976
2024-08-08 03:00:00,DK1,96.11,92.79411,-3.3158875
2024-08-08 03:00:00,DK2,96.11,97.61601,1.506012
2024-08-08 04:00:00,DK1,110.93,108.39049,-2.5395126
2024-08-08 04:00:00,DK2,110.93,119.165054,8.235054
2024-08-08 05:00:00,DK1,124.93,136.88335,11.953346
2024-08-08 05:00:00,DK2,124.93,138.10724,13.177238
2024-08-08 06:00:00,DK1,114.41,124.56293,10.152924
2024-08-08 06:00:00,DK2,114.41,111.54296,-2.8670425
2024-08-08 07:00:00,DK1,106.84,88.433876,-18.40612
2024-08-08 07:00:00,DK2,106.84,97.28165,-9.55835
2024-08-08 08:00:00,DK1,86.1,87.97612,1.8761215
2024-08-08 08:00:00,DK2,86.1,85.217674,-0.8823242
2024-08-08 09:00:00,DK1,71.6,73.32981,1.7298126
2024-08-08 09:00:00,DK2,71.6,73.596115,1.9961166
2024-08-08 10:00:00,DK1,56.9,61.786354,4.8863525
2024-08-08 10:00:00,DK2,57.09,62.55847,5.4684715
2024-08-08 11:00:00,DK1,40.49,51.293808,10.803806
2024-08-08 11:00:00,DK2,40.49,44.750366,4.2603645
2024-08-08 12:00:00,DK1,32.18,36.74623,4.566231
2024-08-08 12:00:00,DK2,32.18,36.540916,4.360916
2024-08-08 13:00:00,DK1,40.24,43.877914,3.6379128
2024-08-08 13:00:00,DK2,40.24,42.746788,2.5067863
2024-08-08 14:00:00,DK1,57.45,53.987007,-3.4629936
2024-08-08 14:00:00,DK2,57.81,60.64145,2.8314476
2024-08-08 15:00:00,DK1,80.52,81.662056,1.1420593
2024-08-08 15:00:00,DK2,80.52,82.925865,2.4058685
2024-08-08 16:00:00,DK1,101.92,100.45038,-1.4696198
2024-08-08 16:00:00,DK2,101.92,115.56917,13.64917
2024-08-08 17:00:00,DK1,138.49,141.67833,3.188324
2024-08-08 17:00:00,DK2,138.49,142.33527,3.8452606
2024-08-08 18:00:00,DK1,197.31,133.28491,-64.025085
2024-08-08 18:00:00,DK2,197.31,146.51358,-50.796417
2024-08-08 19:00:00,DK1,135.0,164.6777,29.677704
2024-08-08 19:00:00,DK2,135.0,156.32135,21.32135
2024-08-08 20:00:00,DK1,102.0,131.32639,29.326385
2024-08-08 20:00:00,DK2,102.0,113.93346,11.933456
2024-08-08 21:00:00,DK1,93.56,92.42344,-1.1365585
2024-08-08 21:00:00,DK2,93.56,93.5399,-0.020095825
2024-08-08 22:00:00,DK1,98.12,84.85939,-13.2606125
2024-08-08 22:00:00,DK2,101.22,90.34392,-10.876083
2024-08-08 23:00:00,DK1,73.76,91.35799,17.597984
2024-08-08 23:00:00,DK2,81.91,85.41905,3.5090485
2024-08-09 00:00:00,DK1,32.46,74.29494,41.834938
2024-08-09 00:00:00,DK2,65.73,57.499756,-8.2302475
2024-08-09 01:00:00,DK1,21.15,39.26243,18.112429
2024-08-09 01:00:00,DK2,62.76,28.40468,-34.355316
2024-08-09 02:00:00,DK1,10.99,22.298922,11.308922
2024-08-09 02:00:00,DK2,52.03,32.095444,-19.934555
2024-08-09 03:00:00,DK1,4.21,26.672606,22.462605
2024-08-09 03:00:00,DK2,38.85,34.988434,-3.8615646
2024-08-09 04:00:00,DK1,13.03,22.472506,9.442506
2024-08-09 04:00:00,DK2,78.08,28.810156,-49.269844
2024-08-09 05:00:00,DK1,16.81,35.175728,18.365728
2024-08-09 05:00:00,DK2,86.29,50.391174,-35.898827
2024-08-09 06:00:00,DK1,21.31,36.116066,14.8060665
2024-08-09 06:00:00,DK2,57.97,46.906548,-11.063454
2024-08-09 07:00:00,DK1,29.15,26.739374,-2.4106255
2024-08-09 07:00:00,DK2,29.15,36.764084,7.6140842
2024-08-09 08:00:00,DK1,8.98,19.869404,10.889404
2024-08-09 08:00:00,DK2,8.76,18.063465,9.303465
2024-08-09 09:00:00,DK1,0.6,7.802345,7.202345
2024-08-09 09:00:00,DK2,2.98,5.754816,2.774816
2024-08-09 10:00:00,DK1,-0.03,2.440451,2.4704509
2024-08-09 10:00:00,DK2,0.05,2.3598187,2.3098187
2024-08-09 11:00:00,DK1,-0.16,0.49418306,0.65418303
2024-08-09 11:00:00,DK2,-0.16,0.1254512,0.2854512
2024-08-09 12:00:00,DK1,-0.8,-1.3847268,-0.58472675
2024-08-09 12:00:00,DK2,-0.8,-0.54287386,0.25712615
2024-08-09 13:00:00,DK1,-0.11,-1.052568,-0.94256794
2024-08-09 13:00:00,DK2,-0.11,0.5698652,0.67986524
2024-08-09 14:00:00,DK1,-0.01,0.32859302,0.338593
2024-08-09 14:00:00,DK2,-0.01,1.0412245,1.0512245
2024-08-09 15:00:00,DK1,2.55,1.58606,-0.9639399
2024-08-09 15:00:00,DK2,2.62,3.4192874,0.79928756
2024-08-09 16:00:00,DK1,16.16,18.919249,2.7592487
2024-08-09 16:00:00,DK2,16.1,13.4030075,-2.6969929
2024-08-09 17:00:00,DK1,25.27,10.061862,-15.208138
2024-08-09 17:00:00,DK2,25.27,13.984367,-11.285633
2024-08-09 18:00:00,DK1,29.16,42.47854,13.318539
2024-08-09 18:00:00,DK2,29.16,22.511335,-6.6486645
2024-08-09 19:00:00,DK1,27.58,28.235844,0.65584373
2024-08-09 19:00:00,DK2,27.58,17.173141,-10.406858
2024-08-09 20:00:00,DK1,26.0,13.840901,-12.159099
2024-08-09 20:00:00,DK2,26.0,9.240426,-16.759575
2024-08-09 21:00:00,DK1,30.41,10.32548,-20.084518
2024-08-09 21:00:00,DK2,30.41,9.719101,-20.690899
2024-08-09 22:00:00,DK1,20.06,15.971317,-4.088682
2024-08-09 22:00:00,DK2,20.06,9.229323,-10.830676
2024-08-09 23:00:00,DK1,23.12,8.9291115,-14.190889
2024-08-09 23:00:00,DK2,23.12,8.740267,-14.379734
2024-08-10 00:00:00,DK1,15.76,13.249491,-2.5105095
2024-08-10 00:00:00,DK2,15.76,8.834698,-6.9253025
2024-08-10 01:00:00,DK1,9.53,8.180206,-1.3497934
2024-08-10 01:00:00,DK2,9.53,7.027738,-2.5022616
2024-08-10 02:00:00,DK1,8.98,6.0729375,-2.907062
2024-08-10 02:00:00,DK2,8.98,5.058893,-3.9211063
2024-08-10 03:00:00,DK1,8.59,4.7685127,-3.8214874
2024-08-10 03:00:00,DK2,8.59,4.182848,-4.407152
2024-08-10 04:00:00,DK1,11.77,4.375318,-7.3946824
2024-08-10 04:00:00,DK2,11.77,5.898571,-5.8714294
2024-08-10 05:00:00,DK1,16.03,7.9581146,-8.071886
2024-08-10 05:00:00,DK2,16.03,8.279712,-7.750289
2024-08-10 06:00:00,DK1,15.01,5.964073,-9.045927
2024-08-10 06:00:00,DK2,15.01,7.3241706,-7.6858296
2024-08-10 07:00:00,DK1,0.2,4.1859813,3.9859812
2024-08-10 07:00:00,DK2,0.2,1.8332322,1.6332321
2024-08-10 08:00:00,DK1,-3.0,-2.2402077,0.7597923
2024-08-10 08:00:00,DK2,-3.0,-4.366319,-1.3663192
2024-08-10 09:00:00,DK1,-12.2,-7.496086,4.7039137
2024-08-10 09:00:00,DK2,-12.2,-9.6696205,2.5303793
2024-08-10 10:00:00,DK1,-22.49,-11.254524,11.235476
2024-08-10 10:00:00,DK2,-22.49,-12.5278015,9.962198
2024-08-10 11:00:00,DK1,-40.77,-12.702316,28.067684
2024-08-10 11:00:00,DK2,-40.77,-12.816662,27.953339
2024-08-10 12:00:00,DK1,-40.09,-12.54256,27.54744
2024-08-10 12:00:00,DK2,-40.09,-11.762283,28.327717
2024-08-10 13:00:00,DK1,-29.67,-10.809429,18.86057
2024-08-10 13:00:00,DK2,-29.67,-8.157141,21.51286
2024-08-10 14:00:00,DK1,-8.2,-5.9771137,2.222886
2024-08-10 14:00:00,DK2,-8.13,-1.9572525,6.1727476
2024-08-10 15:00:00,DK1,0.07,4.6063924,4.536392
2024-08-10 15:00:00,DK2,0.0,4.7216454,4.7216454
2024-08-10 16:00:00,DK1,11.81,17.294134,5.4841337
2024-08-10 16:00:00,DK2,11.81,23.140966,11.330966
2024-08-10 17:00:00,DK1,20.08,31.059368,10.979368
2024-08-10 17:00:00,DK2,20.08,16.235504,-3.8444958
2024-08-10 18:00:00,DK1,42.84,20.247398,-22.592602
2024-08-10 18:00:00,DK2,42.84,48.04805,5.20805
2024-08-10 19:00:00,DK1,39.86,107.961975,68.101974
2024-08-10 19:00:00,DK2,39.86,59.72448,19.86448
2024-08-10 20:00:00,DK1,48.45,24.312162,-24.137838
2024-08-10 20:00:00,DK2,48.45,43.456696,-4.993305
2024-08-10 21:00:00,DK1,42.97,64.57802,21.608017
2024-08-10 21:00:00,DK2,42.97,42.14306,-0.82694244
2024-08-10 22:00:00,DK1,46.3,26.499708,-19.800291
2024-08-10 22:00:00,DK2,46.3,33.125214,-13.174786
2024-08-10 23:00:00,DK1,44.76,47.862465,3.1024666
2024-08-10 23:00:00,DK2,40.86,35.523125,-5.336876
2024-08-11 00:00:00,DK1,44.09,31.068531,-13.021469
2024-08-11 00:00:00,DK2,16.91,32.550728,15.640728
2024-08-11 01:00:00,DK1,45.37,30.247885,-15.122114
2024-08-11 01:00:00,DK2,16.9,23.647821,6.747822
2024-08-11 02:00:00,DK1,45.34,36.550423,-8.7895775
2024-08-11 02:00:00,DK2,16.76,22.442904,5.6829033
2024-08-11 03:00:00,DK1,45.91,34.3089,-11.601101
2024-08-11 03:00:00,DK2,17.01,25.959803,8.949802
2024-08-11 04:00:00,DK1,48.94,42.32672,-6.6132774
2024-08-11 04:00:00,DK2,17.79,27.159756,9.369755
2024-08-11 05:00:00,DK1,69.73,39.42843,-30.301575
2024-08-11 05:00:00,DK2,3.0,37.587624,34.587624
2024-08-11 06:00:00,DK1,27.8,45.43405,17.634052
2024-08-11 06:00:00,DK2,2.97,15.652575,12.682574
2024-08-11 07:00:00,DK1,0.0,8.954936,8.954936
2024-08-11 07:00:00,DK2,0.0,1.5469443,1.5469443
2024-08-11 08:00:00,DK1,-5.01,-2.4804196,2.5295806
2024-08-11 08:00:00,DK2,-5.0,-6.0769176,-1.0769176
2024-08-11 09:00:00,DK1,-14.99,-9.410632,5.5793676
2024-08-11 09:00:00,DK2,-14.99,-11.393499,3.5965004
2024-08-11 10:00:00,DK1,-32.04,-12.969966,19.070034
2024-08-11 10:00:00,DK2,-32.04,-13.613857,18.426144
2024-08-11 11:00:00,DK1,-59.96,-13.78639,46.173607
2024-08-11 11:00:00,DK2,-59.96,-13.711201,46.2488
2024-08-11 12:00:00,DK1,-50.09,-13.616929,36.473072
2024-08-11 12:00:00,DK2,-39.94,-13.194149,26.74585
2024-08-11 13:00:00,DK1,-31.42,-12.816151,18.60385
2024-08-11 13:00:00,DK2,-24.53,-10.726946,13.803055
2024-08-11 14:00:00,DK1,-4.97,-6.89194,-1.9219403
2024-08-11 14:00:00,DK2,-4.31,-0.42124033,3.8887596
2024-08-11 15:00:00,DK1,1.46,27.649286,26.189285
2024-08-11 15:00:00,DK2,0.79,16.461733,15.671733
2024-08-11 16:00:00,DK1,88.14,38.64289,-49.49711
2024-08-11 16:00:00,DK2,88.14,67.66546,-20.47454
2024-08-11 17:00:00,DK1,128.8,122.13039,-6.6696167
2024-08-11 17:00:00,DK2,128.8,121.69567,-7.104332
2024-08-11 18:00:00,DK1,137.18,144.6348,7.4548035
2024-08-11 18:00:00,DK2,137.18,145.34418,8.164185
2024-08-11 19:00:00,DK1,126.15,154.80559,28.655586
2024-08-11 19:00:00,DK2,126.15,133.07538,6.925377
2024-08-11 20:00:00,DK1,109.99,102.36528,-7.6247177
2024-08-11 20:00:00,DK2,109.99,107.6859,-2.3041
2024-08-11 21:00:00,DK1,97.28,101.79591,4.515915
2024-08-11 21:00:00,DK2,97.28,100.48862,3.2086182
2024-08-11 22:00:00,DK1,104.98,94.44148,-10.538521
2024-08-11 22:00:00,DK2,104.98,99.101654,-5.8783493
2024-08-11 23:00:00,DK1,94.62,99.74863,5.128624
2024-08-11 23:00:00,DK2,94.62,99.00634,4.3863373
2024-08-12 00:00:00,DK1,85.3,95.204315,9.904312
2024-08-12 00:00:00,DK2,85.3,93.04675,7.74675
2024-08-12 01:00:00,DK1,86.6,90.29826,3.698265
2024-08-12 01:00:00,DK2,86.6,84.94272,-1.65728
2024-08-12 02:00:00,DK1,88.85,88.572334,-0.27766418
2024-08-12 02:00:00,DK2,88.85,90.01123,1.161232
2024-08-12 03:00:00,DK1,114.54,91.34384,-23.19616
2024-08-12 03:00:00,DK2,114.54,93.78995,-20.750053
2024-08-12 04:00:00,DK1,153.82,109.86153,-43.95848
2024-08-12 04:00:00,DK2,153.82,126.07784,-27.742165
2024-08-12 05:00:00,DK1,153.82,157.16055,3.3405457
2024-08-12 05:00:00,DK2,153.82,167.14796,13.327957
2024-08-12 06:00:00,DK1,115.25,160.58105,45.331055
2024-08-12 06:00:00,DK2,115.25,132.01625,16.76625
2024-08-12 07:00:00,DK1,69.9,101.64343,31.743431
2024-08-12 07:00:00,DK2,69.9,97.939575,28.039574
2024-08-12 08:00:00,DK1,40.12,72.26353,32.143528
2024-08-12 08:00:00,DK2,40.12,54.334526,14.214527
2024-08-12 09:00:00,DK1,16.04,27.008354,10.968353
2024-08-12 09:00:00,DK2,16.04,14.152702,-1.8872986
2024-08-12 10:00:00,DK1,10.06,6.9030395,-3.156961
2024-08-12 10:00:00,DK2,10.06,8.20382,-1.8561802
2024-08-12 11:00:00,DK1,6.98,6.280401,-0.6995988
2024-08-12 11:00:00,DK2,6.98,8.749295,1.7692952
2024-08-12 12:00:00,DK1,13.8,10.195167,-3.6048336
2024-08-12 12:00:00,DK2,13.8,13.791983,-0.00801754
2024-08-12 13:00:00,DK1,27.87,28.192907,0.3229065
2024-08-12 13:00:00,DK2,27.87,24.124361,-3.7456398
2024-08-12 14:00:00,DK1,48.65,57.25541,8.605408
2024-08-12 14:00:00,DK2,48.65,46.104805,-2.5451965
2024-08-12 15:00:00,DK1,89.29,78.476776,-10.813225
2024-08-12 15:00:00,DK2,89.29,73.63858,-15.651421
2024-08-12 16:00:00,DK1,122.78,98.33157,-24.448425
2024-08-12 16:00:00,DK2,122.78,106.26416,-16.515839
2024-08-12 17:00:00,DK1,206.02,145.63063,-60.389374
2024-08-12 17:00:00,DK2,206.02,166.66824,-39.35176
2024-08-12 18:00:00,DK1,224.84,171.20395,-53.636047
2024-08-12 18:00:00,DK2,224.84,171.35327,-53.486725
2024-08-12 19:00:00,DK1,128.34,171.09119,42.75119
2024-08-12 19:00:00,DK2,128.34,146.37338,18.033386
2024-08-12 20:00:00,DK1,106.88,103.573975,-3.3060226
2024-08-12 20:00:00,DK2,106.88,109.2218,2.3418045
2024-08-12 21:00:00,DK1,100.05,97.172455,-2.8775482
2024-08-12 21:00:00,DK2,100.05,91.88081,-8.169189
2024-08-12 22:00:00,DK1,99.38,86.335724,-13.044273
2024-08-12 22:00:00,DK2,99.38,98.76125,-0.6187439
2024-08-12 23:00:00,DK1,87.72,100.662506,12.942505
2024-08-12 23:00:00,DK2,87.72,81.50757,-6.212433
2024-08-13 00:00:00,DK1,81.25,63.920105,-17.329895
2024-08-13 00:00:00,DK2,81.25,73.07158,-8.178421
2024-08-13 01:00:00,DK1,67.43,70.58083,3.1508331
2024-08-13 01:00:00,DK2,67.43,65.801216,-1.6287842
2024-08-13 02:00:00,DK1,67.43,73.687096,6.2570953
2024-08-13 02:00:00,DK2,67.43,73.58802,6.15802
2024-08-13 03:00:00,DK1,86.11,75.90689,-10.20311
2024-08-13 03:00:00,DK2,86.11,77.57257,-8.53743
2024-08-13 04:00:00,DK1,124.21,97.5859,-26.6241
2024-08-13 04:00:00,DK2,124.21,104.42931,-19.780685
2024-08-13 05:00:00,DK1,116.59,117.55465,0.964653
2024-08-13 05:00:00,DK2,116.59,127.06688,10.476883
2024-08-13 06:00:00,DK1,106.41,132.1123,25.702301
2024-08-13 06:00:00,DK2,115.07,115.805,0.7350006
2024-08-13 07:00:00,DK1,68.01,86.13261,18.122604
2024-08-13 07:00:00,DK2,68.01,88.529686,20.519684
2024-08-13 08:00:00,DK1,55.28,61.81423,6.534233
2024-08-13 08:00:00,DK2,67.42,56.679314,-10.7406845
2024-08-13 09:00:00,DK1,47.07,38.700394,-8.369606
2024-08-13 09:00:00,DK2,55.94,44.609314,-11.330685
2024-08-13 10:00:00,DK1,43.01,45.302353,2.2923546
2024-08-13 10:00:00,DK2,43.01,54.311035,11.301037
2024-08-13 11:00:00,DK1,40.37,59.421646,19.051647
2024-08-13 11:00:00,DK2,40.37,41.93814,1.5681419
2024-08-13 12:00:00,DK1,47.86,35.310722,-12.549278
2024-08-13 12:00:00,DK2,47.86,35.626823,-12.233177
2024-08-13 13:00:00,DK1,38.21,61.094276,22.884277
2024-08-13 13:00:00,DK2,38.21,46.699326,8.4893265
2024-08-13 14:00:00,DK1,63.03,42.96559,-20.064407
2024-08-13 14:00:00,DK2,63.03,54.70765,-8.32235
2024-08-13 15:00:00,DK1,105.0,100.33573,-4.6642685
2024-08-13 15:00:00,DK2,105.0,102.822876,-2.177124
2024-08-13 16:00:00,DK1,118.3,125.49021,7.1902084
2024-08-13 16:00:00,DK2,118.3,124.38043,6.080429
2024-08-13 17:00:00,DK1,189.46,154.28087,-35.17914
2024-08-13 17:00:00,DK2,189.46,165.40062,-24.059387
2024-08-13 18:00:00,DK1,192.84,170.76111,-22.078888
2024-08-13 18:00:00,DK2,192.84,163.61597,-29.22403
2024-08-13 19:00:00,DK1,127.22,151.28343,24.06343
2024-08-13 19:00:00,DK2,127.22,132.71664,5.496643
2024-08-13 20:00:00,DK1,111.48,107.85475,-3.6252518
2024-08-13 20:00:00,DK2,111.48,111.40715,-0.07285309
2024-08-13 21:00:00,DK1,104.92,102.054184,-2.8658142
2024-08-13 21:00:00,DK2,104.92,93.482735,-11.4372635
2024-08-13 22:00:00,DK1,87.73,103.51642,15.786415
2024-08-13 22:00:00,DK2,87.73,82.063705,-5.666298
2024-08-13 23:00:00,DK1,90.05,64.21388,-25.83612
2024-08-13 23:00:00,DK2,90.05,70.27624,-19.773766
2024-08-14 00:00:00,DK1,86.6,86.84428,0.24427795
2024-08-14 00:00:00,DK2,86.6,78.225555,-8.374443
2024-08-14 01:00:00,DK1,90.3,79.99356,-10.306442
2024-08-14 01:00:00,DK2,90.3,75.08545,-15.214554
2024-08-14 02:00:00,DK1,93.6,85.514336,-8.085663
2024-08-14 02:00:00,DK2,93.6,86.45815,-7.1418457
2024-08-14 03:00:00,DK1,107.1,94.078766,-13.021233
2024-08-14 03:00:00,DK2,107.1,103.49196,-3.6080399
2024-08-14 04:00:00,DK1,129.74,113.922165,-15.817841
2024-08-14 04:00:00,DK2,129.74,119.69046,-10.049545
2024-08-14 05:00:00,DK1,136.62,137.48209,0.86209106
2024-08-14 05:00:00,DK2,136.62,135.8125,-0.8074951
2024-08-14 06:00:00,DK1,120.96,126.22629,5.2662888
2024-08-14 06:00:00,DK2,120.96,111.36748,-9.592522
2024-08-14 07:00:00,DK1,108.79,98.4476,-10.3424
2024-08-14 07:00:00,DK2,108.79,104.680954,-4.109047
2024-08-14 08:00:00,DK1,83.08,96.41913,13.339127
2024-08-14 08:00:00,DK2,64.85,92.56807,27.718071
2024-08-14 09:00:00,DK1,77.24,81.25722,4.0172195
2024-08-14 09:00:00,DK2,64.76,79.47286,14.71286
2024-08-14 10:00:00,DK1,72.85,70.72016,-2.129837
2024-08-14 10:00:00,DK2,35.87,64.7222,28.8522
2024-08-14 11:00:00,DK1,75.38,65.28094,-10.09906
2024-08-14 11:00:00,DK2,26.32,52.83181,26.51181
2024-08-14 12:00:00,DK1,74.71,71.46648,-3.2435226
2024-08-14 12:00:00,DK2,16.77,41.92839,25.15839
2024-08-14 13:00:00,DK1,81.74,64.58965,-17.150345
2024-08-14 13:00:00,DK2,81.74,37.26928,-44.47072
2024-08-14 14:00:00,DK1,94.36,80.06622,-14.293777
2024-08-14 14:00:00,DK2,94.36,70.58243,-23.777573
2024-08-14 15:00:00,DK1,105.59,86.35431,-19.235687
2024-08-14 15:00:00,DK2,105.59,89.02105,-16.568947
2024-08-14 16:00:00,DK1,111.48,104.3776,-7.1024017
2024-08-14 16:00:00,DK2,111.48,107.16348,-4.3165207
2024-08-14 17:00:00,DK1,161.41,147.7288,-13.681198
2024-08-14 17:00:00,DK2,161.41,152.99588,-8.414124
2024-08-14 18:00:00,DK1,218.92,160.5787,-58.341293
2024-08-14 18:00:00,DK2,218.92,168.47084,-50.449158
2024-08-14 19:00:00,DK1,148.7,171.23198,22.531982
2024-08-14 19:00:00,DK2,148.7,171.17628,22.476288
2024-08-14 20:00:00,DK1,120.43,167.13817,46.708168
2024-08-14 20:00:00,DK2,120.43,145.3515,24.921501
2024-08-14 21:00:00,DK1,109.95,131.38026,21.430267
2024-08-14 21:00:00,DK2,109.95,111.56637,1.6163712
2024-08-14 22:00:00,DK1,110.33,82.54582,-27.78418
2024-08-14 22:00:00,DK2,110.33,97.783714,-12.546288
2024-08-14 23:00:00,DK1,109.66,100.48651,-9.173492
2024-08-14 23:00:00,DK2,109.66,103.20033,-6.459671
2024-08-15 00:00:00,DK1,105.3,101.45614,-3.8438644
2024-08-15 00:00:00,DK2,105.3,102.163666,-3.1363373
2024-08-15 01:00:00,DK1,94.74,99.46088,4.7208786
2024-08-15 01:00:00,DK2,94.74,94.55669,-0.18331146
2024-08-15 02:00:00,DK1,96.02,92.29192,-3.7280731
2024-08-15 02:00:00,DK2,96.02,93.76404,-2.2559586
2024-08-15 03:00:00,DK1,108.91,95.902374,-13.007629
2024-08-15 03:00:00,DK2,108.91,98.0269,-10.883102
2024-08-15 04:00:00,DK1,119.75,113.72563,-6.0243683
2024-08-15 04:00:00,DK2,119.75,121.30709,1.5570908
2024-08-15 05:00:00,DK1,120.71,137.48969,16.779686
2024-08-15 05:00:00,DK2,120.71,141.96326,21.253258
2024-08-15 06:00:00,DK1,114.97,141.09363,26.123627
2024-08-15 06:00:00,DK2,114.97,135.181,20.210999
2024-08-15 07:00:00,DK1,91.12,115.563324,24.443321
2024-08-15 07:00:00,DK2,91.12,106.73011,15.610107
2024-08-15 08:00:00,DK1,59.1,83.44748,24.34748
2024-08-15 08:00:00,DK2,59.1,77.55264,18.452644
2024-08-15 09:00:00,DK1,19.94,53.643295,33.703293
2024-08-15 09:00:00,DK2,19.94,39.740883,19.800882
2024-08-15 10:00:00,DK1,9.86,14.474695,4.6146955
2024-08-15 10:00:00,DK2,9.86,9.843821,-0.016179085
2024-08-15 11:00:00,DK1,0.01,7.1488886,7.1388884
2024-08-15 11:00:00,DK2,4.19,7.749928,3.559928
2024-08-15 12:00:00,DK1,-0.04,3.854246,3.8942459
2024-08-15 12:00:00,DK2,3.18,3.4736383,0.29363823
2024-08-15 13:00:00,DK1,4.25,2.3038816,-1.9461184
2024-08-15 13:00:00,DK2,4.36,1.7312758,-2.6287243
2024-08-15 14:00:00,DK1,33.41,2.9455242,-30.464476
2024-08-15 14:00:00,DK2,33.31,35.332245,2.0222435
2024-08-15 15:00:00,DK1,77.26,106.62364,29.36364
2024-08-15 15:00:00,DK2,77.26,91.74657,14.486565
2024-08-15 16:00:00,DK1,119.93,100.8569,-19.073097
2024-08-15 16:00:00,DK2,119.93,101.08222,-18.847778
2024-08-15 17:00:00,DK1,142.51,137.82552,-4.6844788
2024-08-15 17:00:00,DK2,142.51,142.64038,0.13038635
2024-08-15 18:00:00,DK1,160.3,156.07971,-4.220291
2024-08-15 18:00:00,DK2,160.3,135.39087,-24.909134
2024-08-15 19:00:00,DK1,121.47,108.66001,-12.80999
2024-08-15 19:00:00,DK2,140.84,119.18594,-21.654053
2024-08-15 20:00:00,DK1,111.4,134.21542,22.815422
2024-08-15 20:00:00,DK2,118.87,123.2339,4.363899
2024-08-15 21:00:00,DK1,93.54,96.45894,2.9189377
2024-08-15 21:00:00,DK2,93.54,106.14336,12.603355
2024-08-15 22:00:00,DK1,81.31,104.873184,23.563187
2024-08-15 22:00:00,DK2,85.34,96.57309,11.233093
2024-08-15 23:00:00,DK1,73.11,85.26427,12.154266
2024-08-15 23:00:00,DK2,73.11,80.5112,7.4011993
2024-08-16 00:00:00,DK1,82.8,68.47827,-14.321732
2024-08-16 00:00:00,DK2,82.8,76.07985,-6.720154
2024-08-16 01:00:00,DK1,78.56,78.181564,-0.37843323
2024-08-16 01:00:00,DK2,78.56,75.185234,-3.3747635
2024-08-16 02:00:00,DK1,87.76,81.34229,-6.4177094
2024-08-16 02:00:00,DK2,87.76,87.60847,-0.15153503
2024-08-16 03:00:00,DK1,92.05,98.80934,6.7593384
2024-08-16 03:00:00,DK2,92.05,99.881805,7.8318024
2024-08-16 04:00:00,DK1,128.42,109.23041,-19.18959
2024-08-16 04:00:00,DK2,128.42,120.12005,-8.29995
2024-08-16 05:00:00,DK1,134.91,138.47151,3.5615082
2024-08-16 05:00:00,DK2,134.91,140.77628,5.866272
2024-08-16 06:00:00,DK1,124.83,127.85862,3.0286179
2024-08-16 06:00:00,DK2,124.83,117.92992,-6.9000854
2024-08-16 07:00:00,DK1,100.95,110.75606,9.806061
2024-08-16 07:00:00,DK2,100.95,109.76543,8.81543
2024-08-16 08:00:00,DK1,76.15,97.05039,20.90039
2024-08-16 08:00:00,DK2,76.15,91.32708,15.177078
2024-08-16 09:00:00,DK1,59.83,81.789375,21.959373
2024-08-16 09:00:00,DK2,59.83,73.81338,13.983376
2024-08-16 10:00:00,DK1,50.68,48.53952,-2.14048
2024-08-16 10:00:00,DK2,50.68,48.307167,-2.3728333
2024-08-16 11:00:00,DK1,49.93,31.505568,-18.424433
2024-08-16 11:00:00,DK2,49.93,35.818573,-14.111427
2024-08-16 12:00:00,DK1,47.57,36.097527,-11.472473
2024-08-16 12:00:00,DK2,47.57,42.543083,-5.0269165
2024-08-16 13:00:00,DK1,54.4,42.758102,-11.641899
2024-08-16 13:00:00,DK2,55.16,45.286232,-9.873768
2024-08-16 14:00:00,DK1,82.67,57.56974,-25.100258
2024-08-16 14:00:00,DK2,82.67,71.43872,-11.231277
2024-08-16 15:00:00,DK1,103.76,91.43623,-12.323769
2024-08-16 15:00:00,DK2,103.76,98.41858,-5.341423
2024-08-16 16:00:00,DK1,134.92,121.42555,-13.494446
2024-08-16 16:00:00,DK2,134.92,132.15695,-2.7630463
2024-08-16 17:00:00,DK1,230.52,165.01047,-65.50954
2024-08-16 17:00:00,DK2,230.52,170.9098,-59.6102
2024-08-16 18:00:00,DK1,243.12,171.41574,-71.704254
2024-08-16 18:00:00,DK2,243.12,171.47643,-71.64357
2024-08-16 19:00:00,DK1,171.83,171.48859,-0.3414154
2024-08-16 19:00:00,DK2,171.83,170.92017,-0.9098358
2024-08-16 20:00:00,DK1,134.54,142.57114,8.031143
2024-08-16 20:00:00,DK2,134.54,135.3838,0.84381104
2024-08-16 21:00:00,DK1,116.17,119.30176,3.1317596
2024-08-16 21:00:00,DK2,116.17,116.62975,0.45975494
2024-08-16 22:00:00,DK1,107.11,105.89583,-1.2141724
2024-08-16 22:00:00,DK2,107.11,105.607834,-1.5021667
2024-08-16 23:00:00,DK1,109.26,103.02719,-6.232811
2024-08-16 23:00:00,DK2,109.26,106.09957,-3.160431
2024-08-17 00:00:00,DK1,103.13,103.87584,0.745842
2024-08-17 00:00:00,DK2,103.13,104.961105,1.8311081
2024-08-17 01:00:00,DK1,101.82,100.63079,-1.189209
2024-08-17 01:00:00,DK2,101.82,100.57664,-1.2433624
2024-08-17 02:00:00,DK1,110.59,97.012024,-13.577972
2024-08-17 02:00:00,DK2,110.59,100.6697,-9.920296
2024-08-17 03:00:00,DK1,110.84,99.641464,-11.198532
2024-08-17 03:00:00,DK2,110.84,103.78025,-7.059746
2024-08-17 04:00:00,DK1,106.7,102.504555,-4.195442
2024-08-17 04:00:00,DK2,106.7,105.51413,-1.1858673
2024-08-17 05:00:00,DK1,103.97,104.1229,0.1529007
2024-08-17 05:00:00,DK2,103.97,107.03418,3.0641785
2024-08-17 06:00:00,DK1,103.43,106.68146,3.2514572
2024-08-17 06:00:00,DK2,103.43,106.61934,3.1893387
2024-08-17 07:00:00,DK1,84.0,100.110565,16.110565
2024-08-17 07:00:00,DK2,84.0,91.50853,7.5085297
2024-08-17 08:00:00,DK1,69.49,77.59984,8.10984
2024-08-17 08:00:00,DK2,69.49,73.505226,4.0152283
2024-08-17 09:00:00,DK1,54.16,54.060402,-0.09959793
2024-08-17 09:00:00,DK2,54.16,57.382195,3.2221947
2024-08-17 10:00:00,DK1,46.83,35.03032,-11.799683
2024-08-17 10:00:00,DK2,46.83,28.45421,-18.375792
2024-08-17 11:00:00,DK1,40.63,19.300797,-21.329205
2024-08-17 11:00:00,DK2,40.63,21.83668,-18.793322
2024-08-17 12:00:00,DK1,39.35,26.52064,-12.829359
2024-08-17 12:00:00,DK2,39.35,46.921555,7.571556
2024-08-17 13:00:00,DK1,39.56,65.01779,25.45779
2024-08-17 13:00:00,DK2,39.56,50.347862,10.787861
2024-08-17 14:00:00,DK1,58.88,59.335373,0.45537186
2024-08-17 14:00:00,DK2,58.88,54.663475,-4.216526
2024-08-17 15:00:00,DK1,88.4,78.65048,-9.749519
2024-08-17 15:00:00,DK2,88.4,87.979126,-0.42087555
2024-08-17 16:00:00,DK1,119.68,104.07196,-15.60804
2024-08-17 16:00:00,DK2,119.68,112.23453,-7.4454727
2024-08-17 17:00:00,DK1,140.56,129.02881,-11.531189
2024-08-17 17:00:00,DK2,140.56,141.28009,0.7200928
2024-08-17 18:00:00,DK1,149.18,145.37079,-3.809204
2024-08-17 18:00:00,DK2,149.18,146.19263,-2.9873657
2024-08-17 19:00:00,DK1,126.98,136.83899,9.858986
2024-08-17 19:00:00,DK2,126.98,134.34781,7.3678055
2024-08-17 20:00:00,DK1,116.7,119.249756,2.549759
2024-08-17 20:00:00,DK2,116.7,117.90744,1.2074432
2024-08-17 21:00:00,DK1,105.82,106.80838,0.98838043
2024-08-17 21:00:00,DK2,105.82,107.360985,1.5409851
2024-08-17 22:00:00,DK1,111.82,99.14839,-12.671608
2024-08-17 22:00:00,DK2,111.82,105.02593,-6.7940674
2024-08-17 23:00:00,DK1,112.8,102.288666,-10.511337
2024-08-17 23:00:00,DK2,112.8,106.19044,-6.6095657
2024-08-18 00:00:00,DK1,106.17,103.7761,-2.393898
2024-08-18 00:00:00,DK2,106.17,103.563156,-2.606842
2024-08-18 01:00:00,DK1,106.22,100.11728,-6.102722
2024-08-18 01:00:00,DK2,106.22,100.230804,-5.989197
2024-08-18 02:00:00,DK1,104.75,98.55691,-6.1930923
2024-08-18 02:00:00,DK2,104.75,99.10552,-5.644478
2024-08-18 03:00:00,DK1,104.97,100.557236,-4.4127655
2024-08-18 03:00:00,DK2,104.97,99.15783,-5.812172
2024-08-18 04:00:00,DK1,99.53,100.70987,1.1798706
2024-08-18 04:00:00,DK2,99.53,99.27425,-0.25575256
2024-08-18 05:00:00,DK1,95.2,97.81,2.6100006
2024-08-18 05:00:00,DK2,95.2,94.71709,-0.48291016
2024-08-18 06:00:00,DK1,88.2,90.82033,2.6203308
2024-08-18 06:00:00,DK2,88.2,87.158394,-1.0416031
2024-08-18 07:00:00,DK1,82.32,78.82379,-3.4962082
2024-08-18 07:00:00,DK2,82.32,78.37059,-3.9494095
2024-08-18 08:00:00,DK1,72.12,67.33188,-4.788124
2024-08-18 08:00:00,DK2,72.12,67.99997,-4.1200333
2024-08-18 09:00:00,DK1,72.52,58.55519,-13.964806
2024-08-18 09:00:00,DK2,72.52,64.919075,-7.6009216
2024-08-18 10:00:00,DK1,66.03,55.682945,-10.347054
2024-08-18 10:00:00,DK2,66.03,55.277992,-10.752007
2024-08-18 11:00:00,DK1,33.64,54.432076,20.792076
2024-08-18 11:00:00,DK2,33.64,37.634834,3.994835
2024-08-18 12:00:00,DK1,17.72,24.35749,6.637491
2024-08-18 12:00:00,DK2,17.72,18.091248,0.37124825
2024-08-18 13:00:00,DK1,37.54,22.24073,-15.299271
2024-08-18 13:00:00,DK2,51.28,39.38482,-11.89518
2024-08-18 14:00:00,DK1,43.63,93.83456,50.204556
2024-08-18 14:00:00,DK2,69.78,76.47334,6.693344
2024-08-18 15:00:00,DK1,82.39,75.75002,-6.6399765
2024-08-18 15:00:00,DK2,82.39,70.63463,-11.755371
2024-08-18 16:00:00,DK1,83.96,90.4417,6.4817047
2024-08-18 16:00:00,DK2,93.85,105.52281,11.672813
2024-08-18 17:00:00,DK1,104.78,119.50778,14.727783
2024-08-18 17:00:00,DK2,109.93,114.8192,4.8891983
2024-08-18 18:00:00,DK1,111.88,123.15266,11.272659
2024-08-18 18:00:00,DK2,115.68,124.800964,9.120964
2024-08-18 19:00:00,DK1,109.83,115.083755,5.2537537
2024-08-18 19:00:00,DK2,109.83,114.53171,4.701706
2024-08-18 20:00:00,DK1,111.4,106.806274,-4.593727
2024-08-18 20:00:00,DK2,111.4,109.039566,-2.3604355
2024-08-18 21:00:00,DK1,99.45,102.324936,2.874939
2024-08-18 21:00:00,DK2,99.45,104.36899,4.918991
2024-08-18 22:00:00,DK1,97.39,96.15016,-1.2398376
2024-08-18 22:00:00,DK2,97.39,99.3126,1.9225998
2024-08-18 23:00:00,DK1,90.1,93.80543,3.705429
2024-08-18 23:00:00,DK2,90.1,94.42335,4.323349
2024-08-19 00:00:00,DK1,88.7,85.9339,-2.766098
2024-08-19 00:00:00,DK2,88.7,89.515076,0.81507874
2024-08-19 01:00:00,DK1,84.86,86.648994,1.7889938
2024-08-19 01:00:00,DK2,84.86,88.46132,3.6013184
2024-08-19 02:00:00,DK1,84.5,88.08298,3.5829773
2024-08-19 02:00:00,DK2,84.5,87.45223,2.9522324
2024-08-19 03:00:00,DK1,87.97,93.18015,5.2101517
2024-08-19 03:00:00,DK2,87.97,91.954834,3.9848328
2024-08-19 04:00:00,DK1,129.0,105.73879,-23.261208
2024-08-19 04:00:00,DK2,129.0,117.230446,-11.769554
2024-08-19 05:00:00,DK1,152.33,151.04105,-1.2889557
2024-08-19 05:00:00,DK2,152.33,130.09503,-22.23497
2024-08-19 06:00:00,DK1,129.6,94.18251,-35.417496
2024-08-19 06:00:00,DK2,129.6,98.681915,-30.91809
2024-08-19 07:00:00,DK1,112.58,108.172165,-4.407837
2024-08-19 07:00:00,DK2,112.58,110.870224,-1.7097778
2024-08-19 08:00:00,DK1,96.9,105.74686,8.846855
2024-08-19 08:00:00,DK2,96.9,99.1675,2.2675018
2024-08-19 09:00:00,DK1,89.74,89.50567,-0.23432922
2024-08-19 09:00:00,DK2,89.74,90.894196,1.1541977
2024-08-19 10:00:00,DK1,84.38,89.213135,4.8331375
2024-08-19 10:00:00,DK2,84.38,88.63863,4.2586365
2024-08-19 11:00:00,DK1,78.87,88.232635,9.362633
2024-08-19 11:00:00,DK2,78.87,86.17635,7.3063507
2024-08-19 12:00:00,DK1,80.21,79.04692,-1.1630783
2024-08-19 12:00:00,DK2,80.21,76.684875,-3.5251236
2024-08-19 13:00:00,DK1,79.2,79.54318,0.34318542
2024-08-19 13:00:00,DK2,79.9,80.32367,0.4236679
2024-08-19 14:00:00,DK1,84.05,92.20883,8.158829
2024-08-19 14:00:00,DK2,84.05,91.20435,7.1543503
2024-08-19 15:00:00,DK1,100.7,102.33875,1.6387558
2024-08-19 15:00:00,DK2,100.7,102.605865,1.9058685
2024-08-19 16:00:00,DK1,113.97,119.58283,5.612831
2024-08-19 16:00:00,DK2,113.97,120.7746,6.804596
2024-08-19 17:00:00,DK1,200.0,133.99733,-66.00267
2024-08-19 17:00:00,DK2,200.0,159.54625,-40.45375
2024-08-19 18:00:00,DK1,203.83,170.74472,-33.08528
2024-08-19 18:00:00,DK2,203.83,171.27145,-32.558548
2024-08-19 19:00:00,DK1,140.11,171.06358,30.953583
2024-08-19 19:00:00,DK2,140.11,143.01929,2.9092865
2024-08-19 20:00:00,DK1,100.82,111.50071,10.68071
2024-08-19 20:00:00,DK2,100.82,110.0091,9.189102
2024-08-19 21:00:00,DK1,86.2,94.93949,8.739494
2024-08-19 21:00:00,DK2,86.2,82.37967,-3.8203278
2024-08-19 22:00:00,DK1,92.86,62.610115,-30.249886
2024-08-19 22:00:00,DK2,92.86,79.06213,-13.797867
2024-08-19 23:00:00,DK1,69.12,86.09359,16.973587
2024-08-19 23:00:00,DK2,87.4,80.30423,-7.095772
2024-08-20 00:00:00,DK1,40.64,70.50297,29.862968
2024-08-20 00:00:00,DK2,83.11,51.67537,-31.434631
2024-08-20 01:00:00,DK1,40.57,44.20582,3.6358185
2024-08-20 01:00:00,DK2,72.54,54.62873,-17.91127
2024-08-20 02:00:00,DK1,37.97,53.512077,15.542076
2024-08-20 02:00:00,DK2,69.81,58.167862,-11.642136
2024-08-20 03:00:00,DK1,38.37,54.286575,15.916576
2024-08-20 03:00:00,DK2,83.0,54.16413,-28.835869
2024-08-20 04:00:00,DK1,53.93,64.01341,10.083412
2024-08-20 04:00:00,DK2,69.78,68.62211,-1.1578903
2024-08-20 05:00:00,DK1,79.85,72.91235,-6.937645
2024-08-20 05:00:00,DK2,79.85,81.67789,1.8278885
2024-08-20 06:00:00,DK1,108.2,80.52245,-27.677544
2024-08-20 06:00:00,DK2,108.2,95.799515,-12.400482
2024-08-20 07:00:00,DK1,102.24,92.01989,-10.220108
2024-08-20 07:00:00,DK2,102.24,95.652176,-6.587822
2024-08-20 08:00:00,DK1,60.58,85.52042,24.940414
2024-08-20 08:00:00,DK2,60.58,78.61432,18.034317
2024-08-20 09:00:00,DK1,46.91,57.104774,10.194775
2024-08-20 09:00:00,DK2,46.91,54.58275,7.6727486
2024-08-20 10:00:00,DK1,32.85,28.752337,-4.097662
2024-08-20 10:00:00,DK2,32.85,25.0431,-7.806898
2024-08-20 11:00:00,DK1,18.22,18.736088,0.5160885
2024-08-20 11:00:00,DK2,18.22,22.657923,4.4379234
2024-08-20 12:00:00,DK1,20.08,18.27808,-1.8019199
2024-08-20 12:00:00,DK2,20.08,17.099901,-2.9800987
2024-08-20 13:00:00,DK1,22.43,19.550524,-2.8794765
2024-08-20 13:00:00,DK2,22.43,26.210308,3.7803078
2024-08-20 14:00:00,DK1,34.91,42.460724,7.550724
2024-08-20 14:00:00,DK2,34.91,34.45117,-0.45882797
2024-08-20 15:00:00,DK1,94.24,55.1784,-39.0616
2024-08-20 15:00:00,DK2,94.24,93.7652,-0.4748001
2024-08-20 16:00:00,DK1,118.07,152.90521,34.835213
2024-08-20 16:00:00,DK2,118.07,156.13234,38.06234
2024-08-20 17:00:00,DK1,123.66,159.07193,35.411926
2024-08-20 17:00:00,DK2,123.66,132.47073,8.81073
2024-08-20 18:00:00,DK1,145.08,134.57251,-10.507492
2024-08-20 18:00:00,DK2,145.08,125.90907,-19.170929
2024-08-20 19:00:00,DK1,120.0,116.89254,-3.10746
2024-08-20 19:00:00,DK2,120.0,116.50635,-3.4936523
2024-08-20 20:00:00,DK1,103.42,103.24103,-0.17897034
2024-08-20 20:00:00,DK2,103.42,97.1512,-6.268799
2024-08-20 21:00:00,DK1,94.69,96.22293,1.5329285
2024-08-20 21:00:00,DK2,94.69,96.500465,1.810463
2024-08-20 22:00:00,DK1,87.36,98.29251,10.93251
2024-08-20 22:00:00,DK2,87.36,88.60668,1.2466812
2024-08-20 23:00:00,DK1,76.4,82.569336,6.1693344
2024-08-20 23:00:00,DK2,76.4,76.192604,-0.20739746
2024-08-21 00:00:00,DK1,62.28,72.14276,9.862762
2024-08-21 00:00:00,DK2,62.28,58.430786,-3.8492126
2024-08-21 01:00:00,DK1,51.22,62.647194,11.427193
2024-08-21 01:00:00,DK2,51.22,59.375343,8.155342
2024-08-21 02:00:00,DK1,36.0,63.941353,27.941353
2024-08-21 02:00:00,DK2,36.0,44.166374,8.166374
2024-08-21 03:00:00,DK1,37.72,36.428665,-1.291336
2024-08-21 03:00:00,DK2,37.72,40.84382,3.1238174
2024-08-21 04:00:00,DK1,44.15,52.877068,8.727066
2024-08-21 04:00:00,DK2,44.15,50.21244,6.062439
2024-08-21 05:00:00,DK1,50.1,52.137794,2.037796
2024-08-21 05:00:00,DK2,50.1,52.709816,2.6098175
2024-08-21 06:00:00,DK1,77.95,58.968376,-18.98162
2024-08-21 06:00:00,DK2,77.95,63.121033,-14.828964
2024-08-21 07:00:00,DK1,46.6,61.686302,15.086304
2024-08-21 07:00:00,DK2,43.82,53.979454,10.159454
2024-08-21 08:00:00,DK1,0.16,36.395615,36.235615
2024-08-21 08:00:00,DK2,2.95,20.533518,17.583517
2024-08-21 09:00:00,DK1,-4.95,11.883163,16.833164
2024-08-21 09:00:00,DK2,1.54,8.551467,7.011467
2024-08-21 10:00:00,DK1,-7.54,4.7246957,12.264696
2024-08-21 10:00:00,DK2,-0.78,2.5464492,3.3264492
2024-08-21 11:00:00,DK1,-4.02,0.53392243,4.5539227
2024-08-21 11:00:00,DK2,-2.02,1.0886406,3.1086407
2024-08-21 12:00:00,DK1,-3.36,0.16432369,3.5243235
2024-08-21 12:00:00,DK2,-2.31,3.3177037,5.6277037
2024-08-21 13:00:00,DK1,-5.35,0.79697,6.14697
2024-08-21 13:00:00,DK2,-2.02,2.264644,4.284644
2024-08-21 14:00:00,DK1,-12.64,4.439846,17.079845
2024-08-21 14:00:00,DK2,1.05,7.9552045,6.905205
2024-08-21 15:00:00,DK1,2.01,54.263054,52.253056
2024-08-21 15:00:00,DK2,3.96,24.303919,20.343918
2024-08-21 16:00:00,DK1,62.6,18.216574,-44.383423
2024-08-21 16:00:00,DK2,51.63,60.25187,8.621868
2024-08-21 17:00:00,DK1,66.03,150.23123,84.20123
2024-08-21 17:00:00,DK2,66.03,87.310745,21.280746
2024-08-21 18:00:00,DK1,58.39,53.989075,-4.4009247
2024-08-21 18:00:00,DK2,58.39,61.763107,3.373108
2024-08-21 19:00:00,DK1,58.61,60.2667,1.6567001
2024-08-21 19:00:00,DK2,58.61,37.565292,-21.044708
2024-08-21 20:00:00,DK1,77.78,20.29904,-57.480957
2024-08-21 20:00:00,DK2,53.03,44.25843,-8.771568
2024-08-21 21:00:00,DK1,63.53,70.05463,6.5246277
2024-08-21 21:00:00,DK2,19.23,43.083275,23.853275
2024-08-21 22:00:00,DK1,20.0,30.706339,10.706339
2024-08-21 22:00:00,DK2,20.0,8.864492,-11.135508
2024-08-21 23:00:00,DK1,34.12,9.989648,-24.130352
2024-08-21 23:00:00,DK2,28.85,10.846699,-18.003302
2024-08-22 00:00:00,DK1,26.04,26.042295,0.0022945404
2024-08-22 00:00:00,DK2,26.04,12.889392,-13.150609
2024-08-22 01:00:00,DK1,20.5,13.110788,-7.3892117
2024-08-22 01:00:00,DK2,20.5,10.711802,-9.788198
2024-08-22 02:00:00,DK1,16.05,15.711876,-0.33812332
2024-08-22 02:00:00,DK2,16.05,11.539203,-4.5107965
2024-08-22 03:00:00,DK1,11.11,15.615507,4.5055075
2024-08-22 03:00:00,DK2,11.11,12.886907,1.776907
2024-08-22 04:00:00,DK1,21.21,14.440573,-6.7694263
2024-08-22 04:00:00,DK2,21.21,18.692583,-2.517416
2024-08-22 05:00:00,DK1,18.91,34.713623,15.803623
2024-08-22 05:00:00,DK2,18.91,31.163176,12.253176
2024-08-22 06:00:00,DK1,31.1,26.09022,-5.009781
2024-08-22 06:00:00,DK2,31.1,22.04791,-9.05209
2024-08-22 07:00:00,DK1,14.89,21.61366,6.7236605
2024-08-22 07:00:00,DK2,14.89,19.663206,4.7732058
2024-08-22 08:00:00,DK1,7.84,12.86635,5.02635
2024-08-22 08:00:00,DK2,7.84,8.145526,0.30552578
2024-08-22 09:00:00,DK1,0.0,3.9010334,3.9010334
2024-08-22 09:00:00,DK2,3.79,2.0368624,-1.7531376
2024-08-22 10:00:00,DK1,-0.38,-0.64605,-0.26604998
2024-08-22 10:00:00,DK2,2.8,0.29806685,-2.501933
2024-08-22 11:00:00,DK1,-2.56,-1.349149,1.210851
2024-08-22 11:00:00,DK2,1.61,-0.7258525,-2.3358526
2024-08-22 12:00:00,DK1,-1.51,-1.5494511,-0.039451122
2024-08-22 12:00:00,DK2,1.59,0.86247754,-0.7275225
2024-08-22 13:00:00,DK1,-4.35,1.1301908,5.4801908
2024-08-22 13:00:00,DK2,1.15,2.104532,0.954532
2024-08-22 14:00:00,DK1,-0.09,7.9622087,8.052209
2024-08-22 14:00:00,DK2,3.73,6.6815505,2.9515505
2024-08-22 15:00:00,DK1,19.39,14.437863,-4.952136
2024-08-22 15:00:00,DK2,15.58,26.928835,11.348835
2024-08-22 16:00:00,DK1,53.65,79.08734,25.43734
2024-08-22 16:00:00,DK2,53.65,65.70025,12.050247
2024-08-22 17:00:00,DK1,58.0,89.34641,31.346413
2024-08-22 17:00:00,DK2,58.0,58.00975,0.009750366
2024-08-22 18:00:00,DK1,66.59,46.52349,-20.066505
2024-08-22 18:00:00,DK2,66.59,48.86071,-17.729286
2024-08-22 19:00:00,DK1,59.98,68.28935,8.309353
2024-08-22 19:00:00,DK2,59.98,56.512466,-3.467533
2024-08-22 20:00:00,DK1,56.62,29.050304,-27.569695
2024-08-22 20:00:00,DK2,56.62,32.94557,-23.674427
2024-08-22 21:00:00,DK1,56.62,42.940697,-13.679302
2024-08-22 21:00:00,DK2,56.62,41.40088,-15.21912
2024-08-22 22:00:00,DK1,25.1,35.20031,10.100309
2024-08-22 22:00:00,DK2,25.1,20.852724,-4.2472763
2024-08-22 23:00:00,DK1,39.93,16.15967,-23.77033
2024-08-22 23:00:00,DK2,39.93,22.824942,-17.105059
2024-08-23 00:00:00,DK1,33.02,44.214417,11.194416
2024-08-23 00:00:00,DK2,33.02,28.120108,-4.899893
2024-08-23 01:00:00,DK1,17.0,23.017649,6.0176487
2024-08-23 01:00:00,DK2,17.0,21.3985,4.3985004
2024-08-23 02:00:00,DK1,9.4,18.27981,8.87981
2024-08-23 02:00:00,DK2,9.4,12.227403,2.827403
2024-08-23 03:00:00,DK1,6.85,10.707808,3.8578076
2024-08-23 03:00:00,DK2,6.85,11.692864,4.8428645
2024-08-23 04:00:00,DK1,15.01,13.896394,-1.1136065
2024-08-23 04:00:00,DK2,15.01,15.167273,0.15727234
2024-08-23 05:00:00,DK1,25.28,15.535519,-9.744482
2024-08-23 05:00:00,DK2,25.28,20.218264,-5.061737
2024-08-23 06:00:00,DK1,27.19,20.564224,-6.6257763
2024-08-23 06:00:00,DK2,27.19,22.032543,-5.1574574
2024-08-23 07:00:00,DK1,4.06,16.579416,12.519417
2024-08-23 07:00:00,DK2,3.71,8.856005,5.1460047
2024-08-23 08:00:00,DK1,-0.01,4.3419046,4.351905
2024-08-23 08:00:00,DK2,1.22,3.271488,2.051488
2024-08-23 09:00:00,DK1,-0.09,1.2264348,1.3164349
2024-08-23 09:00:00,DK2,0.01,-0.46026134,-0.47026134
2024-08-23 10:00:00,DK1,-0.08,-2.1902447,-2.1102448
2024-08-23 10:00:00,DK2,-0.07,-2.4310002,-2.3610003
2024-08-23 11:00:00,DK1,-0.8,-3.75007,-2.9500701
2024-08-23 11:00:00,DK2,-0.8,-4.1770425,-3.3770425
2024-08-23 12:00:00,DK1,-2.12,-5.0365276,-2.9165277
2024-08-23 12:00:00,DK2,-1.76,-3.1645918,-1.4045918
2024-08-23 13:00:00,DK1,-2.13,-3.0081968,-0.8781967
2024-08-23 13:00:00,DK2,-0.81,-1.6946955,-0.8846955
2024-08-23 14:00:00,DK1,-4.13,-2.312748,1.8172522
2024-08-23 14:00:00,DK2,0.32,-2.8700948,-3.1900947
2024-08-23 15:00:00,DK1,-0.03,-0.9415293,-0.9115293
2024-08-23 15:00:00,DK2,2.64,0.14445066,-2.4955494
2024-08-23 16:00:00,DK1,18.6,2.2105708,-16.38943
2024-08-23 16:00:00,DK2,15.94,16.50908,0.5690813
2024-08-23 17:00:00,DK1,10.38,19.438272,9.058272
2024-08-23 17:00:00,DK2,10.38,5.433494,-4.946506
2024-08-23 18:00:00,DK1,14.81,4.499847,-10.310154
2024-08-23 18:00:00,DK2,14.81,14.465685,-0.34431553
2024-08-23 19:00:00,DK1,18.52,15.20289,-3.31711
2024-08-23 19:00:00,DK2,18.52,4.496411,-14.02359
2024-08-23 20:00:00,DK1,26.78,4.7636633,-22.016338
2024-08-23 20:00:00,DK2,26.78,10.175405,-16.604595
2024-08-23 21:00:00,DK1,48.61,15.788248,-32.821754
2024-08-23 21:00:00,DK2,48.61,8.605907,-40.004093
2024-08-23 22:00:00,DK1,94.4,26.200111,-68.19989
2024-08-23 22:00:00,DK2,94.4,42.163742,-52.23626
2024-08-23 23:00:00,DK1,79.22,76.09914,-3.1208649
2024-08-23 23:00:00,DK2,79.22,73.23377,-5.986229
2024-08-24 00:00:00,DK1,78.25,86.79512,8.54512
2024-08-24 00:00:00,DK2,78.25,79.39137,1.1413727
2024-08-24 01:00:00,DK1,72.53,75.502,2.9720001
2024-08-24 01:00:00,DK2,72.53,80.650635,8.120636
2024-08-24 02:00:00,DK1,78.23,71.71874,-6.511261
2024-08-24 02:00:00,DK2,78.23,76.55928,-1.670723
2024-08-24 03:00:00,DK1,102.81,77.39187,-25.418129
2024-08-24 03:00:00,DK2,102.81,87.743484,-15.066513
2024-08-24 04:00:00,DK1,99.9,94.30455,-5.5954514
2024-08-24 04:00:00,DK2,99.9,96.73414,-3.165863
2024-08-24 05:00:00,DK1,99.07,94.113594,-4.9564056
2024-08-24 05:00:00,DK2,99.07,96.133026,-2.9369736
2024-08-24 06:00:00,DK1,76.22,84.75981,8.53981
2024-08-24 06:00:00,DK2,76.22,81.62137,5.401367
2024-08-24 07:00:00,DK1,15.0,56.96411,41.96411
2024-08-24 07:00:00,DK2,15.0,34.155823,19.155823
2024-08-24 08:00:00,DK1,-0.03,10.92083,10.9508295
2024-08-24 08:00:00,DK2,-0.85,7.0480385,7.8980384
2024-08-24 09:00:00,DK1,-6.85,1.9769273,8.826927
2024-08-24 09:00:00,DK2,-6.04,1.3837447,7.4237447
2024-08-24 10:00:00,DK1,-12.35,-2.3281012,10.021899
2024-08-24 10:00:00,DK2,-11.75,-2.2055511,9.544449
2024-08-24 11:00:00,DK1,-9.39,-4.8483,4.5417004
2024-08-24 11:00:00,DK2,-9.99,-3.43636,6.55364
2024-08-24 12:00:00,DK1,-8.16,-4.424928,3.7350717
2024-08-24 12:00:00,DK2,-8.16,-1.8583326,6.301667
2024-08-24 13:00:00,DK1,-9.37,-1.7572207,7.612779
2024-08-24 13:00:00,DK2,-9.37,4.1989856,13.568985
2024-08-24 14:00:00,DK1,-8.15,6.1103883,14.260387
2024-08-24 14:00:00,DK2,-4.45,4.115118,8.565118
2024-08-24 15:00:00,DK1,-0.99,21.923779,22.913778
2024-08-24 15:00:00,DK2,-0.97,12.112132,13.082132
2024-08-24 16:00:00,DK1,67.99,39.059418,-28.93058
2024-08-24 16:00:00,DK2,67.96,56.663345,-11.296654
2024-08-24 17:00:00,DK1,90.2,98.089294,7.8892975
2024-08-24 17:00:00,DK2,90.2,79.30219,-10.897804
2024-08-24 18:00:00,DK1,80.08,94.72388,14.643875
2024-08-24 18:00:00,DK2,80.08,87.86801,7.7880096
2024-08-24 19:00:00,DK1,68.91,41.262047,-27.647957
2024-08-24 19:00:00,DK2,68.91,53.917007,-14.992996
2024-08-24 20:00:00,DK1,64.14,81.3464,17.206398
2024-08-24 20:00:00,DK2,64.14,66.67791,2.5379105
2024-08-24 21:00:00,DK1,49.39,28.298115,-21.091885
2024-08-24 21:00:00,DK2,3.0,29.678617,26.678617
2024-08-24 22:00:00,DK1,0.37,26.802301,26.4323
2024-08-24 22:00:00,DK2,0.37,6.2297115,5.8597116
2024-08-24 23:00:00,DK1,-0.02,5.599382,5.619382
2024-08-24 23:00:00,DK2,-0.02,2.3514113,2.3714113
2024-08-25 00:00:00,DK1,-0.34,4.204318,4.544318
2024-08-25 00:00:00,DK2,-0.34,1.7269416,2.0669415
2024-08-25 01:00:00,DK1,-1.0,3.5718968,4.5718966
2024-08-25 01:00:00,DK2,-1.0,1.8501511,2.850151
2024-08-25 02:00:00,DK1,-0.89,3.9723728,4.862373
2024-08-25 02:00:00,DK2,-0.89,1.5563953,2.4463954
2024-08-25 03:00:00,DK1,-0.42,5.6874027,6.107403
2024-08-25 03:00:00,DK2,-0.42,2.028906,2.4489062
2024-08-25 04:00:00,DK1,-0.05,5.6527743,5.7027745
2024-08-25 04:00:00,DK2,-0.05,4.0231705,4.0731707
2024-08-25 05:00:00,DK1,-0.01,3.708023,3.718023
2024-08-25 05:00:00,DK2,-0.01,1.8167596,1.8267596
2024-08-25 06:00:00,DK1,-0.01,1.3073182,1.3173182
2024-08-25 06:00:00,DK2,-0.01,0.29541624,0.30541623
2024-08-25 07:00:00,DK1,-1.39,-2.2018418,-0.81184185
2024-08-25 07:00:00,DK2,-1.39,-4.7274737,-3.3374739
2024-08-25 08:00:00,DK1,-6.07,-7.8854647,-1.8154645
2024-08-25 08:00:00,DK2,-6.07,-10.743887,-4.673887
2024-08-25 09:00:00,DK1,-10.1,-12.406879,-2.306879
2024-08-25 09:00:00,DK2,-10.1,-14.0466175,-3.9466171
2024-08-25 10:00:00,DK1,-15.5,-14.283958,1.2160416
2024-08-25 10:00:00,DK2,-15.5,-15.230202,0.26979828
2024-08-25 11:00:00,DK1,-20.01,-14.550043,5.459957
2024-08-25 11:00:00,DK2,-20.01,-14.9186325,5.0913677
2024-08-25 12:00:00,DK1,-19.83,-14.19034,5.63966
2024-08-25 12:00:00,DK2,-19.83,-14.196085,5.633915
2024-08-25 13:00:00,DK1,-10.15,-13.109788,-2.9597883
2024-08-25 13:00:00,DK2,-10.15,-11.6378765,-1.4878769
2024-08-25 14:00:00,DK1,-5.01,-8.66065,-3.65065
2024-08-25 14:00:00,DK2,-5.01,-5.43468,-0.42467976
2024-08-25 15:00:00,DK1,1.0,2.6968756,1.6968756
2024-08-25 15:00:00,DK2,1.0,7.729251,6.729251
2024-08-25 16:00:00,DK1,42.29,44.38655,2.09655
2024-08-25 16:00:00,DK2,42.29,31.59168,-10.69832
2024-08-25 17:00:00,DK1,97.92,70.37033,-27.549667
2024-08-25 17:00:00,DK2,97.92,95.8011,-2.1188965
2024-08-25 18:00:00,DK1,119.45,123.862335,4.4123383
2024-08-25 18:00:00,DK2,119.45,120.33103,0.88103485
2024-08-25 19:00:00,DK1,105.49,123.69466,18.204659
2024-08-25 19:00:00,DK2,105.49,117.67475,12.184753
2024-08-25 20:00:00,DK1,99.7,92.59952,-7.100479
2024-08-25 20:00:00,DK2,99.7,98.99387,-0.70612335
2024-08-25 21:00:00,DK1,92.48,92.21535,-0.26465607
2024-08-25 21:00:00,DK2,92.48,91.53372,-0.94628143
2024-08-25 22:00:00,DK1,19.63,79.59238,59.96238
2024-08-25 22:00:00,DK2,50.66,52.374992,1.7149925
2024-08-25 23:00:00,DK1,7.03,20.607512,13.577511
2024-08-25 23:00:00,DK2,22.93,16.835987,-6.094013
2024-08-26 00:00:00,DK1,2.77,7.805976,5.035976
2024-08-26 00:00:00,DK2,2.93,6.201634,3.2716339
2024-08-26 01:00:00,DK1,1.41,2.5369477,1.1269478
2024-08-26 01:00:00,DK2,1.41,1.6001341,0.19013417
2024-08-26 02:00:00,DK1,1.16,0.9317974,-0.22820258
2024-08-26 02:00:00,DK2,1.16,1.0402173,-0.119782686
2024-08-26 03:00:00,DK1,1.93,2.4825149,0.5525149
2024-08-26 03:00:00,DK2,1.93,2.9394207,1.0094208
2024-08-26 04:00:00,DK1,24.64,4.401127,-20.238873
2024-08-26 04:00:00,DK2,113.11,7.5129204,-105.59708
2024-08-26 05:00:00,DK1,28.07,43.291344,15.221344
2024-08-26 05:00:00,DK2,153.69,68.468,-85.222
2024-08-26 06:00:00,DK1,30.98,66.931885,35.951885
2024-08-26 06:00:00,DK2,130.97,52.20907,-78.76093
2024-08-26 07:00:00,DK1,30.0,46.961685,16.961685
2024-08-26 07:00:00,DK2,98.93,48.49624,-50.43376
2024-08-26 08:00:00,DK1,25.01,43.905556,18.895555
2024-08-26 08:00:00,DK2,54.87,32.257545,-22.612453
2024-08-26 09:00:00,DK1,13.38,18.468,5.0880003
2024-08-26 09:00:00,DK2,4.21,18.564697,14.354697
2024-08-26 10:00:00,DK1,4.98,6.401822,1.4218221
2024-08-26 10:00:00,DK2,2.97,8.507113,5.537113
2024-08-26 11:00:00,DK1,5.0,5.3093586,0.3093586
2024-08-26 11:00:00,DK2,2.98,6.3011465,3.3211465
2024-08-26 12:00:00,DK1,16.29,4.0776224,-12.2123785
2024-08-26 12:00:00,DK2,7.02,9.127748,2.1077476
2024-08-26 13:00:00,DK1,24.39,9.997366,-14.392633
2024-08-26 13:00:00,DK2,62.98,13.37497,-49.60503
2024-08-26 14:00:00,DK1,37.28,55.031532,17.751534
2024-08-26 14:00:00,DK2,88.0,73.17116,-14.828842
2024-08-26 15:00:00,DK1,98.85,74.10773,-24.742271
2024-08-26 15:00:00,DK2,99.47,94.90987,-4.560135
2024-08-26 16:00:00,DK1,114.09,119.548615,5.458618
2024-08-26 16:00:00,DK2,116.82,115.87186,-0.948143
2024-08-26 17:00:00,DK1,186.0,131.65906,-54.340942
2024-08-26 17:00:00,DK2,190.31,142.18513,-48.124863
2024-08-26 18:00:00,DK1,224.28,169.91077,-54.369232
2024-08-26 18:00:00,DK2,231.06,170.27007,-60.789932
2024-08-26 19:00:00,DK1,142.49,171.4557,28.965698
2024-08-26 19:00:00,DK2,143.82,170.38953,26.569519
2024-08-26 20:00:00,DK1,110.86,156.72195,45.861954
2024-08-26 20:00:00,DK2,110.86,134.23431,23.374313
2024-08-26 21:00:00,DK1,106.6,94.25281,-12.347191
2024-08-26 21:00:00,DK2,107.54,91.49,-16.050003
2024-08-26 22:00:00,DK1,98.41,85.58423,-12.825775
2024-08-26 22:00:00,DK2,98.41,88.08771,-10.322296
2024-08-26 23:00:00,DK1,89.86,93.93778,4.0777817
2024-08-26 23:00:00,DK2,89.91,92.48779,2.5777893
2024-08-27 00:00:00,DK1,85.3,84.16827,-1.1317368
2024-08-27 00:00:00,DK2,86.45,82.70105,-3.7489471
2024-08-27 01:00:00,DK1,85.3,80.95645,-4.3435516
2024-08-27 01:00:00,DK2,87.3,83.093,-4.2070007
2024-08-27 02:00:00,DK1,86.0,81.84027,-4.159729
2024-08-27 02:00:00,DK2,89.1,81.27379,-7.82621
2024-08-27 03:00:00,DK1,96.2,87.23543,-8.964569
2024-08-27 03:00:00,DK2,100.16,90.222305,-9.937698
2024-08-27 04:00:00,DK1,125.76,100.86727,-24.89273
2024-08-27 04:00:00,DK2,125.76,109.62683,-16.133171
2024-08-27 05:00:00,DK1,137.99,125.27405,-12.715958
2024-08-27 05:00:00,DK2,137.99,124.77489,-13.215118
2024-08-27 06:00:00,DK1,111.07,119.91264,8.842644
2024-08-27 06:00:00,DK2,116.01,114.30161,-1.7083893
2024-08-27 07:00:00,DK1,83.98,84.99898,1.0189743
2024-08-27 07:00:00,DK2,89.94,89.88667,-0.053329468
2024-08-27 08:00:00,DK1,72.32,70.56966,-1.7503433
2024-08-27 08:00:00,DK2,73.72,70.65191,-3.0680923
2024-08-27 09:00:00,DK1,28.37,45.29738,16.927378
2024-08-27 09:00:00,DK2,29.13,38.64608,9.516081
2024-08-27 10:00:00,DK1,4.01,18.717312,14.707312
2024-08-27 10:00:00,DK2,5.07,20.219614,15.149614
2024-08-27 11:00:00,DK1,1.18,11.13422,9.95422
2024-08-27 11:00:00,DK2,1.18,11.3070545,10.127054
2024-08-27 12:00:00,DK1,2.33,6.6104774,4.2804775
2024-08-27 12:00:00,DK2,2.33,8.856341,6.5263414
2024-08-27 13:00:00,DK1,23.12,12.033445,-11.0865555
2024-08-27 13:00:00,DK2,23.45,19.141266,-4.308735
2024-08-27 14:00:00,DK1,45.4,52.63665,7.2366486
2024-08-27 14:00:00,DK2,52.5,39.857727,-12.642273
2024-08-27 15:00:00,DK1,88.71,81.57522,-7.134781
2024-08-27 15:00:00,DK2,88.71,92.81169,4.101692
2024-08-27 16:00:00,DK1,116.06,122.77312,6.7131195
2024-08-27 16:00:00,DK2,116.06,115.63838,-0.4216156
2024-08-27 17:00:00,DK1,225.0,145.65564,-79.34436
2024-08-27 17:00:00,DK2,232.25,168.4116,-63.838394
2024-08-27 18:00:00,DK1,212.2,171.0544,-41.1456
2024-08-27 18:00:00,DK2,217.92,171.37596,-46.544037
2024-08-27 19:00:00,DK1,120.52,171.17654,50.656548
2024-08-27 19:00:00,DK2,120.52,132.8075,12.287498
2024-08-27 20:00:00,DK1,105.21,101.053986,-4.1560135
2024-08-27 20:00:00,DK2,105.21,106.43069,1.2206879
2024-08-27 21:00:00,DK1,92.47,85.52903,-6.9409714
2024-08-27 21:00:00,DK2,92.47,80.28661,-12.183388
2024-08-27 22:00:00,DK1,90.47,90.521614,0.051612854
2024-08-27 22:00:00,DK2,90.47,88.92216,-1.5478439
2024-08-27 23:00:00,DK1,91.31,81.47011,-9.83989
2024-08-27 23:00:00,DK2,91.31,77.5385,-13.7715
2024-08-28 00:00:00,DK1,87.48,76.99423,-10.485771
2024-08-28 00:00:00,DK2,87.48,82.14719,-5.332817
2024-08-28 01:00:00,DK1,89.2,86.511536,-2.6884613
2024-08-28 01:00:00,DK2,89.2,87.429,-1.7709961
2024-08-28 02:00:00,DK1,91.22,88.03436,-3.1856384
2024-08-28 02:00:00,DK2,91.74,90.80974,-0.9302597
2024-08-28 03:00:00,DK1,91.73,100.51199,8.78199
2024-08-28 03:00:00,DK2,92.35,89.13066,-3.2193375
2024-08-28 04:00:00,DK1,113.96,99.23807,-14.721931
2024-08-28 04:00:00,DK2,114.99,111.255615,-3.7343826
2024-08-28 05:00:00,DK1,128.4,129.68726,1.287262
2024-08-28 05:00:00,DK2,128.57,125.39999,-3.170021
2024-08-28 06:00:00,DK1,121.0,121.52104,0.52104187
2024-08-28 06:00:00,DK2,121.0,118.918015,-2.0819855
2024-08-28 07:00:00,DK1,105.4,101.26431,-4.135689
2024-08-28 07:00:00,DK2,105.4,107.83475,2.4347458
2024-08-28 08:00:00,DK1,87.56,97.11784,9.557846
2024-08-28 08:00:00,DK2,87.56,85.94113,-1.618866
2024-08-28 09:00:00,DK1,68.78,75.142075,6.362076
2024-08-28 09:00:00,DK2,68.78,73.91719,5.137192
2024-08-28 10:00:00,DK1,35.14,53.31189,18.17189
2024-08-28 10:00:00,DK2,35.14,46.094673,10.954674
2024-08-28 11:00:00,DK1,10.4,23.793604,13.393604
2024-08-28 11:00:00,DK2,10.4,17.499626,7.0996265
2024-08-28 12:00:00,DK1,8.17,11.34886,3.1788597
2024-08-28 12:00:00,DK2,4.02,13.397154,9.377153
2024-08-28 13:00:00,DK1,54.16,18.896347,-35.263653
2024-08-28 13:00:00,DK2,4.0,24.977997,20.977997
2024-08-28 14:00:00,DK1,78.56,64.13286,-14.427139
2024-08-28 14:00:00,DK2,4.97,35.0923,30.122301
2024-08-28 15:00:00,DK1,91.78,79.16399,-12.616013
2024-08-28 15:00:00,DK2,22.05,47.261955,25.211956
2024-08-28 16:00:00,DK1,110.61,92.02571,-18.58429
2024-08-28 16:00:00,DK2,62.24,48.922806,-13.317196
2024-08-28 17:00:00,DK1,196.29,125.63366,-70.656334
2024-08-28 17:00:00,DK2,84.98,113.79597,28.815964
2024-08-28 18:00:00,DK1,198.89,147.12498,-51.765015
2024-08-28 18:00:00,DK2,65.48,130.71106,65.23106
2024-08-28 19:00:00,DK1,124.84,145.74103,20.901031
2024-08-28 19:00:00,DK2,26.82,44.85553,18.03553
2024-08-28 20:00:00,DK1,111.76,98.14957,-13.6104355
2024-08-28 20:00:00,DK2,4.21,24.575209,20.365208
2024-08-28 21:00:00,DK1,99.7,58.225098,-41.4749
2024-08-28 21:00:00,DK2,2.99,12.799488,9.809488
2024-08-28 22:00:00,DK1,93.53,54.839294,-38.690704
2024-08-28 22:00:00,DK2,10.07,10.583314,0.51331425
2024-08-28 23:00:00,DK1,93.98,61.12599,-32.85401
2024-08-28 23:00:00,DK2,10.07,12.589105,2.519105
2024-08-29 00:00:00,DK1,89.81,68.21572,-21.594276
2024-08-29 00:00:00,DK2,18.0,15.9072,-2.0928001
2024-08-29 01:00:00,DK1,88.68,62.690384,-25.989616
2024-08-29 01:00:00,DK2,25.15,17.933071,-7.2169285
2024-08-29 02:00:00,DK1,89.37,68.19198,-21.178024
2024-08-29 02:00:00,DK2,42.05,21.414997,-20.635002
2024-08-29 03:00:00,DK1,100.62,79.97795,-20.642052
2024-08-29 03:00:00,DK2,101.23,36.337357,-64.89265
2024-08-29 04:00:00,DK1,113.91,115.11998,1.2099762
2024-08-29 04:00:00,DK2,125.46,127.340126,1.880127
2024-08-29 05:00:00,DK1,133.26,145.89345,12.633453
2024-08-29 05:00:00,DK2,134.47,132.33215,-2.137848
2024-08-29 06:00:00,DK1,126.24,115.997826,-10.242172
2024-08-29 06:00:00,DK2,126.24,118.67143,-7.5685654
2024-08-29 07:00:00,DK1,108.71,102.44004,-6.2699585
2024-08-29 07:00:00,DK2,108.71,99.78566,-8.924339
2024-08-29 08:00:00,DK1,92.19,90.76852,-1.4214859
2024-08-29 08:00:00,DK2,92.19,90.207146,-1.9828568
2024-08-29 09:00:00,DK1,84.4,78.977585,-5.4224167
2024-08-29 09:00:00,DK2,84.4,90.81595,6.415947
2024-08-29 10:00:00,DK1,65.78,80.73018,14.95018
2024-08-29 10:00:00,DK2,65.78,73.46243,7.682434
2024-08-29 11:00:00,DK1,45.25,63.789635,18.539635
2024-08-29 11:00:00,DK2,45.25,59.88942,14.63942
2024-08-29 12:00:00,DK1,51.32,50.449356,-0.8706436
2024-08-29 12:00:00,DK2,51.32,52.71962,1.39962
2024-08-29 13:00:00,DK1,79.45,60.820137,-18.62986
2024-08-29 13:00:00,DK2,79.45,67.81419,-11.635803
2024-08-29 14:00:00,DK1,90.15,92.992134,2.8421326
2024-08-29 14:00:00,DK2,90.15,89.56109,-0.58891296
2024-08-29 15:00:00,DK1,105.38,107.48428,2.1042862
2024-08-29 15:00:00,DK2,105.38,106.80779,1.4277954
2024-08-29 16:00:00,DK1,114.69,138.22147,23.531464
2024-08-29 16:00:00,DK2,123.51,129.44728,5.9372787
2024-08-29 17:00:00,DK1,219.84,161.6708,-58.16919
2024-08-29 17:00:00,DK2,227.49,170.68979,-56.800217
2024-08-29 18:00:00,DK1,278.49,171.35992,-107.130066
2024-08-29 18:00:00,DK2,289.27,171.48207,-117.78792
2024-08-29 19:00:00,DK1,166.0,171.44807,5.4480743
2024-08-29 19:00:00,DK2,169.09,170.8546,1.7646027
2024-08-29 20:00:00,DK1,124.93,151.9422,27.0122
2024-08-29 20:00:00,DK2,125.0,140.58038,15.580383
2024-08-29 21:00:00,DK1,110.1,118.68828,8.58828
2024-08-29 21:00:00,DK2,110.1,114.887726,4.7877274
2024-08-29 22:00:00,DK1,109.88,102.40628,-7.4737167
2024-08-29 22:00:00,DK2,109.88,106.282,-3.5979996
2024-08-29 23:00:00,DK1,100.3,106.427086,6.127083
2024-08-29 23:00:00,DK2,100.3,107.3763,7.076294
2024-08-30 00:00:00,DK1,93.53,103.25099,9.720993
2024-08-30 00:00:00,DK2,93.53,98.32999,4.799988
2024-08-30 01:00:00,DK1,93.28,94.51017,1.2301712
2024-08-30 01:00:00,DK2,93.28,93.67149,0.39149475
2024-08-30 02:00:00,DK1,94.87,91.8293,-3.0407028
2024-08-30 02:00:00,DK2,97.62,90.49722,-7.12278
2024-08-30 03:00:00,DK1,104.16,94.723206,-9.436798
2024-08-30 03:00:00,DK2,107.37,96.57006,-10.799942
2024-08-30 04:00:00,DK1,136.83,107.19566,-29.634338
2024-08-30 04:00:00,DK2,133.55,118.79965,-14.750351
2024-08-30 05:00:00,DK1,151.06,136.01355,-15.046448
2024-08-30 05:00:00,DK2,146.16,147.65475,1.494751
2024-08-30 06:00:00,DK1,133.55,143.15628,9.606277
2024-08-30 06:00:00,DK2,141.73,131.68073,-10.049271
2024-08-30 07:00:00,DK1,113.7,116.93592,3.2359238
2024-08-30 07:00:00,DK2,113.7,115.412445,1.7124481
2024-08-30 08:00:00,DK1,98.24,102.32848,4.0884857
2024-08-30 08:00:00,DK2,98.24,99.09048,0.8504791
2024-08-30 09:00:00,DK1,89.95,88.2323,-1.7176971
2024-08-30 09:00:00,DK2,122.44,87.65735,-34.782654
2024-08-30 10:00:00,DK1,86.13,79.79586,-6.334137
2024-08-30 10:00:00,DK2,53.63,83.34723,29.717228
2024-08-30 11:00:00,DK1,80.2,73.542595,-6.657402
2024-08-30 11:00:00,DK2,80.2,75.9192,-4.2808
2024-08-30 12:00:00,DK1,78.97,69.023285,-9.946716
2024-08-30 12:00:00,DK2,79.08,67.29123,-11.788773
2024-08-30 13:00:00,DK1,81.98,72.630714,-9.349289
2024-08-30 13:00:00,DK2,81.98,76.99455,-4.9854507
2024-08-30 14:00:00,DK1,85.36,84.762054,-0.59794617
2024-08-30 14:00:00,DK2,86.35,89.95538,3.6053848
2024-08-30 15:00:00,DK1,99.16,100.385895,1.2258911
2024-08-30 15:00:00,DK2,101.96,100.38758,-1.5724182
2024-08-30 16:00:00,DK1,119.99,116.337036,-3.6529617
2024-08-30 16:00:00,DK2,119.99,124.41922,4.429222
2024-08-30 17:00:00,DK1,144.9,140.93921,-3.960785
2024-08-30 17:00:00,DK2,156.11,143.25223,-12.857773
2024-08-30 18:00:00,DK1,137.29,153.66818,16.37819
2024-08-30 18:00:00,DK2,137.29,149.6471,12.357101
2024-08-30 19:00:00,DK1,112.71,131.68025,18.970253
2024-08-30 19:00:00,DK2,112.71,118.25488,5.5448837
2024-08-30 20:00:00,DK1,96.83,96.17897,-0.6510315
2024-08-30 20:00:00,DK2,96.83,98.134674,1.3046722
2024-08-30 21:00:00,DK1,95.36,76.88457,-18.475433
2024-08-30 21:00:00,DK2,95.36,75.23883,-20.12117
2024-08-30 22:00:00,DK1,107.67,75.64451,-32.02549
2024-08-30 22:00:00,DK2,107.67,89.225784,-18.444214
2024-08-30 23:00:00,DK1,103.34,97.58943,-5.7505646
2024-08-30 23:00:00,DK2,103.34,101.135735,-2.2042618
2024-08-31 00:00:00,DK1,102.06,96.68913,-5.370865
2024-08-31 00:00:00,DK2,102.06,98.27821,-3.781784
2024-08-31 01:00:00,DK1,99.04,95.63269,-3.4073105
2024-08-31 01:00:00,DK2,99.04,98.70676,-0.33324432
2024-08-31 02:00:00,DK1,96.65,97.27634,0.62633514
2024-08-31 02:00:00,DK2,96.65,98.763916,2.1139145
2024-08-31 03:00:00,DK1,98.07,97.26471,-0.8052902
2024-08-31 03:00:00,DK2,98.07,101.25942,3.1894226
2024-08-31 04:00:00,DK1,109.97,100.7666,-9.2034
2024-08-31 04:00:00,DK2,109.97,107.21048,-2.7595215
2024-08-31 05:00:00,DK1,110.75,107.30431,-3.4456863
2024-08-31 05:00:00,DK2,110.75,112.83438,2.084381
2024-08-31 06:00:00,DK1,109.97,106.162544,-3.807457
2024-08-31 06:00:00,DK2,109.97,110.0598,0.08979797
2024-08-31 07:00:00,DK1,84.92,99.56838,14.648384
2024-08-31 07:00:00,DK2,84.92,93.916145,8.996147
2024-08-31 08:00:00,DK1,60.13,77.09576,16.965755
2024-08-31 08:00:00,DK2,60.13,75.188385,15.058384
2024-08-31 09:00:00,DK1,18.34,42.88536,24.54536
2024-08-31 09:00:00,DK2,18.34,23.142036,4.8020363
2024-08-31 10:00:00,DK1,0.47,8.096451,7.626451
2024-08-31 10:00:00,DK2,0.47,5.983183,5.513183
2024-08-31 11:00:00,DK1,-0.59,2.604734,3.1947339
2024-08-31 11:00:00,DK2,-0.59,3.5642185,4.1542187
2024-08-31 12:00:00,DK1,-0.8,1.6722517,2.4722517
2024-08-31 12:00:00,DK2,-0.8,4.107831,4.907831
2024-08-31 13:00:00,DK1,2.55,3.4626758,0.91267586
2024-08-31 13:00:00,DK2,2.55,6.255933,3.7059329
2024-08-31 14:00:00,DK1,23.71,26.603455,2.8934555
2024-08-31 14:00:00,DK2,23.71,19.316227,-4.393772
2024-08-31 15:00:00,DK1,80.02,61.21534,-18.804657
2024-08-31 15:00:00,DK2,80.02,44.31832,-35.701675
2024-08-31 16:00:00,DK1,117.3,97.996735,-19.303268
2024-08-31 16:00:00,DK2,117.3,108.272156,-9.027847
2024-08-31 17:00:00,DK1,148.29,126.99072,-21.29927
2024-08-31 17:00:00,DK2,148.29,132.69913,-15.590866
2024-08-31 18:00:00,DK1,126.78,153.22894,26.448944
2024-08-31 18:00:00,DK2,126.78,144.41678,17.63678
2024-08-31 19:00:00,DK1,107.29,124.736336,17.446335
2024-08-31 19:00:00,DK2,107.29,118.53557,11.245567
2024-08-31 20:00:00,DK1,99.85,108.48735,8.637352
2024-08-31 20:00:00,DK2,99.85,106.53101,6.681015
2024-08-31 21:00:00,DK1,89.23,96.47984,7.24984
2024-08-31 21:00:00,DK2,89.23,100.097115,10.867111
2024-08-31 22:00:00,DK1,93.76,90.768936,-2.991066
2024-08-31 22:00:00,DK2,93.76,93.00848,-0.7515259
2024-08-31 23:00:00,DK1,85.98,83.312,-2.668007
2024-08-31 23:00:00,DK2,85.98,84.468216,-1.5117874
2024-09-01 00:00:00,DK1,80.37,81.210175,0.8401718
2024-09-01 00:00:00,DK2,80.37,80.04711,-0.32289124
2024-09-01 01:00:00,DK1,79.57,73.844345,-5.7256546
2024-09-01 01:00:00,DK2,80.14,75.86406,-4.27594
2024-09-01 02:00:00,DK1,79.87,74.66275,-5.2072525
2024-09-01 02:00:00,DK2,79.87,79.20155,-0.6684494
2024-09-01 03:00:00,DK1,76.57,81.960686,5.390686
2024-09-01 03:00:00,DK2,76.57,89.20356,12.63356
2024-09-01 04:00:00,DK1,73.8,92.93979,19.139786
2024-09-01 04:00:00,DK2,79.49,88.010544,8.520546
2024-09-01 05:00:00,DK1,72.09,88.95351,16.86351
2024-09-01 05:00:00,DK2,73.1,78.1635,5.0634995
2024-09-01 06:00:00,DK1,60.63,67.59296,6.9629555
2024-09-01 06:00:00,DK2,60.63,67.788795,7.1587944
2024-09-01 07:00:00,DK1,41.27,58.44306,17.173061
2024-09-01 07:00:00,DK2,41.27,45.89251,4.622509
2024-09-01 08:00:00,DK1,12.73,26.32105,13.591051
2024-09-01 08:00:00,DK2,9.32,16.027,6.7070007
2024-09-01 09:00:00,DK1,-0.79,6.5523944,7.3423944
2024-09-01 09:00:00,DK2,2.62,6.237317,3.6173172
2024-09-01 10:00:00,DK1,-3.39,1.5814456,4.9714456
2024-09-01 10:00:00,DK2,-3.39,1.6367437,5.026744
2024-09-01 11:00:00,DK1,-2.72,-1.1414647,1.5785353
2024-09-01 11:00:00,DK2,-2.72,-0.14792514,2.572075
2024-09-01 12:00:00,DK1,-5.11,-1.9080172,3.201983
2024-09-01 12:00:00,DK2,-3.44,-0.7290492,2.7109509
2024-09-01 13:00:00,DK1,-4.99,-0.92809486,4.061905
2024-09-01 13:00:00,DK2,3.58,0.29235554,-3.2876444
2024-09-01 14:00:00,DK1,25.56,1.8174624,-23.742537
2024-09-01 14:00:00,DK2,16.99,14.325289,-2.664711
2024-09-01 15:00:00,DK1,78.28,91.48775,13.207748
2024-09-01 15:00:00,DK2,78.28,95.65863,17.378632
2024-09-01 16:00:00,DK1,109.11,129.8465,20.736496
2024-09-01 16:00:00,DK2,109.11,111.872314,2.7623138
2024-09-01 17:00:00,DK1,131.6,138.6254,7.0253906
2024-09-01 17:00:00,DK2,131.6,128.77315,-2.8268585
2024-09-01 18:00:00,DK1,123.87,135.31046,11.440453
2024-09-01 18:00:00,DK2,123.91,126.85666,2.9466553
2024-09-01 19:00:00,DK1,107.63,114.07317,6.4431763
2024-09-01 19:00:00,DK2,107.63,110.664154,3.0341568
2024-09-01 20:00:00,DK1,102.02,86.16793,-15.852066
2024-09-01 20:00:00,DK2,102.02,81.11196,-20.908035
2024-09-01 21:00:00,DK1,91.5,86.68968,-4.810318
2024-09-01 21:00:00,DK2,91.5,99.139984,7.639984
2024-09-01 22:00:00,DK1,91.24,92.86,1.6200027
2024-09-01 22:00:00,DK2,91.24,89.93042,-1.309578
2024-09-01 23:00:00,DK1,94.77,82.780914,-11.989082
2024-09-01 23:00:00,DK2,94.77,91.83507,-2.934929
2024-09-02 00:00:00,DK1,92.39,90.498886,-1.8911133
2024-09-02 00:00:00,DK2,92.39,91.51624,-0.8737564
2024-09-02 01:00:00,DK1,92.51,91.659424,-0.8505783
2024-09-02 01:00:00,DK2,92.51,93.2654,0.7554016
2024-09-02 02:00:00,DK1,91.59,93.84346,2.2534637
2024-09-02 02:00:00,DK2,91.59,92.45218,0.8621826
2024-09-02 03:00:00,DK1,101.52,98.76045,-2.7595444
2024-09-02 03:00:00,DK2,101.52,99.62067,-1.8993301
2024-09-02 04:00:00,DK1,114.73,114.1676,-0.5624008
2024-09-02 04:00:00,DK2,114.73,114.16909,-0.5609131
2024-09-02 05:00:00,DK1,133.32,131.37778,-1.9422302
2024-09-02 05:00:00,DK2,134.95,138.58452,3.6345215
2024-09-02 06:00:00,DK1,131.94,135.35031,3.4103088
2024-09-02 06:00:00,DK2,131.94,117.21016,-14.729843
2024-09-02 07:00:00,DK1,122.64,103.41177,-19.228226
2024-09-02 07:00:00,DK2,122.64,110.042175,-12.597824
2024-09-02 08:00:00,DK1,102.83,103.07019,0.2401886
2024-09-02 08:00:00,DK2,102.83,98.3476,-4.482399
2024-09-02 09:00:00,DK1,90.82,83.231125,-7.588875
2024-09-02 09:00:00,DK2,90.82,88.639694,-2.1803055
2024-09-02 10:00:00,DK1,85.02,84.902115,-0.117881775
2024-09-02 10:00:00,DK2,85.05,86.65795,1.6079483
2024-09-02 11:00:00,DK1,73.36,81.5717,8.2117
2024-09-02 11:00:00,DK2,81.19,80.20087,-0.98913574
2024-09-02 12:00:00,DK1,72.91,77.17549,4.2654877
2024-09-02 12:00:00,DK2,83.63,77.13948,-6.4905167
2024-09-02 13:00:00,DK1,82.2,79.28035,-2.9196472
2024-09-02 13:00:00,DK2,88.24,76.02551,-12.214485
2024-09-02 14:00:00,DK1,93.63,84.899345,-8.730652
2024-09-02 14:00:00,DK2,93.63,93.064224,-0.565773
2024-09-02 15:00:00,DK1,112.88,125.83059,12.950592
2024-09-02 15:00:00,DK2,112.88,128.70827,15.82827
2024-09-02 16:00:00,DK1,137.78,162.88092,25.100922
2024-09-02 16:00:00,DK2,137.78,158.89229,21.11229
2024-09-02 17:00:00,DK1,255.4,165.52576,-89.87424
2024-09-02 17:00:00,DK2,255.4,171.0654,-84.334595
2024-09-02 18:00:00,DK1,210.49,171.44002,-39.049988
2024-09-02 18:00:00,DK2,212.06,171.09964,-40.960358
2024-09-02 19:00:00,DK1,131.9,166.887,34.987
2024-09-02 19:00:00,DK2,131.9,141.0474,9.1474
2024-09-02 20:00:00,DK1,114.24,110.468155,-3.771843
2024-09-02 20:00:00,DK2,114.24,112.5277,-1.7122955
2024-09-02 21:00:00,DK1,103.84,100.4709,-3.3690948
2024-09-02 21:00:00,DK2,103.84,100.85442,-2.9855728
2024-09-02 22:00:00,DK1,99.58,100.797905,1.2179031
2024-09-02 22:00:00,DK2,99.58,99.63253,0.05252838
2024-09-02 23:00:00,DK1,93.0,97.60672,4.60672
2024-09-02 23:00:00,DK2,93.0,94.07912,1.0791168
2024-09-03 00:00:00,DK1,91.5,87.78135,-3.7186508
2024-09-03 00:00:00,DK2,91.5,90.06651,-1.4334869
2024-09-03 01:00:00,DK1,92.97,86.92899,-6.041008
2024-09-03 01:00:00,DK2,92.97,85.830635,-7.139366
2024-09-03 02:00:00,DK1,96.0,87.207214,-8.792786
2024-09-03 02:00:00,DK2,96.0,94.35796,-1.6420364
2024-09-03 03:00:00,DK1,99.91,96.49781,-3.4121933
2024-09-03 03:00:00,DK2,99.91,97.89862,-2.011383
2024-09-03 04:00:00,DK1,123.9,107.16502,-16.734978
2024-09-03 04:00:00,DK2,133.92,118.5574,-15.362595
2024-09-03 05:00:00,DK1,148.43,135.85097,-12.579025
2024-09-03 05:00:00,DK2,148.43,135.74374,-12.686249
2024-09-03 06:00:00,DK1,133.95,125.09557,-8.8544235
2024-09-03 06:00:00,DK2,133.95,124.022064,-9.927933
2024-09-03 07:00:00,DK1,115.98,107.83667,-8.143333
2024-09-03 07:00:00,DK2,115.98,108.56996,-7.410042
2024-09-03 08:00:00,DK1,98.88,102.95665,4.0766525
2024-09-03 08:00:00,DK2,98.88,99.21919,0.33919525
2024-09-03 09:00:00,DK1,90.02,90.01929,-0.0007095337
2024-09-03 09:00:00,DK2,90.02,93.607605,3.5876083
2024-09-03 10:00:00,DK1,84.8,86.11435,1.3143463
2024-09-03 10:00:00,DK2,84.8,87.7124,2.9123993
2024-09-03 11:00:00,DK1,82.69,85.223404,2.5334015
2024-09-03 11:00:00,DK2,82.69,86.83298,4.142975
2024-09-03 12:00:00,DK1,84.13,91.361176,7.2311783
2024-09-03 12:00:00,DK2,84.13,90.49045,6.3604507
2024-09-03 13:00:00,DK1,86.67,95.45523,8.785233
2024-09-03 13:00:00,DK2,86.67,92.73984,6.0698395
2024-09-03 14:00:00,DK1,91.21,106.781525,15.571526
2024-09-03 14:00:00,DK2,91.21,99.13925,7.9292526
2024-09-03 15:00:00,DK1,120.95,132.3369,11.386902
2024-09-03 15:00:00,DK2,120.95,133.95105,13.001053
2024-09-03 16:00:00,DK1,217.09,167.06158,-50.02841
2024-09-03 16:00:00,DK2,217.09,171.02194,-46.068054
2024-09-03 17:00:00,DK1,334.59,171.45319,-163.13681
2024-09-03 17:00:00,DK2,334.59,171.5107,-163.0793
2024-09-03 18:00:00,DK1,340.0,171.52237,-168.47763
2024-09-03 18:00:00,DK2,340.0,171.52396,-168.47604
2024-09-03 19:00:00,DK1,206.8,171.52386,-35.27614
2024-09-03 19:00:00,DK2,206.8,171.45395,-35.346054
2024-09-03 20:00:00,DK1,133.2,170.20418,37.00418
2024-09-03 20:00:00,DK2,133.2,146.30066,13.100662
2024-09-03 21:00:00,DK1,117.32,110.09622,-7.223778
2024-09-03 21:00:00,DK2,117.32,117.68973,0.3697281
2024-09-03 22:00:00,DK1,108.17,105.80839,-2.3616104
2024-09-03 22:00:00,DK2,108.17,98.797455,-9.372543
2024-09-03 23:00:00,DK1,101.02,95.756836,-5.2631607
2024-09-03 23:00:00,DK2,101.02,93.11153,-7.90847
2024-09-04 00:00:00,DK1,98.89,97.768745,-1.121254
2024-09-04 00:00:00,DK2,98.89,97.26774,-1.622261
2024-09-04 01:00:00,DK1,98.34,105.26673,6.926735
2024-09-04 01:00:00,DK2,98.34,104.64458,6.3045807
2024-09-04 02:00:00,DK1,98.62,104.79213,6.172127
2024-09-04 02:00:00,DK2,98.62,100.00487,1.3848648
2024-09-04 03:00:00,DK1,109.37,104.99008,-4.379921
2024-09-04 03:00:00,DK2,109.37,109.77066,0.40065765
2024-09-04 04:00:00,DK1,144.02,122.63867,-21.381332
2024-09-04 04:00:00,DK2,144.02,129.05263,-14.967377
2024-09-04 05:00:00,DK1,181.16,155.13542,-26.024582
2024-09-04 05:00:00,DK2,181.16,161.63733,-19.522675
2024-09-04 06:00:00,DK1,155.89,161.50536,5.6153564
2024-09-04 06:00:00,DK2,155.89,141.93852,-13.951477
2024-09-04 07:00:00,DK1,125.29,111.579865,-13.710136
2024-09-04 07:00:00,DK2,125.29,126.00317,0.7131653
2024-09-04 08:00:00,DK1,107.21,115.27179,8.06179
2024-09-04 08:00:00,DK2,107.21,109.4042,2.1941986
2024-09-04 09:00:00,DK1,96.06,96.20005,0.1400528
2024-09-04 09:00:00,DK2,96.06,99.235535,3.175537
2024-09-04 10:00:00,DK1,92.0,94.08951,2.089508
2024-09-04 10:00:00,DK2,92.0,99.4615,7.461502
2024-09-04 11:00:00,DK1,90.49,104.69545,14.205452
2024-09-04 11:00:00,DK2,90.49,99.749886,9.259888
2024-09-04 12:00:00,DK1,89.2,90.809616,1.6096191
2024-09-04 12:00:00,DK2,89.2,90.04747,0.84747314
2024-09-04 13:00:00,DK1,92.72,101.8111,9.091095
2024-09-04 13:00:00,DK2,92.72,94.569466,1.8494644
2024-09-04 14:00:00,DK1,101.85,104.37054,2.5205383
2024-09-04 14:00:00,DK2,101.85,104.275955,2.4259567
2024-09-04 15:00:00,DK1,123.97,133.21616,9.246155
2024-09-04 15:00:00,DK2,123.97,129.66638,5.6963806
2024-09-04 16:00:00,DK1,155.7,163.21268,7.51268
2024-09-04 16:00:00,DK2,155.7,165.79892,10.098923
2024-09-04 17:00:00,DK1,303.0,170.91803,-132.08197
2024-09-04 17:00:00,DK2,303.0,171.45169,-131.54831
2024-09-04 18:00:00,DK1,181.95,171.50943,-10.440567
2024-09-04 18:00:00,DK2,181.95,171.16675,-10.783249
2024-09-04 19:00:00,DK1,130.26,131.24762,0.9876251
2024-09-04 19:00:00,DK2,130.26,119.8286,-10.4313965
2024-09-04 20:00:00,DK1,108.59,121.35996,12.769966
2024-09-04 20:00:00,DK2,82.04,103.66486,21.624863
2024-09-04 21:00:00,DK1,99.58,64.09707,-35.482933
2024-09-04 21:00:00,DK2,56.26,86.76219,30.502193
2024-09-04 22:00:00,DK1,101.27,116.711,15.441002
2024-09-04 22:00:00,DK2,101.27,111.046425,9.776428
2024-09-04 23:00:00,DK1,94.6,101.33646,6.736458
2024-09-04 23:00:00,DK2,94.6,87.09517,-7.5048294
2024-09-05 00:00:00,DK1,90.0,86.058655,-3.9413452
2024-09-05 00:00:00,DK2,90.0,82.86719,-7.1328125
2024-09-05 01:00:00,DK1,87.11,82.83674,-4.273262
2024-09-05 01:00:00,DK2,87.11,90.94219,3.8321915
2024-09-05 02:00:00,DK1,80.57,93.97793,13.407928
2024-09-05 02:00:00,DK2,80.57,92.03311,11.463112
2024-09-05 03:00:00,DK1,51.8,100.09803,48.29803
2024-09-05 03:00:00,DK2,51.8,99.36365,47.56365
2024-09-05 04:00:00,DK1,80.39,104.44856,24.058563
2024-09-05 04:00:00,DK2,80.39,87.10693,6.716934
2024-09-05 05:00:00,DK1,88.88,80.86081,-8.019188
2024-09-05 05:00:00,DK2,88.88,87.684525,-1.1954727
2024-09-05 06:00:00,DK1,54.67,98.3281,43.658104
2024-09-05 06:00:00,DK2,54.67,72.485214,17.815216
2024-09-05 07:00:00,DK1,39.86,28.98125,-10.87875
2024-09-05 07:00:00,DK2,39.86,28.699492,-11.160509
2024-09-05 08:00:00,DK1,65.06,21.756655,-43.303345
2024-09-05 08:00:00,DK2,51.65,43.05538,-8.59462
2024-09-05 09:00:00,DK1,0.11,51.217506,51.107506
2024-09-05 09:00:00,DK2,13.52,23.470797,9.950796
2024-09-05 10:00:00,DK1,-0.07,7.6540194,7.7240195
2024-09-05 10:00:00,DK2,2.93,6.83342,3.9034197
2024-09-05 11:00:00,DK1,-0.82,2.9758904,3.7958903
2024-09-05 11:00:00,DK2,0.01,5.731256,5.721256
2024-09-05 12:00:00,DK1,-0.1,2.190798,2.290798
2024-09-05 12:00:00,DK2,0.01,3.3463867,3.3363867
2024-09-05 13:00:00,DK1,-2.04,2.7382574,4.7782574
2024-09-05 13:00:00,DK2,0.01,3.6392426,3.6292427
2024-09-05 14:00:00,DK1,-0.01,5.302311,5.312311
2024-09-05 14:00:00,DK2,5.56,6.0868053,0.5268054
2024-09-05 15:00:00,DK1,36.13,28.599794,-7.5302067
2024-09-05 15:00:00,DK2,29.83,30.697317,0.8673172
2024-09-05 16:00:00,DK1,55.5,71.64131,16.141312
2024-09-05 16:00:00,DK2,55.5,42.10537,-13.39463
2024-09-05 17:00:00,DK1,51.0,62.69757,11.697571
2024-09-05 17:00:00,DK2,51.0,30.495205,-20.504795
2024-09-05 18:00:00,DK1,45.64,41.606247,-4.0337524
2024-09-05 18:00:00,DK2,45.64,32.043995,-13.5960045
2024-09-05 19:00:00,DK1,39.92,31.699892,-8.220106
2024-09-05 19:00:00,DK2,39.92,22.101004,-17.818995
2024-09-05 20:00:00,DK1,34.99,14.390923,-20.59908
2024-09-05 20:00:00,DK2,34.99,12.880542,-22.109459
2024-09-05 21:00:00,DK1,30.81,11.962257,-18.847742
2024-09-05 21:00:00,DK2,26.25,8.1781435,-18.071857
2024-09-05 22:00:00,DK1,22.19,11.983969,-10.206032
2024-09-05 22:00:00,DK2,22.19,7.567356,-14.622644
2024-09-05 23:00:00,DK1,19.92,7.094139,-12.825861
2024-09-05 23:00:00,DK2,19.92,6.289955,-13.630045
2024-09-06 00:00:00,DK1,19.9,5.746168,-14.1538315
2024-09-06 00:00:00,DK2,19.9,4.9868755,-14.913124
2024-09-06 01:00:00,DK1,20.0,5.5341525,-14.465847
2024-09-06 01:00:00,DK2,20.0,4.5809774,-15.419023
2024-09-06 02:00:00,DK1,22.25,7.132092,-15.1179085
2024-09-06 02:00:00,DK2,22.25,7.277692,-14.972308
2024-09-06 03:00:00,DK1,24.8,9.749222,-15.050777
2024-09-06 03:00:00,DK2,24.8,10.675409,-14.12459
2024-09-06 04:00:00,DK1,28.67,17.829016,-10.840984
2024-09-06 04:00:00,DK2,28.67,17.468937,-11.201063
2024-09-06 05:00:00,DK1,42.25,27.968786,-14.281214
2024-09-06 05:00:00,DK2,42.25,29.390406,-12.859594
2024-09-06 06:00:00,DK1,43.01,24.83812,-18.171879
2024-09-06 06:00:00,DK2,43.01,28.624706,-14.385292
2024-09-06 07:00:00,DK1,39.48,18.66683,-20.81317
2024-09-06 07:00:00,DK2,39.48,25.592388,-13.887611
2024-09-06 08:00:00,DK1,30.0,17.177328,-12.822672
2024-09-06 08:00:00,DK2,30.0,17.573248,-12.426752
2024-09-06 09:00:00,DK1,20.07,10.080442,-9.989557
2024-09-06 09:00:00,DK2,20.07,11.846203,-8.223797
2024-09-06 10:00:00,DK1,13.61,6.8802853,-6.7297144
2024-09-06 10:00:00,DK2,13.61,8.7527485,-4.857251
2024-09-06 11:00:00,DK1,12.48,8.210742,-4.2692575
2024-09-06 11:00:00,DK2,7.95,10.287192,2.3371925
2024-09-06 12:00:00,DK1,14.53,9.348204,-5.181796
2024-09-06 12:00:00,DK2,7.81,8.122444,0.3124442
2024-09-06 13:00:00,DK1,15.01,11.562778,-3.4472218
2024-09-06 13:00:00,DK2,15.01,10.079073,-4.9309273
2024-09-06 14:00:00,DK1,15.06,14.288521,-0.7714796
2024-09-06 14:00:00,DK2,15.06,12.811003,-2.2489977
2024-09-06 15:00:00,DK1,42.09,18.004795,-24.085205
2024-09-06 15:00:00,DK2,42.09,26.594648,-15.495352
2024-09-06 16:00:00,DK1,74.67,80.02938,5.3593826
2024-09-06 16:00:00,DK2,74.67,69.885666,-4.7843323
2024-09-06 17:00:00,DK1,99.96,86.22316,-13.736839
2024-09-06 17:00:00,DK2,99.96,83.250595,-16.709404
2024-09-06 18:00:00,DK1,99.83,104.33115,4.5011444
2024-09-06 18:00:00,DK2,99.83,82.66503,-17.16497
2024-09-06 19:00:00,DK1,72.95,59.68055,-13.269447
2024-09-06 19:00:00,DK2,72.95,65.255486,-7.6945114
2024-09-06 20:00:00,DK1,46.23,34.59488,-11.63512
2024-09-06 20:00:00,DK2,46.23,27.304096,-18.925903
2024-09-06 21:00:00,DK1,42.17,19.42008,-22.749918
2024-09-06 21:00:00,DK2,42.17,28.232168,-13.93783
2024-09-06 22:00:00,DK1,102.3,65.57351,-36.726494
2024-09-06 22:00:00,DK2,102.3,73.36275,-28.937256
2024-09-06 23:00:00,DK1,96.61,85.07981,-11.5301895
2024-09-06 23:00:00,DK2,96.61,78.58725,-18.02275
2024-09-07 00:00:00,DK1,94.73,81.941315,-12.788689
2024-09-07 00:00:00,DK2,94.73,86.92789,-7.8021164
2024-09-07 01:00:00,DK1,92.41,83.78286,-8.627144
2024-09-07 01:00:00,DK2,92.41,86.45368,-5.9563217
2024-09-07 02:00:00,DK1,94.4,86.331665,-8.0683365
2024-09-07 02:00:00,DK2,94.4,87.26944,-7.130562
2024-09-07 03:00:00,DK1,97.35,90.899994,-6.4500046
2024-09-07 03:00:00,DK2,97.35,88.946465,-8.403534
2024-09-07 04:00:00,DK1,100.26,91.9097,-8.350304
2024-09-07 04:00:00,DK2,100.26,102.041756,1.7817535
2024-09-07 05:00:00,DK1,102.55,104.343315,1.7933121
2024-09-07 05:00:00,DK2,102.55,94.77506,-7.7749405
2024-09-07 06:00:00,DK1,95.44,90.50824,-4.9317627
2024-09-07 06:00:00,DK2,95.44,94.26112,-1.1788788
2024-09-07 07:00:00,DK1,84.19,79.5688,-4.6212006
2024-09-07 07:00:00,DK2,84.19,82.51262,-1.6773834
2024-09-07 08:00:00,DK1,51.52,63.268524,11.748524
2024-09-07 08:00:00,DK2,51.52,55.458015,3.938015
2024-09-07 09:00:00,DK1,14.17,30.335722,16.165722
2024-09-07 09:00:00,DK2,14.17,17.907345,3.7373447
2024-09-07 10:00:00,DK1,5.48,7.364516,1.8845158
2024-09-07 10:00:00,DK2,5.27,6.435287,1.165287
2024-09-07 11:00:00,DK1,1.02,3.9519253,2.9319253
2024-09-07 11:00:00,DK2,1.24,6.03306,4.7930603
2024-09-07 12:00:00,DK1,0.44,9.859357,9.419357
2024-09-07 12:00:00,DK2,3.1,8.361599,5.261599
2024-09-07 13:00:00,DK1,8.41,13.631298,5.221298
2024-09-07 13:00:00,DK2,5.75,14.380374,8.630374
2024-09-07 14:00:00,DK1,49.62,31.923368,-17.69663
2024-09-07 14:00:00,DK2,49.62,37.633583,-11.986416
2024-09-07 15:00:00,DK1,101.4,80.08145,-21.31855
2024-09-07 15:00:00,DK2,101.4,81.445305,-19.954697
2024-09-07 16:00:00,DK1,128.57,109.98952,-18.58049
2024-09-07 16:00:00,DK2,128.57,121.457504,-7.112503
2024-09-07 17:00:00,DK1,150.4,156.14127,5.741272
2024-09-07 17:00:00,DK2,150.4,160.74191,10.341919
2024-09-07 18:00:00,DK1,133.0,168.00606,35.006058
2024-09-07 18:00:00,DK2,133.0,158.60367,25.603668
2024-09-07 19:00:00,DK1,101.9,135.05899,33.15899
2024-09-07 19:00:00,DK2,101.9,104.69912,2.799118
2024-09-07 20:00:00,DK1,92.32,64.22226,-28.09774
2024-09-07 20:00:00,DK2,92.32,75.83623,-16.483772
2024-09-07 21:00:00,DK1,89.24,78.73802,-10.501976
2024-09-07 21:00:00,DK2,89.24,91.991875,2.7518768
2024-09-07 22:00:00,DK1,93.91,92.75156,-1.1584473
2024-09-07 22:00:00,DK2,93.91,89.43233,-4.4776764
2024-09-07 23:00:00,DK1,86.46,94.32713,7.867134
2024-09-07 23:00:00,DK2,86.46,89.12848,2.66848
2024-09-08 00:00:00,DK1,83.68,78.784225,-4.895775
2024-09-08 00:00:00,DK2,83.68,80.82208,-2.8579178
2024-09-08 01:00:00,DK1,82.0,77.2085,-4.7914963
2024-09-08 01:00:00,DK2,82.0,78.21215,-3.7878494
2024-09-08 02:00:00,DK1,82.39,79.34428,-3.045723
2024-09-08 02:00:00,DK2,82.39,81.718575,-0.67142487
2024-09-08 03:00:00,DK1,85.1,83.60863,-1.4913712
2024-09-08 03:00:00,DK2,85.1,85.92554,0.82553864
2024-09-08 04:00:00,DK1,83.36,90.07561,6.7156067
2024-09-08 04:00:00,DK2,83.36,87.01492,3.6549225
2024-09-08 05:00:00,DK1,82.07,86.61684,4.546837
2024-09-08 05:00:00,DK2,82.07,80.72013,-1.3498688
2024-09-08 06:00:00,DK1,76.73,79.13703,2.4070282
2024-09-08 06:00:00,DK2,76.73,65.36065,-11.369354
2024-09-08 07:00:00,DK1,40.58,66.81447,26.234467
2024-09-08 07:00:00,DK2,40.58,47.73603,7.1560287
2024-09-08 08:00:00,DK1,8.29,25.199781,16.909782
2024-09-08 08:00:00,DK2,6.24,13.139911,6.899911
2024-09-08 09:00:00,DK1,0.44,4.5591836,4.1191835
2024-09-08 09:00:00,DK2,2.49,1.8206971,-0.66930294
2024-09-08 10:00:00,DK1,0.04,-1.1122649,-1.1522648
2024-09-08 10:00:00,DK2,0.04,-1.3259783,-1.3659782
2024-09-08 11:00:00,DK1,0.01,-3.0500937,-3.0600936
2024-09-08 11:00:00,DK2,0.01,-2.665205,-2.675205
2024-09-08 12:00:00,DK1,1.16,-1.9955368,-3.1555367
2024-09-08 12:00:00,DK2,1.19,0.30587864,-0.8841214
2024-09-08 13:00:00,DK1,3.17,13.25687,10.08687
2024-09-08 13:00:00,DK2,3.14,9.440919,6.3009186
2024-09-08 14:00:00,DK1,58.62,43.81803,-14.801968
2024-09-08 14:00:00,DK2,58.62,43.553734,-15.066265
2024-09-08 15:00:00,DK1,95.99,94.185585,-1.8044128
2024-09-08 15:00:00,DK2,95.99,103.97028,7.9802856
2024-09-08 16:00:00,DK1,119.04,131.3682,12.328194
2024-09-08 16:00:00,DK2,119.04,127.21456,8.174561
2024-09-08 17:00:00,DK1,124.15,135.97427,11.824272
2024-09-08 17:00:00,DK2,124.15,125.90287,1.7528687
2024-09-08 18:00:00,DK1,128.12,132.20958,4.0895844
2024-09-08 18:00:00,DK2,128.12,129.95273,1.8327332
2024-09-08 19:00:00,DK1,117.2,118.74222,1.5422211
2024-09-08 19:00:00,DK2,117.2,113.26932,-3.9306793
2024-09-08 20:00:00,DK1,105.8,109.59532,3.7953186
2024-09-08 20:00:00,DK2,105.8,105.55449,-0.24551392
2024-09-08 21:00:00,DK1,97.13,109.99664,12.866646
2024-09-08 21:00:00,DK2,97.13,105.46218,8.332184
2024-09-08 22:00:00,DK1,86.41,99.923935,13.513931
2024-09-08 22:00:00,DK2,86.41,94.03295,7.6229477
2024-09-08 23:00:00,DK1,85.76,90.309425,4.549423
2024-09-08 23:00:00,DK2,85.76,89.43447,3.674469
2024-09-09 00:00:00,DK1,84.1,83.87742,-0.22257996
2024-09-09 00:00:00,DK2,84.1,80.165726,-3.9342728
2024-09-09 01:00:00,DK1,82.03,85.82712,3.7971191
2024-09-09 01:00:00,DK2,82.03,83.05101,1.0210114
2024-09-09 02:00:00,DK1,85.11,81.44706,-3.662941
2024-09-09 02:00:00,DK2,85.11,83.54184,-1.568161
2024-09-09 03:00:00,DK1,85.79,96.323524,10.533524
2024-09-09 03:00:00,DK2,85.79,96.917694,11.127693
2024-09-09 04:00:00,DK1,118.47,103.20558,-15.26442
2024-09-09 04:00:00,DK2,118.47,114.18173,-4.288269
2024-09-09 05:00:00,DK1,140.62,142.65633,2.0363312
2024-09-09 05:00:00,DK2,140.62,143.40698,2.7869873
2024-09-09 06:00:00,DK1,159.57,133.69897,-25.871033
2024-09-09 06:00:00,DK2,159.57,133.04448,-26.525528
2024-09-09 07:00:00,DK1,129.68,125.18434,-4.4956512
2024-09-09 07:00:00,DK2,129.68,121.01694,-8.663055
2024-09-09 08:00:00,DK1,110.87,107.697586,-3.1724167
2024-09-09 08:00:00,DK2,110.87,106.85054,-4.0194626
2024-09-09 09:00:00,DK1,100.74,97.81212,-2.9278793
2024-09-09 09:00:00,DK2,100.74,98.50154,-2.2384567
2024-09-09 10:00:00,DK1,94.98,95.13423,0.15422821
2024-09-09 10:00:00,DK2,94.98,95.24432,0.26432037
2024-09-09 11:00:00,DK1,89.17,93.2105,4.0405045
2024-09-09 11:00:00,DK2,89.17,95.207726,6.0377274
2024-09-09 12:00:00,DK1,82.06,95.418175,13.358177
2024-09-09 12:00:00,DK2,82.06,93.3351,11.275101
2024-09-09 13:00:00,DK1,83.98,93.02873,9.048729
2024-09-09 13:00:00,DK2,83.98,86.464096,2.4840927
2024-09-09 14:00:00,DK1,78.68,91.49538,12.815376
2024-09-09 14:00:00,DK2,78.68,84.654144,5.974144
2024-09-09 15:00:00,DK1,92.8,94.7746,1.9745941
2024-09-09 15:00:00,DK2,92.8,99.561676,6.761673
2024-09-09 16:00:00,DK1,113.15,117.41522,4.2652206
2024-09-09 16:00:00,DK2,113.15,121.6568,8.506798
2024-09-09 17:00:00,DK1,114.56,156.64001,42.080017
2024-09-09 17:00:00,DK2,114.56,139.83981,25.279816
2024-09-09 18:00:00,DK1,88.12,125.56508,37.445076
2024-09-09 18:00:00,DK2,88.12,126.10029,37.980286
2024-09-09 19:00:00,DK1,65.02,114.54741,49.527412
2024-09-09 19:00:00,DK2,65.02,66.90834,1.8883438
2024-09-09 20:00:00,DK1,33.98,31.637838,-2.3421612
2024-09-09 20:00:00,DK2,33.98,18.411966,-15.568033
2024-09-09 21:00:00,DK1,33.85,8.780054,-25.069944
2024-09-09 21:00:00,DK2,33.85,21.187332,-12.662666
2024-09-09 22:00:00,DK1,1.91,26.697495,24.787495
2024-09-09 22:00:00,DK2,2.9,9.043842,6.143842
2024-09-09 23:00:00,DK1,2.94,4.071279,1.131279
2024-09-09 23:00:00,DK2,2.94,1.9557624,-0.9842377
2024-09-10 00:00:00,DK1,2.1,1.2681358,-0.8318641
2024-09-10 00:00:00,DK2,2.1,1.0709953,-1.0290046
2024-09-10 01:00:00,DK1,0.69,0.37087154,-0.31912845
2024-09-10 01:00:00,DK2,0.69,0.31425261,-0.37574738
2024-09-10 02:00:00,DK1,0.0,2.9182236,2.9182236
2024-09-10 02:00:00,DK2,0.0,1.5818005,1.5818005
2024-09-10 03:00:00,DK1,0.0,4.884902,4.884902
2024-09-10 03:00:00,DK2,0.0,3.1955423,3.1955423
2024-09-10 04:00:00,DK1,1.81,12.634026,10.824026
2024-09-10 04:00:00,DK2,1.81,8.616022,6.806022
2024-09-10 05:00:00,DK1,22.55,14.228592,-8.321407
2024-09-10 05:00:00,DK2,22.55,27.180986,4.630987
2024-09-10 06:00:00,DK1,67.59,52.31495,-15.275047
2024-09-10 06:00:00,DK2,67.59,48.213654,-19.376343
2024-09-10 07:00:00,DK1,54.06,39.17518,-14.884823
2024-09-10 07:00:00,DK2,54.06,43.299194,-10.760807
2024-09-10 08:00:00,DK1,37.88,35.67968,-2.2003212
2024-09-10 08:00:00,DK2,37.88,34.473183,-3.4068184
2024-09-10 09:00:00,DK1,9.52,18.785059,9.2650585
2024-09-10 09:00:00,DK2,9.52,14.924599,5.404598
2024-09-10 10:00:00,DK1,0.04,6.951646,6.911646
2024-09-10 10:00:00,DK2,0.04,6.7872467,6.7472467
2024-09-10 11:00:00,DK1,-0.07,3.3179035,3.3879035
2024-09-10 11:00:00,DK2,-0.07,4.194809,4.264809
2024-09-10 12:00:00,DK1,-0.16,4.0320454,4.192045
2024-09-10 12:00:00,DK2,-0.16,3.0549998,3.215
2024-09-10 13:00:00,DK1,-0.04,3.3814611,3.421461
2024-09-10 13:00:00,DK2,-0.04,3.8660846,3.9060845
2024-09-10 14:00:00,DK1,0.22,2.9312375,2.7112374
2024-09-10 14:00:00,DK2,0.22,0.7593453,0.53934526
2024-09-10 15:00:00,DK1,20.4,-0.6529319,-21.05293
2024-09-10 15:00:00,DK2,20.4,8.550849,-11.849151
2024-09-10 16:00:00,DK1,25.71,49.36229,23.65229
2024-09-10 16:00:00,DK2,25.71,31.716331,6.0063324
2024-09-10 17:00:00,DK1,30.05,28.418314,-1.6316853
2024-09-10 17:00:00,DK2,30.05,16.002722,-14.047277
2024-09-10 18:00:00,DK1,35.07,31.351921,-3.7180786
2024-09-10 18:00:00,DK2,35.07,19.555256,-15.514744
2024-09-10 19:00:00,DK1,31.47,18.182766,-13.287233
2024-09-10 19:00:00,DK2,22.74,11.698578,-11.041422
2024-09-10 20:00:00,DK1,31.14,6.3925323,-24.747467
2024-09-10 20:00:00,DK2,12.01,6.750843,-5.259157
2024-09-10 21:00:00,DK1,32.96,8.629784,-24.330215
2024-09-10 21:00:00,DK2,10.14,3.4791846,-6.6608157
2024-09-10 22:00:00,DK1,20.06,10.231146,-9.828854
2024-09-10 22:00:00,DK2,20.06,2.3674471,-17.692553
2024-09-10 23:00:00,DK1,15.04,12.26066,-2.7793398
2024-09-10 23:00:00,DK2,15.04,3.3153012,-11.724699
2024-09-11 00:00:00,DK1,16.8,6.4798417,-10.320158
2024-09-11 00:00:00,DK2,16.8,6.2701755,-10.529823
2024-09-11 01:00:00,DK1,19.09,12.865421,-6.224579
2024-09-11 01:00:00,DK2,19.09,9.9258995,-9.164101
2024-09-11 02:00:00,DK1,23.91,20.513971,-3.3960285
2024-09-11 02:00:00,DK2,23.91,16.147419,-7.762581
2024-09-11 03:00:00,DK1,26.84,34.856262,8.016262
2024-09-11 03:00:00,DK2,26.84,27.180819,0.3408184
2024-09-11 04:00:00,DK1,48.2,38.29399,-9.90601
2024-09-11 04:00:00,DK2,86.79,47.672676,-39.117325
2024-09-11 05:00:00,DK1,93.6,99.70594,6.105942
2024-09-11 05:00:00,DK2,97.55,113.28633,15.736328
2024-09-11 06:00:00,DK1,110.72,110.20662,-0.51338196
2024-09-11 06:00:00,DK2,110.72,114.61026,3.8902588
2024-09-11 07:00:00,DK1,97.6,110.603134,13.003136
2024-09-11 07:00:00,DK2,97.6,100.55441,2.9544144
2024-09-11 08:00:00,DK1,74.01,74.41579,0.4057846
2024-09-11 08:00:00,DK2,76.81,71.62717,-5.182831
2024-09-11 09:00:00,DK1,36.91,53.452423,16.542423
2024-09-11 09:00:00,DK2,67.51,46.802803,-20.7072
2024-09-11 10:00:00,DK1,32.89,36.181488,3.2914886
2024-09-11 10:00:00,DK2,62.45,38.543106,-23.906895
2024-09-11 11:00:00,DK1,27.02,31.414627,4.3946266
2024-09-11 11:00:00,DK2,27.02,33.472237,6.452236
2024-09-11 12:00:00,DK1,27.0,18.278692,-8.721308
2024-09-11 12:00:00,DK2,27.0,21.769796,-5.2302036
2024-09-11 13:00:00,DK1,29.94,21.549984,-8.390017
2024-09-11 13:00:00,DK2,29.94,29.42609,-0.5139103
2024-09-11 14:00:00,DK1,34.15,41.254272,7.104271
2024-09-11 14:00:00,DK2,34.15,45.842377,11.692375
2024-09-11 15:00:00,DK1,84.1,66.66145,-17.438545
2024-09-11 15:00:00,DK2,84.1,74.31236,-9.787636
2024-09-11 16:00:00,DK1,103.43,111.92763,8.497627
2024-09-11 16:00:00,DK2,103.43,120.03354,16.603539
2024-09-11 17:00:00,DK1,122.19,141.0804,18.890396
2024-09-11 17:00:00,DK2,122.19,139.45001,17.26001
2024-09-11 18:00:00,DK1,126.31,123.23463,-3.0753708
2024-09-11 18:00:00,DK2,126.31,103.92459,-22.385406
2024-09-11 19:00:00,DK1,115.14,98.76968,-16.370323
2024-09-11 19:00:00,DK2,115.14,105.35756,-9.78244
2024-09-11 20:00:00,DK1,101.65,105.84184,4.191841
2024-09-11 20:00:00,DK2,101.65,100.61708,-1.0329208
2024-09-11 21:00:00,DK1,101.49,102.38482,0.89482117
2024-09-11 21:00:00,DK2,101.49,93.75548,-7.73452
2024-09-11 22:00:00,DK1,90.06,93.66376,3.6037598
2024-09-11 22:00:00,DK2,90.06,89.903595,-0.15640259
2024-09-11 23:00:00,DK1,84.09,77.23886,-6.8511353
2024-09-11 23:00:00,DK2,84.09,70.59872,-13.49128
2024-09-12 00:00:00,DK1,80.7,73.88138,-6.818619
2024-09-12 00:00:00,DK2,80.7,89.51721,8.817215
2024-09-12 01:00:00,DK1,81.65,98.262505,16.612503
2024-09-12 01:00:00,DK2,81.65,100.33473,18.68473
2024-09-12 02:00:00,DK1,83.05,99.059845,16.009842
2024-09-12 02:00:00,DK2,83.05,83.36543,0.3154297
2024-09-12 03:00:00,DK1,86.92,78.82767,-8.092331
2024-09-12 03:00:00,DK2,86.92,87.189224,0.26922607
2024-09-12 04:00:00,DK1,107.96,105.27222,-2.6877823
2024-09-12 04:00:00,DK2,107.96,105.93639,-2.0236053
2024-09-12 05:00:00,DK1,134.94,126.35471,-8.585289
2024-09-12 05:00:00,DK2,134.94,137.11688,2.17688
2024-09-12 06:00:00,DK1,135.94,136.30194,0.36193848
2024-09-12 06:00:00,DK2,135.94,125.40988,-10.530121
2024-09-12 07:00:00,DK1,103.36,109.29529,5.9352875
2024-09-12 07:00:00,DK2,103.36,109.15097,5.79097
2024-09-12 08:00:00,DK1,85.0,91.96962,6.9696198
2024-09-12 08:00:00,DK2,85.0,85.73982,0.7398224
2024-09-12 09:00:00,DK1,80.41,65.31952,-15.090485
2024-09-12 09:00:00,DK2,80.41,71.01567,-9.394333
2024-09-12 10:00:00,DK1,78.62,72.29813,-6.3218765
2024-09-12 10:00:00,DK2,78.62,72.95724,-5.6627655
2024-09-12 11:00:00,DK1,78.23,81.68123,3.4512253
2024-09-12 11:00:00,DK2,78.23,78.57355,0.343544
2024-09-12 12:00:00,DK1,80.11,78.10685,-2.003151
2024-09-12 12:00:00,DK2,80.11,78.0811,-2.0289001
2024-09-12 13:00:00,DK1,84.93,86.021034,1.0910339
2024-09-12 13:00:00,DK2,84.93,86.26865,1.3386459
2024-09-12 14:00:00,DK1,91.67,94.29199,2.621994
2024-09-12 14:00:00,DK2,91.67,91.03261,-0.63739014
2024-09-12 15:00:00,DK1,109.74,107.42829,-2.3117065
2024-09-12 15:00:00,DK2,109.74,108.87038,-0.8696213
2024-09-12 16:00:00,DK1,145.19,143.54208,-1.6479187
2024-09-12 16:00:00,DK2,145.19,153.62988,8.43988
2024-09-12 17:00:00,DK1,300.01,170.20987,-129.80014
2024-09-12 17:00:00,DK2,300.01,171.41547,-128.59454
2024-09-12 18:00:00,DK1,250.02,171.50621,-78.513794
2024-09-12 18:00:00,DK2,250.02,171.51727,-78.50273
2024-09-12 19:00:00,DK1,125.0,171.51567,46.51567
2024-09-12 19:00:00,DK2,125.0,168.6604,43.6604
2024-09-12 20:00:00,DK1,99.47,118.95189,19.481888
2024-09-12 20:00:00,DK2,99.47,115.04669,15.576691
2024-09-12 21:00:00,DK1,92.04,98.63605,6.5960464
2024-09-12 21:00:00,DK2,92.04,99.313934,7.2739334
2024-09-12 22:00:00,DK1,99.97,93.44942,-6.520584
2024-09-12 22:00:00,DK2,99.97,99.92796,-0.042037964
2024-09-12 23:00:00,DK1,91.52,101.13254,9.612541
2024-09-12 23:00:00,DK2,91.52,104.05348,12.533485
2024-09-13 00:00:00,DK1,87.31,99.44275,12.132751
2024-09-13 00:00:00,DK2,87.31,97.33211,10.02211
2024-09-13 01:00:00,DK1,86.76,90.189285,3.4292831
2024-09-13 01:00:00,DK2,86.76,88.63451,1.8745041
2024-09-13 02:00:00,DK1,84.63,86.946884,2.316887
2024-09-13 02:00:00,DK2,84.63,86.18887,1.558876
2024-09-13 03:00:00,DK1,87.92,89.12433,1.2043304
2024-09-13 03:00:00,DK2,87.92,87.929474,0.009475708
2024-09-13 04:00:00,DK1,98.72,99.09979,0.37979126
2024-09-13 04:00:00,DK2,98.72,102.58923,3.8692322
2024-09-13 05:00:00,DK1,119.96,128.08823,8.128227
2024-09-13 05:00:00,DK2,119.96,142.6818,22.721794
2024-09-13 06:00:00,DK1,132.24,147.65346,15.413452
2024-09-13 06:00:00,DK2,132.24,121.540924,-10.699081
2024-09-13 07:00:00,DK1,116.24,104.27064,-11.96936
2024-09-13 07:00:00,DK2,116.24,110.33053,-5.9094696
2024-09-13 08:00:00,DK1,102.54,101.53515,-1.0048523
2024-09-13 08:00:00,DK2,102.54,101.317215,-1.222786
2024-09-13 09:00:00,DK1,91.5,90.21536,-1.2846375
2024-09-13 09:00:00,DK2,91.5,92.48146,0.9814606
2024-09-13 10:00:00,DK1,87.66,85.20437,-2.455635
2024-09-13 10:00:00,DK2,87.66,86.3919,-1.2681046
2024-09-13 11:00:00,DK1,76.94,76.07606,-0.863945
2024-09-13 11:00:00,DK2,76.94,78.34512,1.4051208
2024-09-13 12:00:00,DK1,19.01,76.59172,57.58172
2024-09-13 12:00:00,DK2,19.01,65.57221,46.56221
2024-09-13 13:00:00,DK1,38.93,49.520752,10.590752
2024-09-13 13:00:00,DK2,38.93,35.794556,-3.1354446
2024-09-13 14:00:00,DK1,45.02,27.749018,-17.270983
2024-09-13 14:00:00,DK2,45.02,39.288925,-5.7310753
2024-09-13 15:00:00,DK1,46.9,101.153725,54.253723
2024-09-13 15:00:00,DK2,46.9,84.64445,37.744446
2024-09-13 16:00:00,DK1,67.68,84.884575,17.204575
2024-09-13 16:00:00,DK2,67.68,45.83143,-21.848572
2024-09-13 17:00:00,DK1,89.42,92.20902,2.7890244
2024-09-13 17:00:00,DK2,89.42,106.89486,17.474861
2024-09-13 18:00:00,DK1,86.69,128.0166,41.3266
2024-09-13 18:00:00,DK2,86.69,92.08691,5.396904
2024-09-13 19:00:00,DK1,68.8,73.20152,4.40152
2024-09-13 19:00:00,DK2,68.8,70.14848,1.3484802
2024-09-13 20:00:00,DK1,58.9,42.157852,-16.74215
2024-09-13 20:00:00,DK2,58.9,41.95414,-16.945862
2024-09-13 21:00:00,DK1,60.99,55.920143,-5.0698586
2024-09-13 21:00:00,DK2,14.91,49.87478,34.96478
2024-09-13 22:00:00,DK1,55.61,42.83883,-12.771172
2024-09-13 22:00:00,DK2,55.61,18.973162,-36.63684
2024-09-13 23:00:00,DK1,50.01,62.107986,12.097988
2024-09-13 23:00:00,DK2,36.74,49.092934,12.352932
2024-09-14 00:00:00,DK1,43.33,50.445282,7.11528
2024-09-14 00:00:00,DK2,22.48,45.19384,22.71384
2024-09-14 01:00:00,DK1,45.18,65.07181,19.891808
2024-09-14 01:00:00,DK2,21.88,40.807144,18.927145
2024-09-14 02:00:00,DK1,46.7,43.025116,-3.6748848
2024-09-14 02:00:00,DK2,23.12,32.59491,9.474909
2024-09-14 03:00:00,DK1,44.27,44.354973,0.08497238
2024-09-14 03:00:00,DK2,26.89,29.733656,2.8436565
2024-09-14 04:00:00,DK1,55.35,54.83976,-0.51023865
2024-09-14 04:00:00,DK2,49.51,48.354385,-1.155613
2024-09-14 05:00:00,DK1,65.0,72.599625,7.5996246
2024-09-14 05:00:00,DK2,65.0,70.687874,5.687874
2024-09-14 06:00:00,DK1,75.54,73.3968,-2.1432037
2024-09-14 06:00:00,DK2,75.54,75.665375,0.12537384
2024-09-14 07:00:00,DK1,66.6,67.69678,1.0967789
2024-09-14 07:00:00,DK2,61.92,64.88944,2.9694443
2024-09-14 08:00:00,DK1,41.02,50.9543,9.934299
2024-09-14 08:00:00,DK2,26.83,39.163223,12.333223
2024-09-14 09:00:00,DK1,8.08,19.34645,11.266451
2024-09-14 09:00:00,DK2,6.0,11.772564,5.772564
2024-09-14 10:00:00,DK1,0.86,5.013092,4.153092
2024-09-14 10:00:00,DK2,2.94,4.0222645,1.0822644
2024-09-14 11:00:00,DK1,0.25,0.69544077,0.44544077
2024-09-14 11:00:00,DK2,0.42,1.18683,0.7668301
2024-09-14 12:00:00,DK1,-0.14,-1.1484427,-1.0084428
2024-09-14 12:00:00,DK2,0.83,0.19777417,-0.6322258
2024-09-14 13:00:00,DK1,-0.07,-0.69305706,-0.62305707
2024-09-14 13:00:00,DK2,2.96,1.413558,-1.546442
2024-09-14 14:00:00,DK1,9.54,6.7989645,-2.7410355
2024-09-14 14:00:00,DK2,6.51,12.362364,5.8523636
2024-09-14 15:00:00,DK1,65.09,73.52701,8.437012
2024-09-14 15:00:00,DK2,65.09,72.49149,7.401497
2024-09-14 16:00:00,DK1,94.39,120.601395,26.211395
2024-09-14 16:00:00,DK2,94.39,130.8551,36.465103
2024-09-14 17:00:00,DK1,126.58,158.17424,31.594238
2024-09-14 17:00:00,DK2,126.58,152.9369,26.356903
2024-09-14 18:00:00,DK1,117.85,146.04681,28.196815
2024-09-14 18:00:00,DK2,117.85,124.23735,6.387352
2024-09-14 19:00:00,DK1,103.09,105.782646,2.6926498
2024-09-14 19:00:00,DK2,103.09,108.224045,5.1340485
2024-09-14 20:00:00,DK1,93.75,97.0615,3.3115005
2024-09-14 20:00:00,DK2,93.75,97.9368,4.186798
2024-09-14 21:00:00,DK1,84.76,93.254425,8.494423
2024-09-14 21:00:00,DK2,84.76,88.28494,3.5249405
2024-09-14 22:00:00,DK1,78.11,82.72548,4.6154785
2024-09-14 22:00:00,DK2,78.11,75.14427,-2.9657288
2024-09-14 23:00:00,DK1,70.07,75.04526,4.975258
2024-09-14 23:00:00,DK2,70.07,68.442154,-1.6278458
2024-09-15 00:00:00,DK1,66.6,55.471855,-11.128143
2024-09-15 00:00:00,DK2,66.6,61.486137,-5.113861
2024-09-15 01:00:00,DK1,67.15,73.39836,6.2483597
2024-09-15 01:00:00,DK2,67.15,66.716255,-0.43374634
2024-09-15 02:00:00,DK1,63.66,54.525337,-9.134663
2024-09-15 02:00:00,DK2,63.66,58.46328,-5.19672
2024-09-15 03:00:00,DK1,65.61,67.387985,1.7779846
2024-09-15 03:00:00,DK2,65.61,68.90645,3.2964478
2024-09-15 04:00:00,DK1,69.18,67.14865,-2.0313492
2024-09-15 04:00:00,DK2,69.18,71.09213,1.9121323
2024-09-15 05:00:00,DK1,85.42,82.077446,-3.3425522
2024-09-15 05:00:00,DK2,85.42,79.24456,-6.175438
2024-09-15 06:00:00,DK1,76.96,77.32225,0.36225128
2024-09-15 06:00:00,DK2,76.96,77.69311,0.7331085
2024-09-15 07:00:00,DK1,54.07,80.80917,26.739174
2024-09-15 07:00:00,DK2,54.07,62.391083,8.321083
2024-09-15 08:00:00,DK1,10.92,38.79071,27.87071
2024-09-15 08:00:00,DK2,7.35,20.416243,13.066242
2024-09-15 09:00:00,DK1,0.07,7.6778398,7.6078396
2024-09-15 09:00:00,DK2,3.65,6.7718534,3.1218534
2024-09-15 10:00:00,DK1,0.0,1.0136163,1.0136163
2024-09-15 10:00:00,DK2,2.86,1.1851041,-1.6748958
2024-09-15 11:00:00,DK1,1.96,-2.3949528,-4.354953
2024-09-15 11:00:00,DK2,1.96,-0.84170914,-2.8017092
2024-09-15 12:00:00,DK1,-0.2,-3.483675,-3.283675
2024-09-15 12:00:00,DK2,3.09,-1.6989441,-4.7889442
2024-09-15 13:00:00,DK1,-0.27,-1.8328886,-1.5628886
2024-09-15 13:00:00,DK2,5.43,1.3813343,-4.0486655
2024-09-15 14:00:00,DK1,19.7,12.528433,-7.171568
2024-09-15 14:00:00,DK2,14.0,19.704718,5.7047176
2024-09-15 15:00:00,DK1,82.25,76.614716,-5.6352844
2024-09-15 15:00:00,DK2,82.25,96.1293,13.879303
2024-09-15 16:00:00,DK1,112.8,140.74274,27.942734
2024-09-15 16:00:00,DK2,112.8,132.26015,19.460144
2024-09-15 17:00:00,DK1,133.16,129.20033,-3.959671
2024-09-15 17:00:00,DK2,133.16,129.35114,-3.8088684
2024-09-15 18:00:00,DK1,123.6,125.348816,1.7488174
2024-09-15 18:00:00,DK2,123.6,122.18957,-1.4104309
2024-09-15 19:00:00,DK1,112.68,110.96094,-1.7190628
2024-09-15 19:00:00,DK2,112.68,110.48755,-2.1924515
2024-09-15 20:00:00,DK1,107.11,103.704346,-3.405655
2024-09-15 20:00:00,DK2,107.11,105.158615,-1.9513855
2024-09-15 21:00:00,DK1,92.6,102.638596,10.038597
2024-09-15 21:00:00,DK2,92.6,99.123825,6.5238266
2024-09-15 22:00:00,DK1,92.99,93.21179,0.22179413
2024-09-15 22:00:00,DK2,92.99,92.68868,-0.3013153
2024-09-15 23:00:00,DK1,88.14,89.54241,1.4024124
2024-09-15 23:00:00,DK2,88.14,89.12909,0.98908997
2024-09-16 00:00:00,DK1,87.26,82.47331,-4.7866898
2024-09-16 00:00:00,DK2,87.26,82.95033,-4.3096695
2024-09-16 01:00:00,DK1,84.93,82.21504,-2.7149582
2024-09-16 01:00:00,DK2,84.93,83.94556,-0.98444366
2024-09-16 02:00:00,DK1,84.34,87.17942,2.8394241
2024-09-16 02:00:00,DK2,84.34,82.58079,-1.7592087
2024-09-16 03:00:00,DK1,88.31,92.38861,4.0786133
2024-09-16 03:00:00,DK2,88.31,86.11437,-2.1956253
2024-09-16 04:00:00,DK1,108.0,99.97333,-8.026672
2024-09-16 04:00:00,DK2,108.0,98.791534,-9.208466
2024-09-16 05:00:00,DK1,130.0,122.10113,-7.8988724
2024-09-16 05:00:00,DK2,130.0,123.135994,-6.864006
2024-09-16 06:00:00,DK1,146.06,127.59178,-18.468216
2024-09-16 06:00:00,DK2,146.06,130.06082,-15.999176
2024-09-16 07:00:00,DK1,126.4,127.45259,1.0525894
2024-09-16 07:00:00,DK2,126.4,122.03149,-4.368515
2024-09-16 08:00:00,DK1,112.63,107.18584,-5.4441605
2024-09-16 08:00:00,DK2,112.63,106.70991,-5.9200897
2024-09-16 09:00:00,DK1,105.02,100.12477,-4.8952255
2024-09-16 09:00:00,DK2,105.02,99.316154,-5.703842
2024-09-16 10:00:00,DK1,96.02,98.1034,2.0834045
2024-09-16 10:00:00,DK2,96.02,96.80279,0.78279114
2024-09-16 11:00:00,DK1,86.89,94.94383,8.053833
2024-09-16 11:00:00,DK2,86.89,93.0293,6.1392975
2024-09-16 12:00:00,DK1,80.86,91.02327,10.163269
2024-09-16 12:00:00,DK2,80.86,86.84218,5.9821777
2024-09-16 13:00:00,DK1,75.37,90.780716,15.410713
2024-09-16 13:00:00,DK2,75.37,78.12054,2.750534
2024-09-16 14:00:00,DK1,76.3,89.145676,12.845673
2024-09-16 14:00:00,DK2,76.3,88.63194,12.33194
2024-09-16 15:00:00,DK1,86.98,106.93677,19.956764
2024-09-16 15:00:00,DK2,86.98,97.27016,10.2901535
2024-09-16 16:00:00,DK1,107.87,103.75772,-4.112282
2024-09-16 16:00:00,DK2,107.87,105.48244,-2.3875656
2024-09-16 17:00:00,DK1,112.57,153.07712,40.50712
2024-09-16 17:00:00,DK2,112.57,161.92795,49.35795
2024-09-16 18:00:00,DK1,109.01,168.9578,59.947792
2024-09-16 18:00:00,DK2,109.01,142.0907,33.080696
2024-09-16 19:00:00,DK1,90.1,117.49507,27.395073
2024-09-16 19:00:00,DK2,90.1,101.4055,11.305504
2024-09-16 20:00:00,DK1,78.81,71.21126,-7.5987396
2024-09-16 20:00:00,DK2,78.81,65.39153,-13.418465
2024-09-16 21:00:00,DK1,81.53,59.39096,-22.139038
2024-09-16 21:00:00,DK2,81.53,56.930893,-24.599106
2024-09-16 22:00:00,DK1,85.54,73.19174,-12.348259
2024-09-16 22:00:00,DK2,85.54,86.05538,0.51538086
2024-09-16 23:00:00,DK1,82.3,88.77528,6.475281
2024-09-16 23:00:00,DK2,82.3,78.94548,-3.3545227
2024-09-17 00:00:00,DK1,80.51,72.26587,-8.244133
2024-09-17 00:00:00,DK2,80.51,74.681915,-5.828087
2024-09-17 01:00:00,DK1,79.84,77.362724,-2.477272
2024-09-17 01:00:00,DK2,79.84,80.18593,0.345932
2024-09-17 02:00:00,DK1,80.04,86.07176,6.031761
2024-09-17 02:00:00,DK2,80.04,84.25778,4.217781
2024-09-17 03:00:00,DK1,91.52,94.63573,3.1157303
2024-09-17 03:00:00,DK2,91.52,95.148346,3.6283493
2024-09-17 04:00:00,DK1,108.32,119.30026,10.980263
2024-09-17 04:00:00,DK2,108.32,132.36945,24.049446
2024-09-17 05:00:00,DK1,133.94,150.44722,16.507217
2024-09-17 05:00:00,DK2,133.94,138.64401,4.70401
2024-09-17 06:00:00,DK1,137.52,125.097015,-12.422989
2024-09-17 06:00:00,DK2,137.52,123.35155,-14.168457
2024-09-17 07:00:00,DK1,108.91,114.45123,5.5412292
2024-09-17 07:00:00,DK2,108.91,112.52298,3.612976
2024-09-17 08:00:00,DK1,96.52,98.90285,2.3828506
2024-09-17 08:00:00,DK2,96.52,99.175705,2.6557083
2024-09-17 09:00:00,DK1,82.39,85.82362,3.4336243
2024-09-17 09:00:00,DK2,82.39,85.73311,3.3431091
2024-09-17 10:00:00,DK1,59.81,69.18543,9.375431
2024-09-17 10:00:00,DK2,59.81,69.05969,9.249691
2024-09-17 11:00:00,DK1,41.77,46.68754,4.9175377
2024-09-17 11:00:00,DK2,41.77,46.090202,4.320202
2024-09-17 12:00:00,DK1,25.64,41.164528,15.5245285
2024-09-17 12:00:00,DK2,25.64,39.662643,14.022644
2024-09-17 13:00:00,DK1,44.44,36.4207,-8.019299
2024-09-17 13:00:00,DK2,44.44,35.694763,-8.745235
2024-09-17 14:00:00,DK1,74.29,57.98169,-16.308311
2024-09-17 14:00:00,DK2,74.29,66.90211,-7.3878937
2024-09-17 15:00:00,DK1,93.5,102.193924,8.693924
2024-09-17 15:00:00,DK2,93.5,106.28522,12.785217
2024-09-17 16:00:00,DK1,112.99,125.830025,12.840027
2024-09-17 16:00:00,DK2,112.99,117.80333,4.8133316
2024-09-17 17:00:00,DK1,132.53,137.6701,5.140106
2024-09-17 17:00:00,DK2,132.53,129.95477,-2.5752258
2024-09-17 18:00:00,DK1,111.24,131.25443,20.014427
2024-09-17 18:00:00,DK2,111.24,115.933945,4.693947
2024-09-17 19:00:00,DK1,96.12,100.55865,4.4386444
2024-09-17 19:00:00,DK2,96.12,98.41667,2.296669
2024-09-17 20:00:00,DK1,89.94,93.63759,3.697586
2024-09-17 20:00:00,DK2,89.94,93.378494,3.4384918
2024-09-17 21:00:00,DK1,83.84,92.01794,8.17794
2024-09-17 21:00:00,DK2,83.84,86.55683,2.716835
2024-09-17 22:00:00,DK1,85.16,83.80247,-1.3575363
2024-09-17 22:00:00,DK2,85.16,83.676346,-1.4836578
2024-09-17 23:00:00,DK1,80.94,83.17064,2.2306366
2024-09-17 23:00:00,DK2,80.94,73.1511,-7.7889023
2024-09-18 00:00:00,DK1,83.71,67.10976,-16.600243
2024-09-18 00:00:00,DK2,83.71,77.92536,-5.7846375
2024-09-18 01:00:00,DK1,83.67,79.791214,-3.8787842
2024-09-18 01:00:00,DK2,83.67,83.51489,-0.15510559
2024-09-18 02:00:00,DK1,82.51,85.98898,3.478981
2024-09-18 02:00:00,DK2,82.51,86.80922,4.299217
2024-09-18 03:00:00,DK1,89.92,96.69464,6.774643
2024-09-18 03:00:00,DK2,89.92,90.929886,1.0098877
2024-09-18 04:00:00,DK1,105.09,105.07196,-0.018035889
2024-09-18 04:00:00,DK2,105.09,112.15641,7.066414
2024-09-18 05:00:00,DK1,141.92,135.07516,-6.8448334
2024-09-18 05:00:00,DK2,141.92,143.40105,1.4810486
2024-09-18 06:00:00,DK1,133.07,143.5043,10.434296
2024-09-18 06:00:00,DK2,133.07,127.03774,-6.0322647
2024-09-18 07:00:00,DK1,102.44,106.24397,3.8039703
2024-09-18 07:00:00,DK2,102.44,110.26989,7.8298874
2024-09-18 08:00:00,DK1,79.0,96.96568,17.965683
2024-09-18 08:00:00,DK2,79.0,98.01732,19.017319
2024-09-18 09:00:00,DK1,55.32,79.98007,24.660072
2024-09-18 09:00:00,DK2,47.82,69.05214,21.23214
2024-09-18 10:00:00,DK1,5.49,41.895203,36.405205
2024-09-18 10:00:00,DK2,12.99,23.581335,10.591335
2024-09-18 11:00:00,DK1,2.19,12.042177,9.852177
2024-09-18 11:00:00,DK2,12.02,11.910043,-0.109957695
2024-09-18 12:00:00,DK1,1.03,9.556414,8.526414
2024-09-18 12:00:00,DK2,12.68,10.118975,-2.5610256
2024-09-18 13:00:00,DK1,1.04,10.954564,9.914564
2024-09-18 13:00:00,DK2,14.87,10.154406,-4.7155943
2024-09-18 14:00:00,DK1,40.05,14.385053,-25.664948
2024-09-18 14:00:00,DK2,26.23,21.454,-4.775999
2024-09-18 15:00:00,DK1,87.52,67.23558,-20.284416
2024-09-18 15:00:00,DK2,87.52,65.81074,-21.709259
2024-09-18 16:00:00,DK1,113.91,110.18872,-3.721283
2024-09-18 16:00:00,DK2,113.91,112.034225,-1.8757782
2024-09-18 17:00:00,DK1,129.92,143.83498,13.914978
2024-09-18 17:00:00,DK2,129.92,131.80719,1.8871918
2024-09-18 18:00:00,DK1,108.2,122.96956,14.769562
2024-09-18 18:00:00,DK2,108.2,104.157684,-4.0423126
2024-09-18 19:00:00,DK1,93.25,68.76573,-24.484268
2024-09-18 19:00:00,DK2,93.25,78.780495,-14.469505
2024-09-18 20:00:00,DK1,89.92,81.92938,-7.990616
2024-09-18 20:00:00,DK2,89.92,84.03323,-5.8867645
2024-09-18 21:00:00,DK1,79.49,75.900444,-3.5895538
2024-09-18 21:00:00,DK2,79.49,70.447235,-9.042763
2024-09-18 22:00:00,DK1,76.4,68.26683,-8.133171
2024-09-18 22:00:00,DK2,76.4,64.346436,-12.053566
2024-09-18 23:00:00,DK1,77.53,49.592354,-27.937645
2024-09-18 23:00:00,DK2,77.53,58.315308,-19.214691
2024-09-19 00:00:00,DK1,78.03,73.67974,-4.350258
2024-09-19 00:00:00,DK2,78.03,74.42484,-3.605156
2024-09-19 01:00:00,DK1,77.35,65.47684,-11.873161
2024-09-19 01:00:00,DK2,77.35,64.022224,-13.327774
2024-09-19 02:00:00,DK1,79.26,69.365616,-9.894386
2024-09-19 02:00:00,DK2,79.26,73.05874,-6.2012634
2024-09-19 03:00:00,DK1,89.99,85.981415,-4.008583
2024-09-19 03:00:00,DK2,89.99,85.017746,-4.972252
2024-09-19 04:00:00,DK1,113.47,101.24308,-12.226921
2024-09-19 04:00:00,DK2,113.47,111.511215,-1.958786
2024-09-19 05:00:00,DK1,143.24,136.95053,-6.2894745
2024-09-19 05:00:00,DK2,143.24,148.38283,5.1428223
2024-09-19 06:00:00,DK1,124.12,143.08914,18.96914
2024-09-19 06:00:00,DK2,124.12,118.59134,-5.5286636
2024-09-19 07:00:00,DK1,97.64,93.54248,-4.097519
2024-09-19 07:00:00,DK2,97.64,106.404,8.764
2024-09-19 08:00:00,DK1,74.81,93.04653,18.236534
2024-09-19 08:00:00,DK2,74.81,83.8071,8.997101
2024-09-19 09:00:00,DK1,50.41,71.90234,21.492344
2024-09-19 09:00:00,DK2,41.58,65.72331,24.14331
2024-09-19 10:00:00,DK1,4.97,44.2872,39.3172
2024-09-19 10:00:00,DK2,13.8,27.535719,13.735719
2024-09-19 11:00:00,DK1,7.13,11.56584,4.4358397
2024-09-19 11:00:00,DK2,7.13,11.747096,4.617096
2024-09-19 12:00:00,DK1,4.03,5.9673223,1.9373221
2024-09-19 12:00:00,DK2,4.03,7.3759522,3.345952
2024-09-19 13:00:00,DK1,10.91,5.9494476,-4.960552
2024-09-19 13:00:00,DK2,14.14,7.4975014,-6.642499
2024-09-19 14:00:00,DK1,58.55,16.335733,-42.214264
2024-09-19 14:00:00,DK2,55.32,26.223024,-29.096975
2024-09-19 15:00:00,DK1,91.05,103.30517,12.255165
2024-09-19 15:00:00,DK2,91.05,78.589615,-12.460388
2024-09-19 16:00:00,DK1,114.53,106.984726,-7.545273
2024-09-19 16:00:00,DK2,114.53,107.29167,-7.238327
2024-09-19 17:00:00,DK1,134.3,131.12817,-3.1718292
2024-09-19 17:00:00,DK2,134.3,122.241325,-12.058678
2024-09-19 18:00:00,DK1,113.5,127.693924,14.193924
2024-09-19 18:00:00,DK2,113.5,108.83989,-4.6601105
2024-09-19 19:00:00,DK1,91.1,59.117996,-31.982002
2024-09-19 19:00:00,DK2,91.1,61.122147,-29.977852
2024-09-19 20:00:00,DK1,88.97,74.98437,-13.985634
2024-09-19 20:00:00,DK2,88.97,96.39749,7.42749
2024-09-19 21:00:00,DK1,78.87,90.163284,11.293282
2024-09-19 21:00:00,DK2,78.87,69.546455,-9.323547
2024-09-19 22:00:00,DK1,72.61,52.33087,-20.279129
2024-09-19 22:00:00,DK2,72.61,60.96222,-11.647781
2024-09-19 23:00:00,DK1,74.04,65.79503,-8.244972
2024-09-19 23:00:00,DK2,74.04,65.11947,-8.920532
2024-09-20 00:00:00,DK1,73.42,55.189438,-18.23056
2024-09-20 00:00:00,DK2,73.42,57.73295,-15.68705
2024-09-20 01:00:00,DK1,73.17,59.354958,-13.815041
2024-09-20 01:00:00,DK2,73.17,60.548874,-12.621124
2024-09-20 02:00:00,DK1,74.52,69.20891,-5.3110886
2024-09-20 02:00:00,DK2,74.52,69.36069,-5.1593094
2024-09-20 03:00:00,DK1,88.39,75.7068,-12.683197
2024-09-20 03:00:00,DK2,88.39,78.20801,-10.181992
2024-09-20 04:00:00,DK1,108.06,108.457214,0.3972168
2024-09-20 04:00:00,DK2,108.06,125.15262,17.09262
2024-09-20 05:00:00,DK1,141.45,145.47855,4.028549
2024-09-20 05:00:00,DK2,141.45,134.88676,-6.5632324
2024-09-20 06:00:00,DK1,108.6,130.66922,22.069221
2024-09-20 06:00:00,DK2,108.6,113.35389,4.753891
2024-09-20 07:00:00,DK1,88.92,85.95563,-2.9643707
2024-09-20 07:00:00,DK2,88.92,96.83747,7.917473
2024-09-20 08:00:00,DK1,62.05,82.52039,20.470394
2024-09-20 08:00:00,DK2,62.05,78.2214,16.171398
2024-09-20 09:00:00,DK1,24.69,51.716583,27.026583
2024-09-20 09:00:00,DK2,17.7,39.814926,22.114925
2024-09-20 10:00:00,DK1,8.24,14.148308,5.908308
2024-09-20 10:00:00,DK2,15.24,13.451046,-1.7889538
2024-09-20 11:00:00,DK1,0.06,7.6267347,7.566735
2024-09-20 11:00:00,DK2,11.77,10.10927,-1.6607304
2024-09-20 12:00:00,DK1,0.07,5.3252378,5.2552376
2024-09-20 12:00:00,DK2,11.92,8.598482,-3.321518
2024-09-20 13:00:00,DK1,7.56,6.5128026,-1.0471973
2024-09-20 13:00:00,DK2,13.94,13.190474,-0.749526
2024-09-20 14:00:00,DK1,43.68,31.586502,-12.093498
2024-09-20 14:00:00,DK2,37.31,32.49141,-4.818592
2024-09-20 15:00:00,DK1,84.12,94.77928,10.659279
2024-09-20 15:00:00,DK2,84.12,103.52275,19.402748
2024-09-20 16:00:00,DK1,106.01,138.79463,32.78463
2024-09-20 16:00:00,DK2,106.01,133.54234,27.532341
2024-09-20 17:00:00,DK1,145.72,159.92241,14.202408
2024-09-20 17:00:00,DK2,145.72,132.77258,-12.947418
2024-09-20 18:00:00,DK1,108.84,111.9943,3.1543045
2024-09-20 18:00:00,DK2,108.84,113.85301,5.0130157
2024-09-20 19:00:00,DK1,91.07,84.38269,-6.6873093
2024-09-20 19:00:00,DK2,91.07,90.50333,-0.5666733
2024-09-20 20:00:00,DK1,87.8,69.36026,-18.439743
2024-09-20 20:00:00,DK2,87.8,77.6255,-10.1744995
2024-09-20 21:00:00,DK1,87.08,78.34325,-8.736755
2024-09-20 21:00:00,DK2,87.08,89.59122,2.5112152
2024-09-20 22:00:00,DK1,88.29,80.981094,-7.3089066
2024-09-20 22:00:00,DK2,88.29,77.09807,-11.191933
2024-09-20 23:00:00,DK1,85.3,73.701324,-11.598679
2024-09-20 23:00:00,DK2,85.3,82.28567,-3.0143356
2024-09-21 00:00:00,DK1,82.0,75.62885,-6.371147
2024-09-21 00:00:00,DK2,82.0,79.24858,-2.751419
2024-09-21 01:00:00,DK1,82.19,74.739525,-7.4504776
2024-09-21 01:00:00,DK2,82.19,79.77238,-2.4176254
2024-09-21 02:00:00,DK1,86.38,81.334854,-5.045143
2024-09-21 02:00:00,DK2,86.38,81.97601,-4.403984
2024-09-21 03:00:00,DK1,89.48,85.665276,-3.8147278
2024-09-21 03:00:00,DK2,89.48,87.11509,-2.364914
2024-09-21 04:00:00,DK1,99.69,90.7592,-8.930801
2024-09-21 04:00:00,DK2,99.69,94.602646,-5.0873566
2024-09-21 05:00:00,DK1,97.76,102.53752,4.777519
2024-09-21 05:00:00,DK2,97.76,100.72351,2.9635086
2024-09-21 06:00:00,DK1,85.3,102.72097,17.420967
2024-09-21 06:00:00,DK2,85.3,93.056274,7.7562714
2024-09-21 07:00:00,DK1,60.99,69.44365,8.453648
2024-09-21 07:00:00,DK2,60.99,66.017944,5.0279427
2024-09-21 08:00:00,DK1,22.0,36.676163,14.676163
2024-09-21 08:00:00,DK2,22.0,23.220964,1.2209644
2024-09-21 09:00:00,DK1,3.15,8.161118,5.0111175
2024-09-21 09:00:00,DK2,3.15,9.033063,5.883063
2024-09-21 10:00:00,DK1,0.01,4.086046,4.076046
2024-09-21 10:00:00,DK2,0.01,5.477229,5.467229
2024-09-21 11:00:00,DK1,0.03,2.345453,2.315453
2024-09-21 11:00:00,DK2,0.03,4.126358,4.096358
2024-09-21 12:00:00,DK1,-0.43,2.946906,3.3769062
2024-09-21 12:00:00,DK2,1.93,1.5878291,-0.34217083
2024-09-21 13:00:00,DK1,1.09,3.2300725,2.1400723
2024-09-21 13:00:00,DK2,5.54,2.8462937,-2.6937063
2024-09-21 14:00:00,DK1,47.26,10.091242,-37.168755
2024-09-21 14:00:00,DK2,42.81,48.472168,5.6621666
2024-09-21 15:00:00,DK1,97.19,133.61078,36.420776
2024-09-21 15:00:00,DK2,97.19,103.26542,6.0754166
2024-09-21 16:00:00,DK1,127.5,131.25348,3.753479
2024-09-21 16:00:00,DK2,127.5,132.60855,5.108551
2024-09-21 17:00:00,DK1,141.99,163.06158,21.071579
2024-09-21 17:00:00,DK2,141.99,160.91913,18.929123
2024-09-21 18:00:00,DK1,112.5,149.57166,37.071655
2024-09-21 18:00:00,DK2,112.5,122.0013,9.501297
2024-09-21 19:00:00,DK1,95.93,95.058426,-0.8715744
2024-09-21 19:00:00,DK2,95.93,88.03158,-7.8984222
2024-09-21 20:00:00,DK1,93.6,72.85759,-20.742409
2024-09-21 20:00:00,DK2,93.6,91.53241,-2.0675888
2024-09-21 21:00:00,DK1,88.3,89.27547,0.97546387
2024-09-21 21:00:00,DK2,88.3,92.29301,3.9930038
2024-09-21 22:00:00,DK1,97.73,82.220215,-15.5097885
2024-09-21 22:00:00,DK2,97.73,87.221344,-10.508659
2024-09-21 23:00:00,DK1,90.05,88.89699,-1.1530151
2024-09-21 23:00:00,DK2,90.05,92.754906,2.7049026
2024-09-22 00:00:00,DK1,89.99,84.20466,-5.7853394
2024-09-22 00:00:00,DK2,89.99,81.158646,-8.831352
2024-09-22 01:00:00,DK1,89.5,80.16826,-9.331741
2024-09-22 01:00:00,DK2,89.5,91.096245,1.5962448
2024-09-22 02:00:00,DK1,90.75,87.49247,-3.2575302
2024-09-22 02:00:00,DK2,90.75,90.936806,0.18680573
2024-09-22 03:00:00,DK1,90.65,89.809494,-0.8405075
2024-09-22 03:00:00,DK2,90.65,92.76294,2.112938
2024-09-22 04:00:00,DK1,94.88,93.45589,-1.4241104
2024-09-22 04:00:00,DK2,94.88,96.820244,1.9402466
2024-09-22 05:00:00,DK1,97.31,98.22754,0.9175415
2024-09-22 05:00:00,DK2,97.31,98.44979,1.1397934
2024-09-22 06:00:00,DK1,86.48,100.64919,14.169189
2024-09-22 06:00:00,DK2,86.48,94.28453,7.8045273
2024-09-22 07:00:00,DK1,62.79,81.49596,18.705956
2024-09-22 07:00:00,DK2,62.79,89.521385,26.731384
2024-09-22 08:00:00,DK1,26.17,75.48237,49.31237
2024-09-22 08:00:00,DK2,22.63,44.487762,21.857763
2024-09-22 09:00:00,DK1,11.13,13.43187,2.3018703
2024-09-22 09:00:00,DK2,14.67,10.523639,-4.1463614
2024-09-22 10:00:00,DK1,9.68,4.545538,-5.1344624
2024-09-22 10:00:00,DK2,10.93,5.7570333,-5.172967
2024-09-22 11:00:00,DK1,2.03,3.1632905,1.1332905
2024-09-22 11:00:00,DK2,8.0,7.5103607,-0.48963928
2024-09-22 12:00:00,DK1,0.01,14.498842,14.488842
2024-09-22 12:00:00,DK2,10.86,12.430658,1.5706587
2024-09-22 13:00:00,DK1,9.66,19.51361,9.853611
2024-09-22 13:00:00,DK2,15.26,13.849359,-1.4106417
2024-09-22 14:00:00,DK1,61.6,39.388504,-22.211494
2024-09-22 14:00:00,DK2,56.0,52.010033,-3.9899673
2024-09-22 15:00:00,DK1,106.27,116.18233,9.912331
2024-09-22 15:00:00,DK2,106.27,97.74157,-8.528427
2024-09-22 16:00:00,DK1,132.23,143.42336,11.193359
2024-09-22 16:00:00,DK2,132.23,153.92943,21.699432
2024-09-22 17:00:00,DK1,157.18,166.93329,9.753296
2024-09-22 17:00:00,DK2,157.18,161.57623,4.39624
2024-09-22 18:00:00,DK1,126.11,137.45721,11.347214
2024-09-22 18:00:00,DK2,126.11,122.92083,-3.1891708
2024-09-22 19:00:00,DK1,109.54,106.81772,-2.7222824
2024-09-22 19:00:00,DK2,109.54,102.85657,-6.6834335
2024-09-22 20:00:00,DK1,98.72,92.64965,-6.0703506
2024-09-22 20:00:00,DK2,98.72,100.84501,2.1250076
2024-09-22 21:00:00,DK1,92.0,100.248634,8.248634
2024-09-22 21:00:00,DK2,92.0,91.32651,-0.67349243
2024-09-22 22:00:00,DK1,90.8,80.32795,-10.472054
2024-09-22 22:00:00,DK2,90.8,86.66504,-4.134964
2024-09-22 23:00:00,DK1,84.08,86.86544,2.7854385
2024-09-22 23:00:00,DK2,84.08,84.47428,0.39427948
2024-09-23 00:00:00,DK1,85.2,76.58815,-8.611847
2024-09-23 00:00:00,DK2,85.2,78.72256,-6.47744
2024-09-23 01:00:00,DK1,87.15,81.34586,-5.804138
2024-09-23 01:00:00,DK2,87.15,82.48974,-4.660263
2024-09-23 02:00:00,DK1,86.93,88.77861,1.8486099
2024-09-23 02:00:00,DK2,86.93,84.94957,-1.9804306
2024-09-23 03:00:00,DK1,97.3,95.51869,-1.781311
2024-09-23 03:00:00,DK2,97.3,97.09418,-0.2058258
2024-09-23 04:00:00,DK1,133.4,114.17346,-19.226532
2024-09-23 04:00:00,DK2,133.4,119.160675,-14.239319
2024-09-23 05:00:00,DK1,203.73,138.27887,-65.451126
2024-09-23 05:00:00,DK2,203.73,157.39587,-46.33412
2024-09-23 06:00:00,DK1,151.33,163.13907,11.809067
2024-09-23 06:00:00,DK2,151.33,164.91269,13.582687
2024-09-23 07:00:00,DK1,109.99,126.93924,16.949242
2024-09-23 07:00:00,DK2,109.99,116.62452,6.6345215
2024-09-23 08:00:00,DK1,94.66,97.03908,2.379074
2024-09-23 08:00:00,DK2,94.66,101.47368,6.813675
2024-09-23 09:00:00,DK1,80.16,86.99743,6.837425
2024-09-23 09:00:00,DK2,80.16,87.69578,7.535774
2024-09-23 10:00:00,DK1,78.94,77.94629,-0.9937134
2024-09-23 10:00:00,DK2,78.94,77.84949,-1.0905151
2024-09-23 11:00:00,DK1,76.55,74.064575,-2.4854279
2024-09-23 11:00:00,DK2,76.55,78.48457,1.9345703
2024-09-23 12:00:00,DK1,76.77,79.74087,2.970871
2024-09-23 12:00:00,DK2,76.77,73.93971,-2.830284
2024-09-23 13:00:00,DK1,80.98,83.36792,2.3879166
2024-09-23 13:00:00,DK2,80.98,77.43271,-3.5472946
2024-09-23 14:00:00,DK1,102.25,88.94821,-13.301788
2024-09-23 14:00:00,DK2,102.25,96.283875,-5.9661255
2024-09-23 15:00:00,DK1,136.01,123.543884,-12.46611
2024-09-23 15:00:00,DK2,136.01,134.85526,-1.1547394
2024-09-23 16:00:00,DK1,240.26,168.70633,-71.553665
2024-09-23 16:00:00,DK2,240.26,171.20087,-69.05913
2024-09-23 17:00:00,DK1,328.39,171.46701,-156.923
2024-09-23 17:00:00,DK2,328.39,171.51018,-156.87984
2024-09-23 18:00:00,DK1,178.64,171.52043,-7.119568
2024-09-23 18:00:00,DK2,178.64,171.48993,-7.15007
2024-09-23 19:00:00,DK1,116.71,166.04321,49.333214
2024-09-23 19:00:00,DK2,116.71,134.46521,17.75521
2024-09-23 20:00:00,DK1,100.93,104.15644,3.2264404
2024-09-23 20:00:00,DK2,100.93,100.36556,-0.56443787
2024-09-23 21:00:00,DK1,91.54,87.95203,-3.5879745
2024-09-23 21:00:00,DK2,91.54,88.58187,-2.95813
2024-09-23 22:00:00,DK1,88.2,93.76376,5.5637665
2024-09-23 22:00:00,DK2,88.2,96.24267,8.042671
2024-09-23 23:00:00,DK1,82.51,92.74884,10.238838
2024-09-23 23:00:00,DK2,82.51,83.88118,1.3711777
2024-09-24 00:00:00,DK1,83.69,74.53372,-9.1562805
2024-09-24 00:00:00,DK2,83.69,80.19684,-3.493164
2024-09-24 01:00:00,DK1,85.02,77.75319,-7.2668076
2024-09-24 01:00:00,DK2,85.02,87.90085,2.8808517
2024-09-24 02:00:00,DK1,83.26,93.46661,10.206612
2024-09-24 02:00:00,DK2,83.26,88.07158,4.811577
2024-09-24 03:00:00,DK1,88.29,94.225845,5.9358444
2024-09-24 03:00:00,DK2,88.29,107.31615,19.026146
2024-09-24 04:00:00,DK1,110.75,131.69066,20.940659
2024-09-24 04:00:00,DK2,110.75,130.18675,19.436752
2024-09-24 05:00:00,DK1,141.96,131.85068,-10.109329
2024-09-24 05:00:00,DK2,141.96,128.26717,-13.692841
2024-09-24 06:00:00,DK1,127.4,147.96497,20.564964
2024-09-24 06:00:00,DK2,127.4,134.92212,7.5221176
2024-09-24 07:00:00,DK1,106.02,96.956955,-9.063042
2024-09-24 07:00:00,DK2,106.02,106.97868,0.9586868
2024-09-24 08:00:00,DK1,92.61,98.76341,6.153412
2024-09-24 08:00:00,DK2,92.61,101.00386,8.39386
2024-09-24 09:00:00,DK1,83.87,90.91165,7.041649
2024-09-24 09:00:00,DK2,83.87,89.10633,5.236328
2024-09-24 10:00:00,DK1,75.75,77.62889,1.878891
2024-09-24 10:00:00,DK2,75.75,76.77197,1.0219727
2024-09-24 11:00:00,DK1,68.99,68.79,-0.19999695
2024-09-24 11:00:00,DK2,68.99,69.14297,0.15296936
2024-09-24 12:00:00,DK1,61.59,65.024185,3.434185
2024-09-24 12:00:00,DK2,61.59,65.22093,3.6309319
2024-09-24 13:00:00,DK1,74.94,66.14629,-8.793709
2024-09-24 13:00:00,DK2,74.94,72.75014,-2.189865
2024-09-24 14:00:00,DK1,83.27,87.77557,4.505577
2024-09-24 14:00:00,DK2,83.27,85.098274,1.8282776
2024-09-24 15:00:00,DK1,104.04,100.256386,-3.783615
2024-09-24 15:00:00,DK2,104.04,103.28183,-0.7581711
2024-09-24 16:00:00,DK1,119.05,132.82504,13.77504
2024-09-24 16:00:00,DK2,119.05,130.96437,11.914368
2024-09-24 17:00:00,DK1,124.13,139.15494,15.0249405
2024-09-24 17:00:00,DK2,124.13,123.97407,-0.15592957
2024-09-24 18:00:00,DK1,101.7,96.744354,-4.9556427
2024-09-24 18:00:00,DK2,101.7,85.92613,-15.773865
2024-09-24 19:00:00,DK1,80.44,66.34987,-14.090134
2024-09-24 19:00:00,DK2,80.44,72.31232,-8.127686
2024-09-24 20:00:00,DK1,74.48,67.63415,-6.8458557
2024-09-24 20:00:00,DK2,74.48,66.942825,-7.537178
2024-09-24 21:00:00,DK1,60.58,67.44226,6.862259
2024-09-24 21:00:00,DK2,60.58,50.931625,-9.648376
2024-09-24 22:00:00,DK1,22.16,22.93142,0.7714195
2024-09-24 22:00:00,DK2,10.06,15.475273,5.4152727
2024-09-24 23:00:00,DK1,17.16,8.93452,-8.22548
2024-09-24 23:00:00,DK2,8.35,3.888103,-4.4618974
2024-09-25 00:00:00,DK1,16.49,1.2650235,-15.224977
2024-09-25 00:00:00,DK2,6.8,1.2810822,-5.518918
2024-09-25 01:00:00,DK1,17.21,0.4821,-16.7279
2024-09-25 01:00:00,DK2,5.97,2.2070231,-3.7629766
2024-09-25 02:00:00,DK1,21.33,7.267704,-14.062296
2024-09-25 02:00:00,DK2,5.77,4.3632708,-1.4067292
2024-09-25 03:00:00,DK1,22.12,11.791803,-10.3281975
2024-09-25 03:00:00,DK2,9.94,8.193198,-1.7468014
2024-09-25 04:00:00,DK1,29.64,21.18779,-8.452209
2024-09-25 04:00:00,DK2,15.64,20.267214,4.6272135
2024-09-25 05:00:00,DK1,44.99,38.59501,-6.394993
2024-09-25 05:00:00,DK2,17.5,31.502306,14.002306
2024-09-25 06:00:00,DK1,42.44,35.55126,-6.8887367
2024-09-25 06:00:00,DK2,17.67,26.586916,8.916916
2024-09-25 07:00:00,DK1,41.65,25.7575,-15.892502
2024-09-25 07:00:00,DK2,16.55,19.700903,3.1509037
2024-09-25 08:00:00,DK1,23.57,16.809782,-6.7602177
2024-09-25 08:00:00,DK2,13.44,11.058221,-2.3817787
2024-09-25 09:00:00,DK1,23.75,7.3583813,-16.391619
2024-09-25 09:00:00,DK2,8.55,9.364599,0.81459904
2024-09-25 10:00:00,DK1,19.1,7.7587514,-11.341249
2024-09-25 10:00:00,DK2,6.95,8.123451,1.1734514
2024-09-25 11:00:00,DK1,18.78,5.763748,-13.0162525
2024-09-25 11:00:00,DK2,6.91,5.75805,-1.1519499
2024-09-25 12:00:00,DK1,18.99,5.185176,-13.804824
2024-09-25 12:00:00,DK2,5.57,5.920443,0.3504429
2024-09-25 13:00:00,DK1,28.18,9.289399,-18.890602
2024-09-25 13:00:00,DK2,5.4,6.395874,0.9958739
2024-09-25 14:00:00,DK1,75.71,12.720203,-62.989796
2024-09-25 14:00:00,DK2,16.41,19.78556,3.3755608
2024-09-25 15:00:00,DK1,107.85,39.43123,-68.41877
2024-09-25 15:00:00,DK2,107.85,71.33118,-36.51882
2024-09-25 16:00:00,DK1,156.2,135.12524,-21.074753
2024-09-25 16:00:00,DK2,156.2,162.9964,6.796402
2024-09-25 17:00:00,DK1,195.42,170.76166,-24.65834
2024-09-25 17:00:00,DK2,195.42,171.09186,-24.32814
2024-09-25 18:00:00,DK1,131.84,168.84387,37.003876
2024-09-25 18:00:00,DK2,131.84,133.19362,1.3536224
2024-09-25 19:00:00,DK1,96.61,116.88193,20.271927
2024-09-25 19:00:00,DK2,96.61,111.57819,14.968193
2024-09-25 20:00:00,DK1,91.64,99.06514,7.4251404
2024-09-25 20:00:00,DK2,91.64,80.38388,-11.256119
2024-09-25 21:00:00,DK1,82.22,77.4241,-4.7958984
2024-09-25 21:00:00,DK2,82.22,82.82701,0.6070099
2024-09-25 22:00:00,DK1,66.02,84.32224,18.302246
2024-09-25 22:00:00,DK2,66.02,77.067604,11.047607
2024-09-25 23:00:00,DK1,58.78,51.86908,-6.910919
2024-09-25 23:00:00,DK2,58.78,55.83394,-2.9460602
2024-09-26 00:00:00,DK1,52.34,61.54563,9.205631
2024-09-26 00:00:00,DK2,52.34,69.075165,16.735165
2024-09-26 01:00:00,DK1,49.87,72.14289,22.272892
2024-09-26 01:00:00,DK2,49.87,68.43277,18.56277
2024-09-26 02:00:00,DK1,45.53,71.928955,26.398956
2024-09-26 02:00:00,DK2,45.53,52.799446,7.2694473
2024-09-26 03:00:00,DK1,49.71,47.528656,-2.181343
2024-09-26 03:00:00,DK2,49.71,47.5318,-2.1781998
2024-09-26 04:00:00,DK1,72.03,61.385345,-10.644653
2024-09-26 04:00:00,DK2,72.03,61.04917,-10.980827
2024-09-26 05:00:00,DK1,85.2,80.050224,-5.1497726
2024-09-26 05:00:00,DK2,85.2,74.15529,-11.044708
2024-09-26 06:00:00,DK1,83.4,72.74186,-10.658142
2024-09-26 06:00:00,DK2,83.4,72.25447,-11.145531
2024-09-26 07:00:00,DK1,67.33,62.375977,-4.9540253
2024-09-26 07:00:00,DK2,67.33,64.623314,-2.706688
2024-09-26 08:00:00,DK1,45.96,71.6165,25.656502
2024-09-26 08:00:00,DK2,42.06,47.027084,4.967083
2024-09-26 09:00:00,DK1,31.62,21.956228,-9.663773
2024-09-26 09:00:00,DK2,31.62,32.127113,0.5071125
2024-09-26 10:00:00,DK1,17.0,18.170256,1.1702557
2024-09-26 10:00:00,DK2,17.0,19.219944,2.219944
2024-09-26 11:00:00,DK1,12.08,10.177391,-1.9026089
2024-09-26 11:00:00,DK2,12.08,12.467495,0.38749504
2024-09-26 12:00:00,DK1,12.68,9.638443,-3.0415573
2024-09-26 12:00:00,DK2,12.68,10.56595,-2.11405
2024-09-26 13:00:00,DK1,37.9,13.722348,-24.177654
2024-09-26 13:00:00,DK2,17.25,16.469675,-0.78032494
2024-09-26 14:00:00,DK1,47.0,64.97481,17.974808
2024-09-26 14:00:00,DK2,20.01,48.347893,28.337893
2024-09-26 15:00:00,DK1,63.68,93.056625,29.376625
2024-09-26 15:00:00,DK2,63.68,59.21924,-4.460762
2024-09-26 16:00:00,DK1,80.0,99.836075,19.836075
2024-09-26 16:00:00,DK2,80.0,86.441086,6.441086
2024-09-26 17:00:00,DK1,89.0,125.882065,36.882065
2024-09-26 17:00:00,DK2,89.0,79.336174,-9.663826
2024-09-26 18:00:00,DK1,78.93,37.852592,-41.077408
2024-09-26 18:00:00,DK2,78.93,33.66548,-45.26452
2024-09-26 19:00:00,DK1,62.84,98.88634,36.046337
2024-09-26 19:00:00,DK2,41.22,61.823387,20.603386
2024-09-26 20:00:00,DK1,52.29,30.030445,-22.259556
2024-09-26 20:00:00,DK2,32.64,15.6122675,-17.027733
2024-09-26 21:00:00,DK1,36.3,55.945946,19.645947
2024-09-26 21:00:00,DK2,22.73,17.44379,-5.286209
2024-09-26 22:00:00,DK1,-0.06,15.122053,15.182054
2024-09-26 22:00:00,DK2,5.39,3.5416415,-1.8483584
2024-09-26 23:00:00,DK1,0.04,6.1563983,6.1163983
2024-09-26 23:00:00,DK2,3.23,2.8345058,-0.39549422
2024-09-27 00:00:00,DK1,-0.01,4.581729,4.591729
2024-09-27 00:00:00,DK2,0.67,2.6004746,1.9304745
2024-09-27 01:00:00,DK1,-0.59,6.867239,7.457239
2024-09-27 01:00:00,DK2,0.0,2.3093877,2.3093877
2024-09-27 02:00:00,DK1,-0.2,7.1445074,7.344507
2024-09-27 02:00:00,DK2,-0.2,5.269062,5.469062
2024-09-27 03:00:00,DK1,-0.03,9.705963,9.735963
2024-09-27 03:00:00,DK2,-0.03,5.1390867,5.169087
2024-09-27 04:00:00,DK1,0.0,11.249994,11.249994
2024-09-27 04:00:00,DK2,4.18,7.661278,3.481278
2024-09-27 05:00:00,DK1,25.92,12.209967,-13.710033
2024-09-27 05:00:00,DK2,11.43,17.39677,5.96677
2024-09-27 06:00:00,DK1,39.92,33.334274,-6.585724
2024-09-27 06:00:00,DK2,14.28,17.810036,3.530036
2024-09-27 07:00:00,DK1,7.9,22.675611,14.775612
2024-09-27 07:00:00,DK2,9.5,9.733789,0.23378944
2024-09-27 08:00:00,DK1,8.35,9.025619,0.6756182
2024-09-27 08:00:00,DK2,8.35,6.5990744,-1.750926
2024-09-27 09:00:00,DK1,10.83,5.189488,-5.640512
2024-09-27 09:00:00,DK2,6.0,5.9964094,-0.0035905838
2024-09-27 10:00:00,DK1,9.64,6.4462953,-3.193705
2024-09-27 10:00:00,DK2,6.27,6.2681684,-0.0018315315
2024-09-27 11:00:00,DK1,4.92,5.498567,0.578567
2024-09-27 11:00:00,DK2,4.92,4.1234126,-0.79658747
2024-09-27 12:00:00,DK1,4.06,3.1883125,-0.8716874
2024-09-27 12:00:00,DK2,4.06,3.054131,-1.0058689
2024-09-27 13:00:00,DK1,4.75,3.0566845,-1.6933155
2024-09-27 13:00:00,DK2,4.75,2.4113135,-2.3386865
2024-09-27 14:00:00,DK1,5.01,7.3606787,2.3506784
2024-09-27 14:00:00,DK2,5.01,6.593711,1.5837107
2024-09-27 15:00:00,DK1,37.83,58.739883,20.909882
2024-09-27 15:00:00,DK2,32.82,32.281464,-0.5385361
2024-09-27 16:00:00,DK1,62.55,80.357086,17.807087
2024-09-27 16:00:00,DK2,62.55,57.71904,-4.8309593
2024-09-27 17:00:00,DK1,60.47,124.062065,63.592064
2024-09-27 17:00:00,DK2,60.47,61.505966,1.035965
2024-09-27 18:00:00,DK1,59.57,14.789213,-44.780785
2024-09-27 18:00:00,DK2,29.34,15.867944,-13.472056
2024-09-27 19:00:00,DK1,33.09,66.48791,33.397907
2024-09-27 19:00:00,DK2,19.97,28.438864,8.468864
2024-09-27 20:00:00,DK1,26.03,13.631152,-12.398849
2024-09-27 20:00:00,DK2,26.03,8.788389,-17.241611
2024-09-27 21:00:00,DK1,25.0,44.30311,19.303108
2024-09-27 21:00:00,DK2,25.0,23.559195,-1.4408054
2024-09-27 22:00:00,DK1,1.77,13.0932665,11.323267
2024-09-27 22:00:00,DK2,2.9,9.4841585,6.5841584
2024-09-27 23:00:00,DK1,3.03,10.839013,7.8090134
2024-09-27 23:00:00,DK2,3.03,5.9783926,2.9483926
2024-09-28 00:00:00,DK1,3.29,7.124751,3.8347511
2024-09-28 00:00:00,DK2,3.29,5.1040645,1.8140645
2024-09-28 01:00:00,DK1,3.16,8.862005,5.7020054
2024-09-28 01:00:00,DK2,3.16,5.0085173,1.8485172
2024-09-28 02:00:00,DK1,3.27,5.9893036,2.7193036
2024-09-28 02:00:00,DK2,3.27,4.3409905,1.0709906
2024-09-28 03:00:00,DK1,4.15,6.3669915,2.2169914
2024-09-28 03:00:00,DK2,4.15,4.0549493,-0.09505081
2024-09-28 04:00:00,DK1,11.96,9.714079,-2.2459211
2024-09-28 04:00:00,DK2,5.15,8.405251,3.2552505
2024-09-28 05:00:00,DK1,22.28,20.43268,-1.8473206
2024-09-28 05:00:00,DK2,9.1,13.753821,4.653821
2024-09-28 06:00:00,DK1,26.21,19.349154,-6.8608456
2024-09-28 06:00:00,DK2,14.51,17.085615,2.575615
2024-09-28 07:00:00,DK1,18.91,15.638167,-3.2718325
2024-09-28 07:00:00,DK2,15.99,13.662991,-2.3270092
2024-09-28 08:00:00,DK1,9.75,8.445112,-1.3048878
2024-09-28 08:00:00,DK2,9.75,8.800509,-0.94949055
2024-09-28 09:00:00,DK1,3.78,2.0084631,-1.7715368
2024-09-28 09:00:00,DK2,3.78,2.6905339,-1.0894661
2024-09-28 10:00:00,DK1,0.65,-0.81555533,-1.4655553
2024-09-28 10:00:00,DK2,0.65,-0.35856438,-1.0085644
2024-09-28 11:00:00,DK1,0.0,-1.3869972,-1.3869972
2024-09-28 11:00:00,DK2,0.0,-0.4308083,-0.4308083
2024-09-28 12:00:00,DK1,0.0,-0.36988115,-0.36988115
2024-09-28 12:00:00,DK2,0.0,0.4156809,0.4156809
2024-09-28 13:00:00,DK1,0.06,2.9932206,2.9332206
2024-09-28 13:00:00,DK2,3.29,3.270481,-0.019518852
2024-09-28 14:00:00,DK1,9.82,7.0054383,-2.8145614
2024-09-28 14:00:00,DK2,6.59,5.305979,-1.2840214
2024-09-28 15:00:00,DK1,43.64,39.59147,-4.0485306
2024-09-28 15:00:00,DK2,10.09,38.92868,28.83868
2024-09-28 16:00:00,DK1,42.97,93.394295,50.424294
2024-09-28 16:00:00,DK2,42.97,47.804916,4.834915
2024-09-28 17:00:00,DK1,46.84,71.29181,24.451809
2024-09-28 17:00:00,DK2,46.84,59.265007,12.425007
2024-09-28 18:00:00,DK1,36.03,47.04107,11.01107
2024-09-28 18:00:00,DK2,36.03,38.968414,2.9384155
2024-09-28 19:00:00,DK1,35.55,43.189583,7.6395836
2024-09-28 19:00:00,DK2,10.17,40.810425,30.640425
2024-09-28 20:00:00,DK1,35.28,37.48208,2.2020798
2024-09-28 20:00:00,DK2,26.43,28.943048,2.5130482
2024-09-28 21:00:00,DK1,41.8,67.60883,25.808834
2024-09-28 21:00:00,DK2,3.76,57.5894,53.829403
2024-09-28 22:00:00,DK1,36.68,59.049065,22.369064
2024-09-28 22:00:00,DK2,3.89,21.250704,17.360704
2024-09-28 23:00:00,DK1,39.44,31.05003,-8.389969
2024-09-28 23:00:00,DK2,3.29,22.926193,19.636192
2024-09-29 00:00:00,DK1,44.07,49.644554,5.5745544
2024-09-29 00:00:00,DK2,3.3,33.78195,30.481953
2024-09-29 01:00:00,DK1,43.35,43.99971,0.6497116
2024-09-29 01:00:00,DK2,10.19,23.471212,13.281213
2024-09-29 02:00:00,DK1,57.74,45.191757,-12.548244
2024-09-29 02:00:00,DK2,26.82,27.25977,0.43976974
2024-09-29 03:00:00,DK1,73.63,57.218407,-16.41159
2024-09-29 03:00:00,DK2,73.63,47.5737,-26.056297
2024-09-29 04:00:00,DK1,77.0,81.37661,4.37661
2024-09-29 04:00:00,DK2,77.0,75.94687,-1.0531311
2024-09-29 05:00:00,DK1,98.0,84.502075,-13.497925
2024-09-29 05:00:00,DK2,98.0,88.7832,-9.216797
2024-09-29 06:00:00,DK1,96.88,95.85098,-1.0290146
2024-09-29 06:00:00,DK2,96.88,94.57133,-2.30867
2024-09-29 07:00:00,DK1,54.43,87.76163,33.331627
2024-09-29 07:00:00,DK2,54.43,76.223816,21.793816
2024-09-29 08:00:00,DK1,1.33,39.88546,38.555458
2024-09-29 08:00:00,DK2,1.33,18.434622,17.104622
2024-09-29 09:00:00,DK1,0.0,6.5202684,6.5202684
2024-09-29 09:00:00,DK2,0.0,6.5830383,6.5830383
2024-09-29 10:00:00,DK1,-0.01,1.2111278,1.2211277
2024-09-29 10:00:00,DK2,-0.01,2.7689745,2.7789745
2024-09-29 11:00:00,DK1,-0.49,-0.0253191,0.4646809
2024-09-29 11:00:00,DK2,-0.49,1.2411628,1.7311628
2024-09-29 12:00:00,DK1,-0.45,0.25603008,0.7060301
2024-09-29 12:00:00,DK2,-0.45,1.3644731,1.8144732
2024-09-29 13:00:00,DK1,0.0,1.7213194,1.7213194
2024-09-29 13:00:00,DK2,0.0,4.3545256,4.3545256
2024-09-29 14:00:00,DK1,43.24,26.207554,-17.032448
2024-09-29 14:00:00,DK2,43.24,31.106735,-12.133266
2024-09-29 15:00:00,DK1,94.01,121.83053,27.820526
2024-09-29 15:00:00,DK2,94.01,102.894806,8.884804
2024-09-29 16:00:00,DK1,152.59,136.36902,-16.220978
2024-09-29 16:00:00,DK2,152.59,147.50467,-5.085327
2024-09-29 17:00:00,DK1,167.32,164.99063,-2.3293762
2024-09-29 17:00:00,DK2,167.32,159.04562,-8.274384
2024-09-29 18:00:00,DK1,109.61,137.41138,27.801376
2024-09-29 18:00:00,DK2,109.61,121.35243,11.742432
2024-09-29 19:00:00,DK1,80.13,106.57205,26.442055
2024-09-29 19:00:00,DK2,80.13,97.71522,17.58522
2024-09-29 20:00:00,DK1,64.3,78.78158,14.481575
2024-09-29 20:00:00,DK2,64.3,71.86412,7.5641174
2024-09-29 21:00:00,DK1,37.39,60.947426,23.557426
2024-09-29 21:00:00,DK2,37.39,50.321915,12.931915
2024-09-29 22:00:00,DK1,19.0,38.736816,19.736816
2024-09-29 22:00:00,DK2,19.0,25.7691,6.7691
2024-09-29 23:00:00,DK1,11.45,12.165382,0.7153826
2024-09-29 23:00:00,DK2,11.45,10.268463,-1.1815367
2024-09-30 00:00:00,DK1,8.4,5.23573,-3.1642694
2024-09-30 00:00:00,DK2,8.4,6.713841,-1.6861587
2024-09-30 01:00:00,DK1,5.53,3.7977023,-1.7322979
2024-09-30 01:00:00,DK2,5.53,4.783501,-0.74649906
2024-09-30 02:00:00,DK1,5.61,4.422161,-1.187839
2024-09-30 02:00:00,DK2,9.02,5.916134,-3.1038666
2024-09-30 03:00:00,DK1,16.98,7.0494814,-9.930518
2024-09-30 03:00:00,DK2,16.98,12.088915,-4.8910847
2024-09-30 04:00:00,DK1,42.23,26.791834,-15.438166
2024-09-30 04:00:00,DK2,42.23,24.35863,-17.87137
2024-09-30 05:00:00,DK1,80.1,46.80961,-33.29039
2024-09-30 05:00:00,DK2,80.1,61.653717,-18.446281
2024-09-30 06:00:00,DK1,80.1,96.73783,16.637833
2024-09-30 06:00:00,DK2,80.1,93.99834,13.898338
2024-09-30 07:00:00,DK1,60.0,78.52913,18.529129
2024-09-30 07:00:00,DK2,60.0,54.408966,-5.591034
2024-09-30 08:00:00,DK1,36.58,23.166254,-13.413748
2024-09-30 08:00:00,DK2,36.58,31.301977,-5.2780247
2024-09-30 09:00:00,DK1,20.91,26.82627,5.9162693
2024-09-30 09:00:00,DK2,20.91,23.997519,3.0875187
2024-09-30 10:00:00,DK1,9.28,10.235844,0.9558439
2024-09-30 10:00:00,DK2,9.28,12.27029,2.9902906
2024-09-30 11:00:00,DK1,2.06,4.6637864,2.6037865
2024-09-30 11:00:00,DK2,2.06,7.556307,5.496307
2024-09-30 12:00:00,DK1,7.63,2.9342487,-4.695751
2024-09-30 12:00:00,DK2,12.73,5.203846,-7.5261536
2024-09-30 13:00:00,DK1,21.96,5.218155,-16.741844
2024-09-30 13:00:00,DK2,16.86,7.9483438,-8.911657
2024-09-30 14:00:00,DK1,24.19,16.77695,-7.4130497
2024-09-30 14:00:00,DK2,24.19,10.180579,-14.009421
2024-09-30 15:00:00,DK1,32.72,41.67,8.949997
2024-09-30 15:00:00,DK2,32.72,33.66501,0.9450073
2024-09-30 16:00:00,DK1,35.99,72.346725,36.356724
2024-09-30 16:00:00,DK2,35.99,32.720345,-3.2696571
2024-09-30 17:00:00,DK1,36.63,22.889902,-13.740099
2024-09-30 17:00:00,DK2,36.63,36.611176,-0.018825531
2024-09-30 18:00:00,DK1,36.3,46.47177,10.171772
2024-09-30 18:00:00,DK2,17.1,25.620901,8.520901
2024-09-30 19:00:00,DK1,21.93,13.213509,-8.716492
2024-09-30 19:00:00,DK2,4.19,12.381783,8.191782
2024-09-30 20:00:00,DK1,20.01,10.328065,-9.681935
2024-09-30 20:00:00,DK2,3.28,6.61867,3.33867
2024-09-30 21:00:00,DK1,9.84,10.320491,0.48049068
2024-09-30 21:00:00,DK2,3.25,4.850667,1.600667
2024-09-30 22:00:00,DK1,3.21,4.5977116,1.3877115
2024-09-30 22:00:00,DK2,3.21,3.7352347,0.5252347
2024-09-30 23:00:00,DK1,0.07,1.3099382,1.2399381
2024-09-30 23:00:00,DK2,0.07,1.3646393,1.2946392
2024-10-01 00:00:00,DK1,0.05,-0.5903518,-0.64035183
2024-10-01 00:00:00,DK2,0.05,0.16060734,0.11060734
2024-10-01 01:00:00,DK1,0.02,-0.9628129,-0.9828129
2024-10-01 01:00:00,DK2,0.02,-0.45646596,-0.47646597
2024-10-01 02:00:00,DK1,0.09,-0.67584157,-0.7658416
2024-10-01 02:00:00,DK2,0.09,-0.45654368,-0.5465437
2024-10-01 03:00:00,DK1,6.8,0.6256163,-6.174384
2024-10-01 03:00:00,DK2,3.3,2.027182,-1.2728179
2024-10-01 04:00:00,DK1,33.48,5.9828706,-27.49713
2024-10-01 04:00:00,DK2,10.07,9.291064,-0.77893543
2024-10-01 05:00:00,DK1,39.42,36.401695,-3.018303
2024-10-01 05:00:00,DK2,39.42,17.497902,-21.922096
2024-10-01 06:00:00,DK1,41.32,31.774101,-9.545898
2024-10-01 06:00:00,DK2,41.32,37.036278,-4.283722
2024-10-01 07:00:00,DK1,41.51,25.192316,-16.317682
2024-10-01 07:00:00,DK2,41.51,33.49716,-8.012836
2024-10-01 08:00:00,DK1,38.65,19.673307,-18.976694
2024-10-01 08:00:00,DK2,38.65,29.43333,-9.216671
2024-10-01 09:00:00,DK1,34.99,17.81377,-17.176231
2024-10-01 09:00:00,DK2,34.99,26.1147,-8.875301
2024-10-01 10:00:00,DK1,34.96,16.024038,-18.93596
2024-10-01 10:00:00,DK2,31.24,24.214342,-7.0256577
2024-10-01 11:00:00,DK1,34.99,17.754251,-17.23575
2024-10-01 11:00:00,DK2,29.99,22.175684,-7.814316
2024-10-01 12:00:00,DK1,34.96,22.187353,-12.772646
2024-10-01 12:00:00,DK2,34.96,21.614197,-13.345802
2024-10-01 13:00:00,DK1,39.71,23.556654,-16.153345
2024-10-01 13:00:00,DK2,39.71,26.332518,-13.377481
2024-10-01 14:00:00,DK1,43.56,36.013382,-7.5466194
2024-10-01 14:00:00,DK2,43.56,31.327915,-12.232086
2024-10-01 15:00:00,DK1,52.71,50.24862,-2.46138
2024-10-01 15:00:00,DK2,52.71,47.172783,-5.537216
2024-10-01 16:00:00,DK1,54.4,57.035492,2.6354904
2024-10-01 16:00:00,DK2,54.4,48.351395,-6.048607
2024-10-01 17:00:00,DK1,56.52,48.296677,-8.223324
2024-10-01 17:00:00,DK2,56.52,40.06153,-16.45847
2024-10-01 18:00:00,DK1,49.2,51.139038,1.9390373
2024-10-01 18:00:00,DK2,49.2,55.788574,6.5885735
2024-10-01 19:00:00,DK1,46.33,65.68286,19.35286
2024-10-01 19:00:00,DK2,46.33,46.490784,0.16078186
2024-10-01 20:00:00,DK1,43.14,50.12638,6.9863815
2024-10-01 20:00:00,DK2,43.14,45.377686,2.2376862
2024-10-01 21:00:00,DK1,41.57,44.77504,3.20504
2024-10-01 21:00:00,DK2,41.57,35.95923,-5.610771
2024-10-01 22:00:00,DK1,58.04,26.42618,-31.613821
2024-10-01 22:00:00,DK2,58.04,31.166336,-26.873665
2024-10-01 23:00:00,DK1,49.26,59.51165,10.251652
2024-10-01 23:00:00,DK2,49.26,42.6827,-6.577297
2024-10-02 00:00:00,DK1,50.09,34.502052,-15.587948
2024-10-02 00:00:00,DK2,50.09,40.431908,-9.6580925
2024-10-02 01:00:00,DK1,48.99,49.505592,0.51559067
2024-10-02 01:00:00,DK2,48.99,35.602272,-13.38773
2024-10-02 02:00:00,DK1,48.64,49.32882,0.6888199
2024-10-02 02:00:00,DK2,40.26,45.41864,5.158642
2024-10-02 03:00:00,DK1,48.74,47.62996,-1.1100426
2024-10-02 03:00:00,DK2,48.74,40.386154,-8.3538475
2024-10-02 04:00:00,DK1,79.98,66.027824,-13.952179
2024-10-02 04:00:00,DK2,79.98,64.79473,-15.185272
2024-10-02 05:00:00,DK1,92.91,96.69493,3.7849274
2024-10-02 05:00:00,DK2,92.91,87.08921,-5.820793
2024-10-02 06:00:00,DK1,122.54,99.73653,-22.803474
2024-10-02 06:00:00,DK2,122.54,100.791626,-21.748375
2024-10-02 07:00:00,DK1,94.03,106.12833,12.098328
2024-10-02 07:00:00,DK2,94.03,93.78292,-0.24707794
2024-10-02 08:00:00,DK1,65.02,82.04679,17.026794
2024-10-02 08:00:00,DK2,65.02,79.99359,14.973595
2024-10-02 09:00:00,DK1,52.89,62.259384,9.369385
2024-10-02 09:00:00,DK2,52.89,56.66809,3.7780914
2024-10-02 10:00:00,DK1,57.8,53.816895,-3.9831047
2024-10-02 10:00:00,DK2,57.8,54.616882,-3.183117
2024-10-02 11:00:00,DK1,80.07,61.576744,-18.493256
2024-10-02 11:00:00,DK2,80.07,61.024033,-19.045967
2024-10-02 12:00:00,DK1,78.4,76.31525,-2.084755
2024-10-02 12:00:00,DK2,78.4,69.197395,-9.202606
2024-10-02 13:00:00,DK1,81.43,84.51402,3.0840225
2024-10-02 13:00:00,DK2,81.43,77.81151,-3.6184921
2024-10-02 14:00:00,DK1,81.51,86.67447,5.164467
2024-10-02 14:00:00,DK2,81.51,90.384895,8.874893
2024-10-02 15:00:00,DK1,100.1,100.701836,0.60183716
2024-10-02 15:00:00,DK2,100.1,97.60742,-2.4925766
2024-10-02 16:00:00,DK1,117.01,108.86271,-8.147293
2024-10-02 16:00:00,DK2,117.01,117.405045,0.39504242
2024-10-02 17:00:00,DK1,130.07,117.62025,-12.44976
2024-10-02 17:00:00,DK2,130.07,114.52919,-15.540817
2024-10-02 18:00:00,DK1,114.37,118.95645,4.5864487
2024-10-02 18:00:00,DK2,114.37,100.53323,-13.836769
2024-10-02 19:00:00,DK1,96.54,78.553345,-17.986656
2024-10-02 19:00:00,DK2,96.54,83.63638,-12.903618
2024-10-02 20:00:00,DK1,93.3,97.109566,3.8095627
2024-10-02 20:00:00,DK2,93.3,101.77994,8.479935
2024-10-02 21:00:00,DK1,85.0,104.36558,19.365578
2024-10-02 21:00:00,DK2,85.0,89.24872,4.2487183
2024-10-02 22:00:00,DK1,67.33,80.08265,12.752647
2024-10-02 22:00:00,DK2,67.33,63.57395,-3.75605
2024-10-02 23:00:00,DK1,65.86,48.57926,-17.280739
2024-10-02 23:00:00,DK2,65.86,54.832764,-11.027237
2024-10-03 00:00:00,DK1,65.14,59.068596,-6.0714035
2024-10-03 00:00:00,DK2,65.14,55.651573,-9.488426
2024-10-03 01:00:00,DK1,64.18,55.97032,-8.209679
2024-10-03 01:00:00,DK2,64.18,59.050064,-5.129936
2024-10-03 02:00:00,DK1,63.98,74.02881,10.048809
2024-10-03 02:00:00,DK2,63.98,72.74954,8.769543
2024-10-03 03:00:00,DK1,64.4,88.4267,24.026695
2024-10-03 03:00:00,DK2,64.4,76.04962,11.64962
2024-10-03 04:00:00,DK1,65.43,94.97539,29.545387
2024-10-03 04:00:00,DK2,65.43,93.937965,28.507965
2024-10-03 05:00:00,DK1,73.37,103.33655,29.966545
2024-10-03 05:00:00,DK2,73.37,99.38926,26.019257
2024-10-03 06:00:00,DK1,76.67,99.85361,23.183609
2024-10-03 06:00:00,DK2,76.67,90.81636,14.146362
2024-10-03 07:00:00,DK1,72.9,75.716934,2.8169327
2024-10-03 07:00:00,DK2,72.9,79.9664,7.0663986
2024-10-03 08:00:00,DK1,69.28,77.69081,8.410812
2024-10-03 08:00:00,DK2,69.28,70.800705,1.5207062
2024-10-03 09:00:00,DK1,63.04,66.005615,2.9656143
2024-10-03 09:00:00,DK2,63.04,59.321068,-3.718933
2024-10-03 10:00:00,DK1,47.09,62.63833,15.548328
2024-10-03 10:00:00,DK2,47.09,52.115005,5.0250053
2024-10-03 11:00:00,DK1,33.98,39.89891,5.918911
2024-10-03 11:00:00,DK2,33.98,37.666145,3.6861458
2024-10-03 12:00:00,DK1,39.14,42.987877,3.8478775
2024-10-03 12:00:00,DK2,39.14,34.04309,-5.0969086
2024-10-03 13:00:00,DK1,51.36,49.070763,-2.289238
2024-10-03 13:00:00,DK2,51.36,46.49595,-4.864052
2024-10-03 14:00:00,DK1,66.04,95.37036,29.33036
2024-10-03 14:00:00,DK2,66.04,67.27498,1.2349777
2024-10-03 15:00:00,DK1,89.7,86.07248,-3.6275177
2024-10-03 15:00:00,DK2,89.7,102.86293,13.162933
2024-10-03 16:00:00,DK1,110.07,146.11949,36.04949
2024-10-03 16:00:00,DK2,110.07,118.95102,8.88102
2024-10-03 17:00:00,DK1,115.32,92.792694,-22.527306
2024-10-03 17:00:00,DK2,115.32,97.7137,-17.6063
2024-10-03 18:00:00,DK1,108.28,107.01261,-1.2673874
2024-10-03 18:00:00,DK2,108.28,107.560135,-0.7198639
2024-10-03 19:00:00,DK1,98.76,104.0057,5.245697
2024-10-03 19:00:00,DK2,98.76,105.3618,6.601799
2024-10-03 20:00:00,DK1,90.96,97.6945,6.7345047
2024-10-03 20:00:00,DK2,90.96,98.94893,7.9889297
2024-10-03 21:00:00,DK1,81.46,93.18951,11.729507
2024-10-03 21:00:00,DK2,81.46,80.142235,-1.3177643
2024-10-03 22:00:00,DK1,73.9,76.18875,2.2887497
2024-10-03 22:00:00,DK2,73.9,72.733734,-1.1662674
2024-10-03 23:00:00,DK1,72.52,67.45206,-5.0679398
2024-10-03 23:00:00,DK2,72.52,67.34069,-5.179306
2024-10-04 00:00:00,DK1,72.1,64.293304,-7.806694
2024-10-04 00:00:00,DK2,72.1,76.13595,4.0359497
2024-10-04 01:00:00,DK1,72.0,77.836464,5.836464
2024-10-04 01:00:00,DK2,72.0,71.43654,-0.5634613
2024-10-04 02:00:00,DK1,72.33,73.72896,1.3989563
2024-10-04 02:00:00,DK2,72.33,70.84878,-1.4812241
2024-10-04 03:00:00,DK1,77.1,85.45134,8.351341
2024-10-04 03:00:00,DK2,77.1,80.46316,3.3631592
2024-10-04 04:00:00,DK1,103.0,105.24881,2.2488098
2024-10-04 04:00:00,DK2,103.0,112.48337,9.483368
2024-10-04 05:00:00,DK1,126.54,152.21793,25.677925
2024-10-04 05:00:00,DK2,126.54,134.97873,8.438728
2024-10-04 06:00:00,DK1,141.42,125.81784,-15.602158
2024-10-04 06:00:00,DK2,141.42,127.14085,-14.279152
2024-10-04 07:00:00,DK1,116.27,114.33972,-1.930275
2024-10-04 07:00:00,DK2,116.27,108.134705,-8.135292
2024-10-04 08:00:00,DK1,100.09,99.22111,-0.86888885
2024-10-04 08:00:00,DK2,100.09,100.696976,0.60697937
2024-10-04 09:00:00,DK1,85.0,93.10153,8.101532
2024-10-04 09:00:00,DK2,85.0,88.07654,3.076538
2024-10-04 10:00:00,DK1,75.07,83.07467,8.004669
2024-10-04 10:00:00,DK2,75.07,74.534256,-0.5357437
2024-10-04 11:00:00,DK1,73.49,78.679535,5.189537
2024-10-04 11:00:00,DK2,73.49,73.02658,-0.46341705
2024-10-04 12:00:00,DK1,75.82,81.47624,5.6562424
2024-10-04 12:00:00,DK2,75.82,74.1837,-1.6362991
2024-10-04 13:00:00,DK1,79.07,93.03337,13.963371
2024-10-04 13:00:00,DK2,79.07,91.042656,11.972656
2024-10-04 14:00:00,DK1,89.8,104.84697,15.046967
2024-10-04 14:00:00,DK2,89.8,92.748886,2.948883
2024-10-04 15:00:00,DK1,107.1,114.84338,7.7433853
2024-10-04 15:00:00,DK2,107.1,110.72498,3.6249847
2024-10-04 16:00:00,DK1,131.97,143.06366,11.093658
2024-10-04 16:00:00,DK2,131.97,142.1979,10.227905
2024-10-04 17:00:00,DK1,149.02,156.44402,7.424011
2024-10-04 17:00:00,DK2,149.02,140.07056,-8.949448
2024-10-04 18:00:00,DK1,123.7,127.6985,3.9985046
2024-10-04 18:00:00,DK2,123.7,124.89749,1.1974945
2024-10-04 19:00:00,DK1,99.9,116.27614,16.376137
2024-10-04 19:00:00,DK2,99.9,111.66661,11.766609
2024-10-04 20:00:00,DK1,99.9,95.23257,-4.6674347
2024-10-04 20:00:00,DK2,99.9,96.187386,-3.712616
2024-10-04 21:00:00,DK1,90.0,94.9323,4.9322968
2024-10-04 21:00:00,DK2,90.0,95.71809,5.7180862
2024-10-04 22:00:00,DK1,93.1,92.06423,-1.0357666
2024-10-04 22:00:00,DK2,93.1,90.66748,-2.432518
2024-10-04 23:00:00,DK1,84.64,90.62606,5.986061
2024-10-04 23:00:00,DK2,84.64,86.19872,1.5587234
2024-10-05 00:00:00,DK1,81.4,83.51553,2.115532
2024-10-05 00:00:00,DK2,81.4,78.10467,-3.2953339
2024-10-05 01:00:00,DK1,75.54,76.17975,0.6397476
2024-10-05 01:00:00,DK2,75.54,77.06891,1.5289078
2024-10-05 02:00:00,DK1,75.72,81.00301,5.2830124
2024-10-05 02:00:00,DK2,75.72,69.87735,-5.8426514
2024-10-05 03:00:00,DK1,79.82,75.92029,-3.8997116
2024-10-05 03:00:00,DK2,79.82,76.04103,-3.7789688
2024-10-05 04:00:00,DK1,86.2,80.937675,-5.2623215
2024-10-05 04:00:00,DK2,86.2,91.35201,5.1520157
2024-10-05 05:00:00,DK1,100.4,105.26225,4.8622513
2024-10-05 05:00:00,DK2,100.4,107.67553,7.275528
2024-10-05 06:00:00,DK1,110.62,114.20232,3.5823135
2024-10-05 06:00:00,DK2,110.62,110.63054,0.010536194
2024-10-05 07:00:00,DK1,103.0,104.27322,1.2732162
2024-10-05 07:00:00,DK2,103.0,108.89674,5.896744
2024-10-05 08:00:00,DK1,82.42,100.640755,18.220757
2024-10-05 08:00:00,DK2,82.42,90.21184,7.7918396
2024-10-05 09:00:00,DK1,68.27,69.33688,1.0668869
2024-10-05 09:00:00,DK2,68.27,65.53374,-2.7362595
2024-10-05 10:00:00,DK1,51.44,51.34075,-0.09924698
2024-10-05 10:00:00,DK2,51.44,48.02192,-3.4180794
2024-10-05 11:00:00,DK1,38.88,38.33326,-0.5467415
2024-10-05 11:00:00,DK2,38.88,34.489235,-4.390766
2024-10-05 12:00:00,DK1,43.49,26.522982,-16.96702
2024-10-05 12:00:00,DK2,43.49,29.42444,-14.065561
2024-10-05 13:00:00,DK1,56.16,51.941185,-4.218815
2024-10-05 13:00:00,DK2,62.92,55.15245,-7.7675476
2024-10-05 14:00:00,DK1,72.98,93.08668,20.106674
2024-10-05 14:00:00,DK2,77.12,83.20751,6.087509
2024-10-05 15:00:00,DK1,92.55,98.83432,6.284317
2024-10-05 15:00:00,DK2,99.48,95.04549,-4.434517
2024-10-05 16:00:00,DK1,138.07,113.37537,-24.694641
2024-10-05 16:00:00,DK2,148.65,125.331985,-23.318008
2024-10-05 17:00:00,DK1,137.97,144.27997,6.309967
2024-10-05 17:00:00,DK2,143.28,142.23642,-1.0435791
2024-10-05 18:00:00,DK1,107.23,132.00804,24.778038
2024-10-05 18:00:00,DK2,107.23,121.7489,14.518898
2024-10-05 19:00:00,DK1,94.57,98.08334,3.5133438
2024-10-05 19:00:00,DK2,96.56,94.61345,-1.9465485
2024-10-05 20:00:00,DK1,84.97,90.10436,5.1343613
2024-10-05 20:00:00,DK2,85.23,90.56324,5.3332367
2024-10-05 21:00:00,DK1,67.0,81.653175,14.653175
2024-10-05 21:00:00,DK2,67.0,75.251434,8.251434
2024-10-05 22:00:00,DK1,65.12,66.09436,0.9743576
2024-10-05 22:00:00,DK2,65.33,59.58403,-5.7459717
2024-10-05 23:00:00,DK1,60.65,56.77778,-3.872223
2024-10-05 23:00:00,DK2,60.65,56.07734,-4.5726624
2024-10-06 00:00:00,DK1,59.1,53.87387,-5.2261276
2024-10-06 00:00:00,DK2,59.1,44.230515,-14.869484
2024-10-06 01:00:00,DK1,58.13,41.97966,-16.150341
2024-10-06 01:00:00,DK2,58.13,52.57366,-5.5563393
2024-10-06 02:00:00,DK1,56.93,60.227715,3.2977142
2024-10-06 02:00:00,DK2,56.93,50.658615,-6.271385
2024-10-06 03:00:00,DK1,58.13,57.365814,-0.76418686
2024-10-06 03:00:00,DK2,58.13,52.18271,-5.9472923
2024-10-06 04:00:00,DK1,57.93,66.66365,8.73365
2024-10-06 04:00:00,DK2,57.93,60.887344,2.957344
2024-10-06 05:00:00,DK1,70.42,73.34425,2.9242554
2024-10-06 05:00:00,DK2,70.42,59.163986,-11.256012
2024-10-06 06:00:00,DK1,65.87,76.25537,10.385368
2024-10-06 06:00:00,DK2,77.2,70.833374,-6.366623
2024-10-06 07:00:00,DK1,60.06,75.043335,14.983334
2024-10-06 07:00:00,DK2,66.06,62.618492,-3.4415054
2024-10-06 08:00:00,DK1,35.28,46.983246,11.703247
2024-10-06 08:00:00,DK2,26.02,40.32926,14.309261
2024-10-06 09:00:00,DK1,16.68,16.737717,0.05771637
2024-10-06 09:00:00,DK2,17.0,15.758915,-1.241085
2024-10-06 10:00:00,DK1,10.69,7.157321,-3.5326786
2024-10-06 10:00:00,DK2,14.2,9.553737,-4.646263
2024-10-06 11:00:00,DK1,5.62,6.4419513,0.8219514
2024-10-06 11:00:00,DK2,12.52,11.430387,-1.0896139
2024-10-06 12:00:00,DK1,2.18,5.8722377,3.6922376
2024-10-06 12:00:00,DK2,15.28,7.4352865,-7.844713
2024-10-06 13:00:00,DK1,1.79,6.5955844,4.8055844
2024-10-06 13:00:00,DK2,18.72,9.091051,-9.628948
2024-10-06 14:00:00,DK1,53.1,22.984636,-30.115362
2024-10-06 14:00:00,DK2,27.2,57.738808,30.538807
2024-10-06 15:00:00,DK1,82.78,118.76912,35.98912
2024-10-06 15:00:00,DK2,90.94,67.23323,-23.706772
2024-10-06 16:00:00,DK1,106.3,101.633835,-4.666168
2024-10-06 16:00:00,DK2,106.3,113.634384,7.334381
2024-10-06 17:00:00,DK1,97.22,110.979065,13.759064
2024-10-06 17:00:00,DK2,97.22,93.799446,-3.420555
2024-10-06 18:00:00,DK1,72.98,69.21086,-3.7691422
2024-10-06 18:00:00,DK2,72.98,53.43181,-19.548195
2024-10-06 19:00:00,DK1,59.37,39.905518,-19.464481
2024-10-06 19:00:00,DK2,59.37,48.65943,-10.710567
2024-10-06 20:00:00,DK1,58.69,69.15445,10.464451
2024-10-06 20:00:00,DK2,58.69,52.814957,-5.875042
2024-10-06 21:00:00,DK1,51.71,45.368774,-6.3412247
2024-10-06 21:00:00,DK2,51.71,39.862778,-11.847221
2024-10-06 22:00:00,DK1,34.58,40.968704,6.3887024
2024-10-06 22:00:00,DK2,34.58,31.873564,-2.706438
2024-10-06 23:00:00,DK1,35.34,19.981466,-15.358534
2024-10-06 23:00:00,DK2,35.34,24.119078,-11.220922
2024-10-07 00:00:00,DK1,33.25,20.20773,-13.042271
2024-10-07 00:00:00,DK2,33.25,21.563643,-11.6863575
2024-10-07 01:00:00,DK1,30.15,21.829123,-8.320877
2024-10-07 01:00:00,DK2,30.15,22.251545,-7.8984547
2024-10-07 02:00:00,DK1,34.95,19.67219,-15.277811
2024-10-07 02:00:00,DK2,34.95,26.578989,-8.371012
2024-10-07 03:00:00,DK1,39.16,38.287895,-0.87210464
2024-10-07 03:00:00,DK2,39.16,32.560066,-6.5999336
2024-10-07 04:00:00,DK1,44.99,37.33866,-7.6513405
2024-10-07 04:00:00,DK2,44.99,49.796387,4.806385
2024-10-07 05:00:00,DK1,50.75,69.85109,19.10109
2024-10-07 05:00:00,DK2,50.75,53.86048,3.1104813
2024-10-07 06:00:00,DK1,55.55,45.355392,-10.194607
2024-10-07 06:00:00,DK2,55.55,63.770027,8.220028
2024-10-07 07:00:00,DK1,51.48,50.211166,-1.2688332
2024-10-07 07:00:00,DK2,51.48,43.238045,-8.241955
2024-10-07 08:00:00,DK1,49.96,36.554718,-13.405281
2024-10-07 08:00:00,DK2,49.96,41.457176,-8.502823
2024-10-07 09:00:00,DK1,47.8,37.004692,-10.795307
2024-10-07 09:00:00,DK2,47.8,36.880722,-10.919277
2024-10-07 10:00:00,DK1,45.73,31.40639,-14.32361
2024-10-07 10:00:00,DK2,45.73,31.229387,-14.500612
2024-10-07 11:00:00,DK1,43.2,37.205864,-5.994137
2024-10-07 11:00:00,DK2,43.2,31.147638,-12.052362
2024-10-07 12:00:00,DK1,48.08,41.005043,-7.074959
2024-10-07 12:00:00,DK2,48.08,34.00345,-14.076553
2024-10-07 13:00:00,DK1,61.45,61.500473,0.05047226
2024-10-07 13:00:00,DK2,61.45,45.02738,-16.422619
2024-10-07 14:00:00,DK1,88.79,91.731064,2.941063
2024-10-07 14:00:00,DK2,88.79,88.572266,-0.21773529
2024-10-07 15:00:00,DK1,117.2,132.93962,15.739624
2024-10-07 15:00:00,DK2,117.2,134.42535,17.225357
2024-10-07 16:00:00,DK1,188.49,162.90251,-25.587494
2024-10-07 16:00:00,DK2,188.49,153.93077,-34.559235
2024-10-07 17:00:00,DK1,188.53,170.66356,-17.86644
2024-10-07 17:00:00,DK2,188.53,171.25168,-17.27832
2024-10-07 18:00:00,DK1,121.98,171.17827,49.198265
2024-10-07 18:00:00,DK2,121.98,170.36327,48.383263
2024-10-07 19:00:00,DK1,99.93,125.719986,25.789986
2024-10-07 19:00:00,DK2,99.93,93.1806,-6.7493973
2024-10-07 20:00:00,DK1,91.91,98.53609,6.6260834
2024-10-07 20:00:00,DK2,91.91,85.597046,-6.312958
2024-10-07 21:00:00,DK1,79.12,94.39374,15.273735
2024-10-07 21:00:00,DK2,79.12,82.59122,3.4712143
2024-10-07 22:00:00,DK1,72.33,71.21935,-1.1106491
2024-10-07 22:00:00,DK2,72.33,71.799515,-0.53048706
2024-10-07 23:00:00,DK1,67.07,60.474922,-6.5950775
2024-10-07 23:00:00,DK2,67.07,63.4159,-3.6540985
2024-10-08 00:00:00,DK1,63.99,59.0483,-4.9417
2024-10-08 00:00:00,DK2,63.99,57.641922,-6.3480797
2024-10-08 01:00:00,DK1,59.67,63.28311,3.6131134
2024-10-08 01:00:00,DK2,59.67,55.114967,-4.555031
2024-10-08 02:00:00,DK1,59.69,60.034584,0.34458542
2024-10-08 02:00:00,DK2,59.69,54.56939,-5.1206093
2024-10-08 03:00:00,DK1,67.43,68.10837,0.6783676
2024-10-08 03:00:00,DK2,67.43,57.47342,-9.956581
2024-10-08 04:00:00,DK1,85.97,80.83777,-5.1322327
2024-10-08 04:00:00,DK2,85.97,78.34985,-7.6201477
2024-10-08 05:00:00,DK1,110.37,102.706436,-7.6635666
2024-10-08 05:00:00,DK2,110.37,96.98503,-13.384972
2024-10-08 06:00:00,DK1,106.24,104.64682,-1.5931778
2024-10-08 06:00:00,DK2,106.24,103.542656,-2.697342
2024-10-08 07:00:00,DK1,85.0,96.45311,11.45311
2024-10-08 07:00:00,DK2,85.0,89.66209,4.6620865
2024-10-08 08:00:00,DK1,80.33,69.05307,-11.276932
2024-10-08 08:00:00,DK2,80.33,80.00037,-0.32963562
2024-10-08 09:00:00,DK1,73.42,71.301605,-2.118393
2024-10-08 09:00:00,DK2,73.42,74.38546,0.96546173
2024-10-08 10:00:00,DK1,66.51,81.90794,15.397942
2024-10-08 10:00:00,DK2,66.51,63.84807,-2.661934
2024-10-08 11:00:00,DK1,70.97,65.49322,-5.4767838
2024-10-08 11:00:00,DK2,70.97,70.491165,-0.47883606
2024-10-08 12:00:00,DK1,75.79,86.44172,10.651718
2024-10-08 12:00:00,DK2,75.79,69.9057,-5.8843
2024-10-08 13:00:00,DK1,77.53,91.99852,14.468521
2024-10-08 13:00:00,DK2,77.53,74.91593,-2.614067
2024-10-08 14:00:00,DK1,93.13,97.270195,4.1401978
2024-10-08 14:00:00,DK2,101.19,83.9265,-17.263504
2024-10-08 15:00:00,DK1,114.0,115.05502,1.0550232
2024-10-08 15:00:00,DK2,126.34,119.91474,-6.425255
2024-10-08 16:00:00,DK1,144.0,142.12604,-1.8739624
2024-10-08 16:00:00,DK2,156.77,148.87064,-7.8993683
2024-10-08 17:00:00,DK1,153.09,150.48401,-2.6059875
2024-10-08 17:00:00,DK2,168.2,138.2274,-29.972595
2024-10-08 18:00:00,DK1,114.41,124.83327,10.423264
2024-10-08 18:00:00,DK2,114.41,121.97324,7.56324
2024-10-08 19:00:00,DK1,94.9,97.91516,3.0151596
2024-10-08 19:00:00,DK2,94.9,96.48398,1.5839767
2024-10-08 20:00:00,DK1,86.6,87.39775,0.7977524
2024-10-08 20:00:00,DK2,86.6,87.64199,1.0419922
2024-10-08 21:00:00,DK1,67.6,78.84835,11.248352
2024-10-08 21:00:00,DK2,67.6,64.12281,-3.477188
2024-10-08 22:00:00,DK1,61.93,67.817795,5.8877945
2024-10-08 22:00:00,DK2,61.93,56.001213,-5.928787
2024-10-08 23:00:00,DK1,60.0,36.49154,-23.508461
2024-10-08 23:00:00,DK2,60.0,38.60396,-21.396042
2024-10-09 00:00:00,DK1,57.48,40.538933,-16.941067
2024-10-09 00:00:00,DK2,57.48,52.102654,-5.377346
2024-10-09 01:00:00,DK1,54.32,43.980026,-10.339973
2024-10-09 01:00:00,DK2,54.32,44.83158,-9.488419
2024-10-09 02:00:00,DK1,57.32,45.33567,-11.984329
2024-10-09 02:00:00,DK2,57.32,59.063805,1.7438049
2024-10-09 03:00:00,DK1,63.87,70.07796,6.207958
2024-10-09 03:00:00,DK2,63.87,68.98535,5.1153526
2024-10-09 04:00:00,DK1,86.7,90.79642,4.0964203
2024-10-09 04:00:00,DK2,86.7,94.73648,8.036484
2024-10-09 05:00:00,DK1,110.8,128.00842,17.20842
2024-10-09 05:00:00,DK2,111.19,124.242836,13.052834
2024-10-09 06:00:00,DK1,110.98,115.94232,4.9623184
2024-10-09 06:00:00,DK2,110.98,108.34083,-2.6391754
2024-10-09 07:00:00,DK1,87.0,86.24031,-0.75968933
2024-10-09 07:00:00,DK2,87.0,90.423065,3.4230652
2024-10-09 08:00:00,DK1,72.09,72.54906,0.45906067
2024-10-09 08:00:00,DK2,72.09,75.014694,2.9246979
2024-10-09 09:00:00,DK1,59.9,53.7285,-6.171501
2024-10-09 09:00:00,DK2,59.9,60.223778,0.32377625
2024-10-09 10:00:00,DK1,59.8,40.435936,-19.364063
2024-10-09 10:00:00,DK2,59.8,56.52764,-3.272358
2024-10-09 11:00:00,DK1,59.85,50.229485,-9.620514
2024-10-09 11:00:00,DK2,59.85,55.44506,-4.4049377
2024-10-09 12:00:00,DK1,67.63,52.364006,-15.265991
2024-10-09 12:00:00,DK2,67.63,59.58735,-8.042648
2024-10-09 13:00:00,DK1,77.17,81.95444,4.784439
2024-10-09 13:00:00,DK2,77.17,77.61453,0.4445343
2024-10-09 14:00:00,DK1,95.0,94.01801,-0.981987
2024-10-09 14:00:00,DK2,95.0,91.26742,-3.732582
2024-10-09 15:00:00,DK1,117.45,113.77148,-3.6785202
2024-10-09 15:00:00,DK2,117.45,121.537384,4.087387
2024-10-09 16:00:00,DK1,122.53,140.53264,18.00264
2024-10-09 16:00:00,DK2,122.53,122.51662,-0.013381958
2024-10-09 17:00:00,DK1,127.12,100.465256,-26.654747
2024-10-09 17:00:00,DK2,127.12,113.869995,-13.250008
2024-10-09 18:00:00,DK1,111.05,112.80719,1.7571869
2024-10-09 18:00:00,DK2,111.05,111.32583,0.2758255
2024-10-09 19:00:00,DK1,95.8,98.14397,2.3439636
2024-10-09 19:00:00,DK2,95.8,89.53974,-6.2602615
2024-10-09 20:00:00,DK1,95.1,73.4764,-21.623596
2024-10-09 20:00:00,DK2,95.1,80.40514,-14.694855
2024-10-09 21:00:00,DK1,82.34,85.836365,3.4963684
2024-10-09 21:00:00,DK2,82.34,90.2097,7.869705
2024-10-09 22:00:00,DK1,61.19,67.02687,5.836872
2024-10-09 22:00:00,DK2,61.19,36.894424,-24.295574
2024-10-09 23:00:00,DK1,46.89,28.849968,-18.040031
2024-10-09 23:00:00,DK2,46.89,36.374687,-10.515312
2024-10-10 00:00:00,DK1,37.75,39.385582,1.635582
2024-10-10 00:00:00,DK2,37.75,32.794586,-4.955414
2024-10-10 01:00:00,DK1,32.0,20.03162,-11.96838
2024-10-10 01:00:00,DK2,32.0,20.152393,-11.847607
2024-10-10 02:00:00,DK1,29.64,19.356237,-10.283762
2024-10-10 02:00:00,DK2,29.64,23.684332,-5.9556675
2024-10-10 03:00:00,DK1,39.6,29.20141,-10.398588
2024-10-10 03:00:00,DK2,39.6,24.311506,-15.288492
2024-10-10 04:00:00,DK1,62.1,67.16525,5.065254
2024-10-10 04:00:00,DK2,62.1,81.73551,19.635513
2024-10-10 05:00:00,DK1,84.9,114.41596,29.51596
2024-10-10 05:00:00,DK2,84.9,100.41301,15.513008
2024-10-10 06:00:00,DK1,80.46,103.02646,22.56646
2024-10-10 06:00:00,DK2,80.46,93.04271,12.58271
2024-10-10 07:00:00,DK1,67.5,79.08646,11.586456
2024-10-10 07:00:00,DK2,67.5,72.666985,5.1669846
2024-10-10 08:00:00,DK1,52.01,49.801163,-2.2088356
2024-10-10 08:00:00,DK2,52.01,53.390495,1.380497
2024-10-10 09:00:00,DK1,38.93,29.62046,-9.30954
2024-10-10 09:00:00,DK2,38.93,38.03077,-0.89923096
2024-10-10 10:00:00,DK1,21.89,17.15927,-4.73073
2024-10-10 10:00:00,DK2,21.89,22.486647,0.59664726
2024-10-10 11:00:00,DK1,15.94,10.007938,-5.932061
2024-10-10 11:00:00,DK2,15.94,11.562709,-4.3772907
2024-10-10 12:00:00,DK1,20.01,5.572612,-14.437388
2024-10-10 12:00:00,DK2,20.01,11.199465,-8.810535
2024-10-10 13:00:00,DK1,37.18,12.863861,-24.31614
2024-10-10 13:00:00,DK2,37.18,17.02573,-20.15427
2024-10-10 14:00:00,DK1,37.18,47.723366,10.5433655
2024-10-10 14:00:00,DK2,37.18,34.896667,-2.2833328
2024-10-10 15:00:00,DK1,38.23,40.957527,2.7275276
2024-10-10 15:00:00,DK2,38.23,30.888103,-7.341896
2024-10-10 16:00:00,DK1,39.48,46.944595,7.464596
2024-10-10 16:00:00,DK2,39.48,28.660276,-10.819723
2024-10-10 17:00:00,DK1,38.64,24.150145,-14.489855
2024-10-10 17:00:00,DK2,38.64,26.230387,-12.409613
2024-10-10 18:00:00,DK1,36.82,26.384323,-10.435677
2024-10-10 18:00:00,DK2,36.82,20.94508,-15.87492
2024-10-10 19:00:00,DK1,35.38,16.25179,-19.128212
2024-10-10 19:00:00,DK2,25.04,16.085958,-8.954042
2024-10-10 20:00:00,DK1,30.0,9.649101,-20.350899
2024-10-10 20:00:00,DK2,13.48,6.920423,-6.5595765
2024-10-10 21:00:00,DK1,31.68,6.6829596,-24.99704
2024-10-10 21:00:00,DK2,3.29,3.4855933,0.19559336
2024-10-10 22:00:00,DK1,34.71,9.0551405,-25.654858
2024-10-10 22:00:00,DK2,3.27,0.65899825,-2.6110017
2024-10-10 23:00:00,DK1,34.72,10.8361845,-23.883816
2024-10-10 23:00:00,DK2,3.27,1.41979,-1.85021
2024-10-11 00:00:00,DK1,35.09,12.655743,-22.434258
2024-10-11 00:00:00,DK2,3.28,0.8192289,-2.460771
2024-10-11 01:00:00,DK1,35.88,17.826717,-18.053284
2024-10-11 01:00:00,DK2,3.27,1.6298921,-1.6401079
2024-10-11 02:00:00,DK1,35.91,28.611864,-7.2981358
2024-10-11 02:00:00,DK2,3.27,3.3758373,0.105837345
2024-10-11 03:00:00,DK1,36.76,42.633904,5.873905
2024-10-11 03:00:00,DK2,3.28,8.248274,4.968274
2024-10-11 04:00:00,DK1,41.32,55.44899,14.12899
2024-10-11 04:00:00,DK2,33.9,16.211626,-17.688375
2024-10-11 05:00:00,DK1,58.89,77.504364,18.614365
2024-10-11 05:00:00,DK2,58.89,40.690605,-18.199394
2024-10-11 06:00:00,DK1,79.63,72.337875,-7.292122
2024-10-11 06:00:00,DK2,79.63,63.118004,-16.511993
2024-10-11 07:00:00,DK1,53.72,57.33358,3.6135788
2024-10-11 07:00:00,DK2,53.72,49.85678,-3.8632202
2024-10-11 08:00:00,DK1,49.32,51.274033,1.9540329
2024-10-11 08:00:00,DK2,49.32,43.956604,-5.3633957
2024-10-11 09:00:00,DK1,43.57,27.22347,-16.346529
2024-10-11 09:00:00,DK2,24.66,32.381912,7.7219124
2024-10-11 10:00:00,DK1,42.43,19.167841,-23.26216
2024-10-11 10:00:00,DK2,21.04,21.528904,0.48890305
2024-10-11 11:00:00,DK1,41.59,14.296075,-27.293926
2024-10-11 11:00:00,DK2,33.92,16.06998,-17.850018
2024-10-11 12:00:00,DK1,40.13,15.428594,-24.701408
2024-10-11 12:00:00,DK2,33.78,18.612806,-15.167192
2024-10-11 13:00:00,DK1,39.97,28.131266,-11.838736
2024-10-11 13:00:00,DK2,39.97,24.885748,-15.084253
2024-10-11 14:00:00,DK1,40.07,43.96649,3.896492
2024-10-11 14:00:00,DK2,40.07,47.731277,7.661278
2024-10-11 15:00:00,DK1,66.59,72.61501,6.025017
2024-10-11 15:00:00,DK2,66.59,58.73851,-7.851486
2024-10-11 16:00:00,DK1,125.94,80.9025,-45.037506
2024-10-11 16:00:00,DK2,125.94,99.93844,-26.001564
2024-10-11 17:00:00,DK1,161.97,136.60762,-25.362381
2024-10-11 17:00:00,DK2,161.97,156.15625,-5.813751
2024-10-11 18:00:00,DK1,120.0,160.6899,40.689896
2024-10-11 18:00:00,DK2,120.0,114.95734,-5.0426636
2024-10-11 19:00:00,DK1,99.79,90.176094,-9.613907
2024-10-11 19:00:00,DK2,99.79,102.5832,2.7931976
2024-10-11 20:00:00,DK1,98.41,76.523445,-21.886559
2024-10-11 20:00:00,DK2,98.41,88.17448,-10.235527
2024-10-11 21:00:00,DK1,87.83,94.06476,6.2347565
2024-10-11 21:00:00,DK2,87.83,95.70561,7.8756104
2024-10-11 22:00:00,DK1,90.09,77.99133,-12.098663
2024-10-11 22:00:00,DK2,90.09,77.78982,-12.300179
2024-10-11 23:00:00,DK1,79.42,82.244064,2.8240662
2024-10-11 23:00:00,DK2,79.42,89.02113,9.601135
2024-10-12 00:00:00,DK1,75.58,76.459915,0.87991333
2024-10-12 00:00:00,DK2,75.58,67.45932,-8.120682
2024-10-12 01:00:00,DK1,75.02,63.68753,-11.332466
2024-10-12 01:00:00,DK2,75.02,72.68622,-2.3337784
2024-10-12 02:00:00,DK1,71.92,85.80505,13.885056
2024-10-12 02:00:00,DK2,71.92,80.42497,8.504974
2024-10-12 03:00:00,DK1,67.9,74.027885,6.127884
2024-10-12 03:00:00,DK2,67.9,75.872734,7.9727325
2024-10-12 04:00:00,DK1,71.63,71.38632,-0.24367523
2024-10-12 04:00:00,DK2,71.63,78.07293,6.442932
2024-10-12 05:00:00,DK1,53.63,84.02498,30.394978
2024-10-12 05:00:00,DK2,53.63,78.39339,24.763386
2024-10-12 06:00:00,DK1,50.71,59.802345,9.092346
2024-10-12 06:00:00,DK2,50.71,60.865005,10.155006
2024-10-12 07:00:00,DK1,41.67,36.828804,-4.841194
2024-10-12 07:00:00,DK2,41.67,43.645073,1.9750748
2024-10-12 08:00:00,DK1,35.3,23.079945,-12.220055
2024-10-12 08:00:00,DK2,35.3,31.190454,-4.1095448
2024-10-12 09:00:00,DK1,34.28,16.395157,-17.884842
2024-10-12 09:00:00,DK2,34.28,22.91269,-11.36731
2024-10-12 10:00:00,DK1,24.79,10.238316,-14.551685
2024-10-12 10:00:00,DK2,24.79,17.56632,-7.2236805
2024-10-12 11:00:00,DK1,14.33,7.5332375,-6.7967625
2024-10-12 11:00:00,DK2,14.33,12.839186,-1.4908142
2024-10-12 12:00:00,DK1,23.34,7.4587255,-15.881275
2024-10-12 12:00:00,DK2,23.34,14.097407,-9.242593
2024-10-12 13:00:00,DK1,35.31,17.06144,-18.248562
2024-10-12 13:00:00,DK2,35.31,23.987944,-11.322058
2024-10-12 14:00:00,DK1,29.35,63.9955,34.6455
2024-10-12 14:00:00,DK2,29.35,43.154366,13.804365
2024-10-12 15:00:00,DK1,56.8,50.27793,-6.522068
2024-10-12 15:00:00,DK2,56.8,56.687492,-0.11250687
2024-10-12 16:00:00,DK1,48.51,76.18701,27.677013
2024-10-12 16:00:00,DK2,48.51,47.507515,-1.0024834
2024-10-12 17:00:00,DK1,40.08,30.622017,-9.457985
2024-10-12 17:00:00,DK2,40.08,36.973534,-3.1064682
2024-10-12 18:00:00,DK1,38.78,32.5813,-6.1987
2024-10-12 18:00:00,DK2,27.8,27.582745,-0.21725464
2024-10-12 19:00:00,DK1,38.64,19.893522,-18.746477
2024-10-12 19:00:00,DK2,18.08,20.46192,2.3819199
2024-10-12 20:00:00,DK1,34.87,22.607182,-12.262817
2024-10-12 20:00:00,DK2,13.7,8.354698,-5.3453016
2024-10-12 21:00:00,DK1,25.37,19.52245,-5.8475513
2024-10-12 21:00:00,DK2,5.6,4.788602,-0.811398
2024-10-12 22:00:00,DK1,0.0,10.570688,10.570688
2024-10-12 22:00:00,DK2,0.0,2.283304,2.283304
2024-10-12 23:00:00,DK1,-0.01,2.0879507,2.0979507
2024-10-12 23:00:00,DK2,-0.01,0.054152966,0.06415296
2024-10-13 00:00:00,DK1,-0.07,-1.2667234,-1.1967233
2024-10-13 00:00:00,DK2,-0.07,-1.2934513,-1.2234513
2024-10-13 01:00:00,DK1,-0.37,-1.4764998,-1.1064998
2024-10-13 01:00:00,DK2,-0.37,-1.0469608,-0.6769608
2024-10-13 02:00:00,DK1,-0.51,1.0087619,1.5187619
2024-10-13 02:00:00,DK2,-0.51,-0.4313016,0.0786984
2024-10-13 03:00:00,DK1,-0.09,2.86827,2.9582698
2024-10-13 03:00:00,DK2,-0.09,0.90109825,0.9910983
2024-10-13 04:00:00,DK1,-0.01,5.070546,5.0805464
2024-10-13 04:00:00,DK2,-0.01,2.7189822,2.7289822
2024-10-13 05:00:00,DK1,1.72,4.356689,2.636689
2024-10-13 05:00:00,DK2,0.02,7.3475957,7.3275957
2024-10-13 06:00:00,DK1,17.96,6.0349617,-11.925037
2024-10-13 06:00:00,DK2,2.75,7.0400615,4.2900615
2024-10-13 07:00:00,DK1,9.85,14.685267,4.835267
2024-10-13 07:00:00,DK2,3.9,4.7661138,0.86611366
2024-10-13 08:00:00,DK1,4.91,7.8828526,2.9728527
2024-10-13 08:00:00,DK2,4.91,4.342233,-0.56776667
2024-10-13 09:00:00,DK1,6.21,1.3845744,-4.8254256
2024-10-13 09:00:00,DK2,6.21,5.0930977,-1.1169024
2024-10-13 10:00:00,DK1,6.38,0.5073054,-5.872695
2024-10-13 10:00:00,DK2,6.38,2.2335756,-4.1464243
2024-10-13 11:00:00,DK1,7.1,0.21400237,-6.885998
2024-10-13 11:00:00,DK2,7.1,2.179462,-4.920538
2024-10-13 12:00:00,DK1,7.92,2.20093,-5.71907
2024-10-13 12:00:00,DK2,7.92,2.8035812,-5.116419
2024-10-13 13:00:00,DK1,12.68,7.4429054,-5.237095
2024-10-13 13:00:00,DK2,12.68,10.068963,-2.6110373
2024-10-13 14:00:00,DK1,15.85,58.306618,42.45662
2024-10-13 14:00:00,DK2,15.85,30.50551,14.65551
2024-10-13 15:00:00,DK1,22.25,69.12244,46.872437
2024-10-13 15:00:00,DK2,20.94,41.750473,20.810472
2024-10-13 16:00:00,DK1,35.83,48.424446,12.594444
2024-10-13 16:00:00,DK2,34.97,38.34828,3.3782806
2024-10-13 17:00:00,DK1,54.05,42.738007,-11.311993
2024-10-13 17:00:00,DK2,50.1,41.464935,-8.635063
2024-10-13 18:00:00,DK1,39.51,47.468277,7.9582787
2024-10-13 18:00:00,DK2,39.51,39.941322,0.431324
2024-10-13 19:00:00,DK1,38.43,33.215904,-5.214096
2024-10-13 19:00:00,DK2,38.43,36.881012,-1.5489883
2024-10-13 20:00:00,DK1,40.13,37.73532,-2.39468
2024-10-13 20:00:00,DK2,40.13,37.22364,-2.9063606
2024-10-13 21:00:00,DK1,36.81,32.711746,-4.098255
2024-10-13 21:00:00,DK2,36.81,37.826904,1.0169029
2024-10-13 22:00:00,DK1,37.1,33.16561,-3.9343872
2024-10-13 22:00:00,DK2,37.1,38.700066,1.6000671
2024-10-13 23:00:00,DK1,35.25,30.476969,-4.773031
2024-10-13 23:00:00,DK2,35.25,34.541924,-0.7080765
2024-10-14 00:00:00,DK1,35.17,29.73911,-5.430887
2024-10-14 00:00:00,DK2,35.17,35.838562,0.66856384
2024-10-14 01:00:00,DK1,34.36,37.97519,3.6151886
2024-10-14 01:00:00,DK2,34.36,33.612446,-0.7475548
2024-10-14 02:00:00,DK1,39.33,45.1576,5.8275986
2024-10-14 02:00:00,DK2,39.33,42.374046,3.0440445
2024-10-14 03:00:00,DK1,62.2,56.029182,-6.1708183
2024-10-14 03:00:00,DK2,62.2,59.89879,-2.3012123
2024-10-14 04:00:00,DK1,98.74,93.18799,-5.5520096
2024-10-14 04:00:00,DK2,98.74,116.062454,17.322456
2024-10-14 05:00:00,DK1,130.53,147.5364,17.006409
2024-10-14 05:00:00,DK2,130.53,152.53217,22.002167
2024-10-14 06:00:00,DK1,153.12,165.78073,12.660736
2024-10-14 06:00:00,DK2,153.12,165.9384,12.818405
2024-10-14 07:00:00,DK1,117.94,143.41852,25.478516
2024-10-14 07:00:00,DK2,117.94,120.9093,2.9692993
2024-10-14 08:00:00,DK1,100.95,100.018936,-0.9310608
2024-10-14 08:00:00,DK2,100.95,100.52266,-0.42733765
2024-10-14 09:00:00,DK1,93.23,89.595665,-3.6343384
2024-10-14 09:00:00,DK2,93.23,91.39621,-1.8337936
2024-10-14 10:00:00,DK1,86.24,81.891266,-4.348732
2024-10-14 10:00:00,DK2,86.24,87.41296,1.1729584
2024-10-14 11:00:00,DK1,82.6,80.250206,-2.3497925
2024-10-14 11:00:00,DK2,82.6,75.53802,-7.061981
2024-10-14 12:00:00,DK1,74.16,63.54824,-10.611763
2024-10-14 12:00:00,DK2,74.16,73.98352,-0.17648315
2024-10-14 13:00:00,DK1,87.08,82.89467,-4.1853333
2024-10-14 13:00:00,DK2,87.08,87.068306,-0.011695862
2024-10-14 14:00:00,DK1,105.79,104.6954,-1.0946045
2024-10-14 14:00:00,DK2,105.79,106.460846,0.67084503
2024-10-14 15:00:00,DK1,158.51,134.33286,-24.17714
2024-10-14 15:00:00,DK2,158.51,147.62482,-10.885178
2024-10-14 16:00:00,DK1,250.0,170.23041,-79.76959
2024-10-14 16:00:00,DK2,250.0,171.31541,-78.684586
2024-10-14 17:00:00,DK1,263.27,171.48224,-91.78775
2024-10-14 17:00:00,DK2,263.27,171.4805,-91.78949
2024-10-14 18:00:00,DK1,158.0,171.50267,13.50267
2024-10-14 18:00:00,DK2,158.0,170.34216,12.342163
2024-10-14 19:00:00,DK1,114.12,140.88348,26.763481
2024-10-14 19:00:00,DK2,114.12,127.12416,13.004158
2024-10-14 20:00:00,DK1,99.66,109.34289,9.682884
2024-10-14 20:00:00,DK2,99.66,107.00606,7.346054
2024-10-14 21:00:00,DK1,94.8,102.13461,7.33461
2024-10-14 21:00:00,DK2,94.8,105.3018,10.501801
2024-10-14 22:00:00,DK1,91.23,101.71507,10.485069
2024-10-14 22:00:00,DK2,91.23,102.56415,11.334145
2024-10-14 23:00:00,DK1,86.49,101.56385,15.073853
2024-10-14 23:00:00,DK2,86.49,89.66819,3.1781921
2024-10-15 00:00:00,DK1,88.35,84.38279,-3.9672089
2024-10-15 00:00:00,DK2,88.35,87.621635,-0.72836304
2024-10-15 01:00:00,DK1,84.04,90.40762,6.3676224
2024-10-15 01:00:00,DK2,84.04,88.49708,4.457077
2024-10-15 02:00:00,DK1,80.8,79.57765,-1.2223511
2024-10-15 02:00:00,DK2,80.8,83.65312,2.853119
2024-10-15 03:00:00,DK1,89.51,86.32323,-3.1867752
2024-10-15 03:00:00,DK2,89.51,87.35484,-2.155159
2024-10-15 04:00:00,DK1,114.53,99.40184,-15.128159
2024-10-15 04:00:00,DK2,114.53,115.381195,0.8511963
2024-10-15 05:00:00,DK1,185.39,158.76651,-26.62349
2024-10-15 05:00:00,DK2,185.39,170.16011,-15.229889
2024-10-15 06:00:00,DK1,176.61,171.18454,-5.425461
2024-10-15 06:00:00,DK2,176.61,169.16669,-7.4433136
2024-10-15 07:00:00,DK1,110.54,146.74298,36.20298
2024-10-15 07:00:00,DK2,110.54,135.05887,24.518867
2024-10-15 08:00:00,DK1,92.75,94.52973,1.7797318
2024-10-15 08:00:00,DK2,92.75,93.32732,0.5773163
2024-10-15 09:00:00,DK1,83.05,85.14355,2.093544
2024-10-15 09:00:00,DK2,83.05,84.79303,1.7430267
2024-10-15 10:00:00,DK1,78.47,74.112946,-4.3570557
2024-10-15 10:00:00,DK2,78.47,74.777145,-3.6928558
2024-10-15 11:00:00,DK1,71.75,73.73295,1.9829483
2024-10-15 11:00:00,DK2,71.75,71.062195,-0.6878052
2024-10-15 12:00:00,DK1,75.9,70.45001,-5.4499893
2024-10-15 12:00:00,DK2,75.9,70.82902,-5.070984
2024-10-15 13:00:00,DK1,83.36,84.71898,1.3589783
2024-10-15 13:00:00,DK2,83.36,81.65783,-1.7021713
2024-10-15 14:00:00,DK1,89.03,100.867035,11.837036
2024-10-15 14:00:00,DK2,89.03,94.291084,5.2610855
2024-10-15 15:00:00,DK1,120.69,116.49327,-4.1967316
2024-10-15 15:00:00,DK2,120.69,117.37348,-3.3165207
2024-10-15 16:00:00,DK1,136.79,140.52081,3.7308197
2024-10-15 16:00:00,DK2,136.79,140.51846,3.7284698
2024-10-15 17:00:00,DK1,97.31,132.42886,35.118866
2024-10-15 17:00:00,DK2,97.31,106.78074,9.470741
2024-10-15 18:00:00,DK1,76.26,56.209717,-20.050285
2024-10-15 18:00:00,DK2,76.26,51.224518,-25.035484
2024-10-15 19:00:00,DK1,66.65,76.4554,9.805397
2024-10-15 19:00:00,DK2,66.65,90.83891,24.188911
2024-10-15 20:00:00,DK1,59.65,57.173775,-2.4762268
2024-10-15 20:00:00,DK2,59.65,26.521912,-33.12809
2024-10-15 21:00:00,DK1,40.78,32.289062,-8.490936
2024-10-15 21:00:00,DK2,40.78,47.889458,7.109459
2024-10-15 22:00:00,DK1,23.35,44.024765,20.674765
2024-10-15 22:00:00,DK2,23.35,24.579924,1.2299232
2024-10-15 23:00:00,DK1,12.8,13.914827,1.1148272
2024-10-15 23:00:00,DK2,12.8,17.032972,4.232972
2024-10-16 00:00:00,DK1,5.3,11.1262665,5.8262663
2024-10-16 00:00:00,DK2,5.3,9.874038,4.5740376
2024-10-16 01:00:00,DK1,3.61,6.19711,2.5871103
2024-10-16 01:00:00,DK2,3.61,8.502652,4.8926525
2024-10-16 02:00:00,DK1,3.16,4.3990297,1.2390296
2024-10-16 02:00:00,DK2,3.25,7.283939,4.033939
2024-10-16 03:00:00,DK1,8.2,4.859146,-3.3408537
2024-10-16 03:00:00,DK2,8.2,8.340246,0.14024639
2024-10-16 04:00:00,DK1,40.35,14.84342,-25.506578
2024-10-16 04:00:00,DK2,40.35,20.819895,-19.530104
2024-10-16 05:00:00,DK1,47.41,62.668205,15.258205
2024-10-16 05:00:00,DK2,47.41,57.287827,9.877827
2024-10-16 06:00:00,DK1,54.45,59.246834,4.796833
2024-10-16 06:00:00,DK2,54.45,55.011208,0.5612068
2024-10-16 07:00:00,DK1,47.55,45.59723,-1.9527702
2024-10-16 07:00:00,DK2,47.55,45.38269,-2.1673088
2024-10-16 08:00:00,DK1,26.68,32.101906,5.4219055
2024-10-16 08:00:00,DK2,26.68,36.30767,9.62767
2024-10-16 09:00:00,DK1,14.16,15.271479,1.1114788
2024-10-16 09:00:00,DK2,14.16,18.281235,4.121235
2024-10-16 10:00:00,DK1,4.09,8.750301,4.660301
2024-10-16 10:00:00,DK2,4.09,9.406623,5.3166227
2024-10-16 11:00:00,DK1,2.04,6.9706945,4.9306946
2024-10-16 11:00:00,DK2,2.95,7.028729,4.0787287
2024-10-16 12:00:00,DK1,4.0,4.7412834,0.7412834
2024-10-16 12:00:00,DK2,4.13,5.4411573,1.3111572
2024-10-16 13:00:00,DK1,14.18,6.8206186,-7.3593817
2024-10-16 13:00:00,DK2,14.05,4.1691813,-9.880819
2024-10-16 14:00:00,DK1,33.0,14.37928,-18.62072
2024-10-16 14:00:00,DK2,16.56,11.191014,-5.368985
2024-10-16 15:00:00,DK1,35.25,26.256067,-8.993933
2024-10-16 15:00:00,DK2,35.25,17.13424,-18.11576
2024-10-16 16:00:00,DK1,37.19,38.483932,1.2939339
2024-10-16 16:00:00,DK2,37.19,22.052237,-15.137762
2024-10-16 17:00:00,DK1,36.52,25.679596,-10.8404045
2024-10-16 17:00:00,DK2,36.52,21.351694,-15.168306
2024-10-16 18:00:00,DK1,35.85,19.898207,-15.951792
2024-10-16 18:00:00,DK2,35.85,13.756531,-22.093468
2024-10-16 19:00:00,DK1,34.53,13.76899,-20.76101
2024-10-16 19:00:00,DK2,11.49,9.925781,-1.5642185
2024-10-16 20:00:00,DK1,32.44,6.8963556,-25.543644
2024-10-16 20:00:00,DK2,5.07,4.428584,-0.6414161
2024-10-16 21:00:00,DK1,26.54,3.3098047,-23.230196
2024-10-16 21:00:00,DK2,5.06,0.94919074,-4.1108093
2024-10-16 22:00:00,DK1,17.04,-0.36154604,-17.401546
2024-10-16 22:00:00,DK2,3.29,-0.607728,-3.897728
2024-10-16 23:00:00,DK1,12.15,-0.7005434,-12.850543
2024-10-16 23:00:00,DK2,3.29,-1.2051759,-4.495176
2024-10-17 00:00:00,DK1,10.48,-0.27388906,-10.753889
2024-10-17 00:00:00,DK2,3.29,-1.1054354,-4.3954353
2024-10-17 01:00:00,DK1,5.61,-0.032226086,-5.642226
2024-10-17 01:00:00,DK2,3.28,-1.4122524,-4.692252
2024-10-17 02:00:00,DK1,10.01,-0.58786607,-10.597866
2024-10-17 02:00:00,DK2,3.27,-0.80818415,-4.078184
2024-10-17 03:00:00,DK1,28.97,2.382421,-26.587578
2024-10-17 03:00:00,DK2,3.28,1.3284354,-1.9515646
2024-10-17 04:00:00,DK1,35.08,22.973005,-12.106997
2024-10-17 04:00:00,DK2,35.08,4.4047627,-30.67524
2024-10-17 05:00:00,DK1,40.03,38.79673,-1.2332687
2024-10-17 05:00:00,DK2,40.03,20.93802,-19.091978
2024-10-17 06:00:00,DK1,41.12,36.8012,-4.318798
2024-10-17 06:00:00,DK2,41.12,38.072746,-3.0472527
2024-10-17 07:00:00,DK1,40.46,30.99267,-9.467329
2024-10-17 07:00:00,DK2,40.46,29.655111,-10.804888
2024-10-17 08:00:00,DK1,38.46,26.937223,-11.522776
2024-10-17 08:00:00,DK2,38.46,25.35771,-13.102289
2024-10-17 09:00:00,DK1,38.48,24.790087,-13.689913
2024-10-17 09:00:00,DK2,38.48,19.769228,-18.710772
2024-10-17 10:00:00,DK1,38.96,28.118456,-10.841543
2024-10-17 10:00:00,DK2,38.96,17.308746,-21.651253
2024-10-17 11:00:00,DK1,40.92,27.416998,-13.503
2024-10-17 11:00:00,DK2,40.92,21.773237,-19.14676
2024-10-17 12:00:00,DK1,43.29,40.282272,-3.0077286
2024-10-17 12:00:00,DK2,43.29,23.271637,-20.018364
2024-10-17 13:00:00,DK1,63.55,57.547966,-6.002033
2024-10-17 13:00:00,DK2,63.55,39.876915,-23.673084
2024-10-17 14:00:00,DK1,92.68,82.25533,-10.424667
2024-10-17 14:00:00,DK2,92.68,68.663414,-24.016586
2024-10-17 15:00:00,DK1,119.7,104.55851,-15.141487
2024-10-17 15:00:00,DK2,119.7,102.89964,-16.800354
2024-10-17 16:00:00,DK1,173.21,129.48068,-43.729324
2024-10-17 16:00:00,DK2,173.21,137.66373,-35.54628
2024-10-17 17:00:00,DK1,171.0,164.96942,-6.0305786
2024-10-17 17:00:00,DK2,171.0,146.64787,-24.352127
2024-10-17 18:00:00,DK1,117.5,164.1878,46.687805
2024-10-17 18:00:00,DK2,117.5,153.36343,35.863434
2024-10-17 19:00:00,DK1,97.81,126.132515,28.322517
2024-10-17 19:00:00,DK2,97.81,109.99596,12.185959
2024-10-17 20:00:00,DK1,89.05,91.23912,2.1891174
2024-10-17 20:00:00,DK2,89.05,77.55329,-11.496712
2024-10-17 21:00:00,DK1,82.21,89.91258,7.7025833
2024-10-17 21:00:00,DK2,82.21,84.28251,2.0725098
2024-10-17 22:00:00,DK1,80.95,81.25545,0.30545044
2024-10-17 22:00:00,DK2,80.95,77.87899,-3.0710068
2024-10-17 23:00:00,DK1,81.16,71.7608,-9.3992
2024-10-17 23:00:00,DK2,81.16,76.81459,-4.345413
2024-10-18 00:00:00,DK1,82.73,75.248085,-7.4819183
2024-10-18 00:00:00,DK2,82.73,78.7255,-4.0045013
2024-10-18 01:00:00,DK1,78.84,73.963104,-4.876892
2024-10-18 01:00:00,DK2,78.84,80.64035,1.800354
2024-10-18 02:00:00,DK1,81.19,73.064804,-8.125198
2024-10-18 02:00:00,DK2,81.19,81.69696,0.506958
2024-10-18 03:00:00,DK1,84.34,85.19066,0.85066223
2024-10-18 03:00:00,DK2,84.34,86.59443,2.2544327
2024-10-18 04:00:00,DK1,98.89,97.31968,-1.5703201
2024-10-18 04:00:00,DK2,98.89,101.153,2.2630005
2024-10-18 05:00:00,DK1,149.78,134.76236,-15.017639
2024-10-18 05:00:00,DK2,149.78,146.5767,-3.2032928
2024-10-18 06:00:00,DK1,156.24,162.37283,6.1328278
2024-10-18 06:00:00,DK2,156.24,154.38388,-1.8561249
2024-10-18 07:00:00,DK1,111.0,142.03014,31.030136
2024-10-18 07:00:00,DK2,111.0,127.17876,16.178757
2024-10-18 08:00:00,DK1,95.76,108.4306,12.670601
2024-10-18 08:00:00,DK2,95.76,105.203476,9.443474
2024-10-18 09:00:00,DK1,85.3,97.23474,11.934738
2024-10-18 09:00:00,DK2,85.3,96.00714,10.707138
2024-10-18 10:00:00,DK1,82.96,87.94895,4.9889526
2024-10-18 10:00:00,DK2,82.96,81.954704,-1.0052948
2024-10-18 11:00:00,DK1,80.2,75.75949,-4.440506
2024-10-18 11:00:00,DK2,80.2,77.33634,-2.863655
2024-10-18 12:00:00,DK1,81.19,79.695175,-1.4948273
2024-10-18 12:00:00,DK2,81.19,79.359795,-1.8302078
2024-10-18 13:00:00,DK1,84.34,85.954056,1.6140594
2024-10-18 13:00:00,DK2,84.34,82.51408,-1.8259201
2024-10-18 14:00:00,DK1,103.29,96.508575,-6.7814255
2024-10-18 14:00:00,DK2,103.29,98.96844,-4.3215637
2024-10-18 15:00:00,DK1,133.67,121.27813,-12.391869
2024-10-18 15:00:00,DK2,133.67,128.65227,-5.0177307
2024-10-18 16:00:00,DK1,181.28,158.44998,-22.830017
2024-10-18 16:00:00,DK2,181.28,164.55267,-16.727325
2024-10-18 17:00:00,DK1,142.58,169.62553,27.045532
2024-10-18 17:00:00,DK2,142.58,140.38159,-2.19841
2024-10-18 18:00:00,DK1,103.25,97.67057,-5.5794296
2024-10-18 18:00:00,DK2,103.25,99.731895,-3.5181046
2024-10-18 19:00:00,DK1,96.83,81.87394,-14.956062
2024-10-18 19:00:00,DK2,96.83,91.232895,-5.597107
2024-10-18 20:00:00,DK1,93.26,102.4747,9.214699
2024-10-18 20:00:00,DK2,93.26,97.08319,3.8231888
2024-10-18 21:00:00,DK1,85.54,75.29827,-10.24173
2024-10-18 21:00:00,DK2,85.54,92.33424,6.794243
2024-10-18 22:00:00,DK1,87.06,73.39293,-13.6670685
2024-10-18 22:00:00,DK2,87.06,89.411354,2.3513565
2024-10-18 23:00:00,DK1,83.03,77.9971,-5.032898
2024-10-18 23:00:00,DK2,83.03,71.64769,-11.382309
2024-10-19 00:00:00,DK1,79.91,60.04782,-19.862183
2024-10-19 00:00:00,DK2,79.91,72.19526,-7.7147446
2024-10-19 01:00:00,DK1,75.26,70.246124,-5.013878
2024-10-19 01:00:00,DK2,75.26,77.337364,2.077362
2024-10-19 02:00:00,DK1,75.87,74.59672,-1.2732849
2024-10-19 02:00:00,DK2,75.87,58.987007,-16.882996
2024-10-19 03:00:00,DK1,76.77,65.79475,-10.97525
2024-10-19 03:00:00,DK2,76.77,86.327515,9.557518
2024-10-19 04:00:00,DK1,80.0,91.99866,11.998657
2024-10-19 04:00:00,DK2,80.0,93.87683,13.876831
2024-10-19 05:00:00,DK1,91.91,96.57366,4.663658
2024-10-19 05:00:00,DK2,91.91,98.45125,6.5412445
2024-10-19 06:00:00,DK1,89.66,96.942505,7.282501
2024-10-19 06:00:00,DK2,89.66,93.40714,3.747139
2024-10-19 07:00:00,DK1,84.6,84.37836,-0.22164154
2024-10-19 07:00:00,DK2,84.6,85.20374,0.6037445
2024-10-19 08:00:00,DK1,78.8,70.905525,-7.894478
2024-10-19 08:00:00,DK2,78.8,79.28331,0.48330688
2024-10-19 09:00:00,DK1,73.32,66.027054,-7.292946
2024-10-19 09:00:00,DK2,73.32,72.89792,-0.422081
2024-10-19 10:00:00,DK1,66.16,62.305214,-3.8547897
2024-10-19 10:00:00,DK2,66.16,63.309845,-2.8501587
2024-10-19 11:00:00,DK1,60.96,81.88257,20.92257
2024-10-19 11:00:00,DK2,60.96,59.533157,-1.4268417
2024-10-19 12:00:00,DK1,63.89,65.04133,1.151329
2024-10-19 12:00:00,DK2,63.89,55.531937,-8.358063
2024-10-19 13:00:00,DK1,79.07,71.925415,-7.1445847
2024-10-19 13:00:00,DK2,79.07,69.31557,-9.754433
2024-10-19 14:00:00,DK1,98.09,98.82321,0.73321533
2024-10-19 14:00:00,DK2,98.09,96.01445,-2.0755463
2024-10-19 15:00:00,DK1,109.14,120.40391,11.263908
2024-10-19 15:00:00,DK2,109.14,110.70986,1.5698624
2024-10-19 16:00:00,DK1,135.82,123.76291,-12.057098
2024-10-19 16:00:00,DK2,135.82,124.79098,-11.02903
2024-10-19 17:00:00,DK1,118.93,126.36508,7.4350815
2024-10-19 17:00:00,DK2,118.93,110.102875,-8.827126
2024-10-19 18:00:00,DK1,96.8,96.08247,-0.7175293
2024-10-19 18:00:00,DK2,96.8,89.66982,-7.1301804
2024-10-19 19:00:00,DK1,90.18,73.67957,-16.500427
2024-10-19 19:00:00,DK2,90.18,81.620926,-8.559074
2024-10-19 20:00:00,DK1,83.83,77.34386,-6.486145
2024-10-19 20:00:00,DK2,83.83,78.51089,-5.3191147
2024-10-19 21:00:00,DK1,73.33,72.08907,-1.2409286
2024-10-19 21:00:00,DK2,73.33,58.39611,-14.933891
2024-10-19 22:00:00,DK1,54.04,58.92298,4.8829803
2024-10-19 22:00:00,DK2,54.04,50.641724,-3.3982773
2024-10-19 23:00:00,DK1,54.9,51.29123,-3.6087723
2024-10-19 23:00:00,DK2,54.9,46.43126,-8.468742
2024-10-20 00:00:00,DK1,54.58,42.9442,-11.635803
2024-10-20 00:00:00,DK2,54.58,49.64656,-4.933441
2024-10-20 01:00:00,DK1,55.91,57.32641,1.4164085
2024-10-20 01:00:00,DK2,55.91,60.207443,4.2974434
2024-10-20 02:00:00,DK1,59.59,68.844894,9.254894
2024-10-20 02:00:00,DK2,59.59,63.9881,4.398098
2024-10-20 03:00:00,DK1,32.43,52.827393,20.397392
2024-10-20 03:00:00,DK2,32.43,40.79104,8.361038
2024-10-20 04:00:00,DK1,32.23,27.473082,-4.756918
2024-10-20 04:00:00,DK2,32.23,34.141823,1.9118233
2024-10-20 05:00:00,DK1,39.06,23.147655,-15.912346
2024-10-20 05:00:00,DK2,39.06,36.10904,-2.950962
2024-10-20 06:00:00,DK1,48.26,36.893814,-11.366184
2024-10-20 06:00:00,DK2,48.26,46.53385,-1.7261467
2024-10-20 07:00:00,DK1,45.75,50.594414,4.8444138
2024-10-20 07:00:00,DK2,45.75,43.773224,-1.9767761
2024-10-20 08:00:00,DK1,6.37,25.272038,18.902039
2024-10-20 08:00:00,DK2,6.37,19.970156,13.600156
2024-10-20 09:00:00,DK1,0.08,7.309766,7.229766
2024-10-20 09:00:00,DK2,0.08,7.36522,7.28522
2024-10-20 10:00:00,DK1,0.0,2.3226917,2.3226917
2024-10-20 10:00:00,DK2,0.0,3.5214887,3.5214887
2024-10-20 11:00:00,DK1,-0.98,0.91387,1.89387
2024-10-20 11:00:00,DK2,-0.98,2.2325602,3.2125602
2024-10-20 12:00:00,DK1,-2.01,1.6677327,3.6777327
2024-10-20 12:00:00,DK2,-2.01,-0.2917559,1.7182441
2024-10-20 13:00:00,DK1,0.0,0.4121586,0.4121586
2024-10-20 13:00:00,DK2,0.0,4.119685,4.119685
2024-10-20 14:00:00,DK1,5.1,39.186386,34.086388
2024-10-20 14:00:00,DK2,5.1,24.045523,18.945522
2024-10-20 15:00:00,DK1,55.45,63.586906,8.136906
2024-10-20 15:00:00,DK2,55.45,43.67977,-11.770229
2024-10-20 16:00:00,DK1,42.67,71.106186,28.436188
2024-10-20 16:00:00,DK2,42.67,43.98236,1.3123627
2024-10-20 17:00:00,DK1,36.06,26.241196,-9.818806
2024-10-20 17:00:00,DK2,36.06,35.462532,-0.59746933
2024-10-20 18:00:00,DK1,33.91,23.511177,-10.398823
2024-10-20 18:00:00,DK2,33.91,21.590187,-12.319813
2024-10-20 19:00:00,DK1,20.95,11.725165,-9.224835
2024-10-20 19:00:00,DK2,20.95,13.544968,-7.405033
2024-10-20 20:00:00,DK1,12.15,5.2911954,-6.858804
2024-10-20 20:00:00,DK2,12.15,7.5908804,-4.559119
2024-10-20 21:00:00,DK1,1.93,2.961255,1.0312551
2024-10-20 21:00:00,DK2,1.93,3.3012662,1.3712662
2024-10-20 22:00:00,DK1,-0.1,0.743062,0.84306204
2024-10-20 22:00:00,DK2,-0.1,1.9680138,2.0680137
2024-10-20 23:00:00,DK1,-0.1,-0.2872224,-0.18722239
2024-10-20 23:00:00,DK2,-0.1,1.1643994,1.2643994
2024-10-21 00:00:00,DK1,-0.14,-1.0454679,-0.90546787
2024-10-21 00:00:00,DK2,-0.14,-0.17781138,-0.037811384
2024-10-21 01:00:00,DK1,-0.08,-1.050782,-0.970782
2024-10-21 01:00:00,DK2,-0.08,-0.41856718,-0.3385672
2024-10-21 02:00:00,DK1,-0.04,-0.37958074,-0.33958074
2024-10-21 02:00:00,DK2,-0.04,-0.40716767,-0.36716768
2024-10-21 03:00:00,DK1,3.25,0.06755757,-3.1824424
2024-10-21 03:00:00,DK2,3.25,0.97779727,-2.2722027
2024-10-21 04:00:00,DK1,4.37,0.5194216,-3.8505783
2024-10-21 04:00:00,DK2,4.37,1.3967535,-2.9732463
2024-10-21 05:00:00,DK1,40.38,3.4224129,-36.95759
2024-10-21 05:00:00,DK2,40.38,4.727719,-35.652283
2024-10-21 06:00:00,DK1,39.16,22.797228,-16.362772
2024-10-21 06:00:00,DK2,39.16,13.995176,-25.164824
2024-10-21 07:00:00,DK1,32.2,29.703108,-2.496893
2024-10-21 07:00:00,DK2,32.2,24.48519,-7.7148113
2024-10-21 08:00:00,DK1,28.88,17.356228,-11.523771
2024-10-21 08:00:00,DK2,28.88,17.327625,-11.552374
2024-10-21 09:00:00,DK1,27.98,9.50718,-18.47282
2024-10-21 09:00:00,DK2,27.98,10.074425,-17.905575
2024-10-21 10:00:00,DK1,25.27,5.7209587,-19.549042
2024-10-21 10:00:00,DK2,25.27,8.396021,-16.87398
2024-10-21 11:00:00,DK1,28.12,6.829981,-21.29002
2024-10-21 11:00:00,DK2,28.12,6.678171,-21.44183
2024-10-21 12:00:00,DK1,22.62,9.012142,-13.607859
2024-10-21 12:00:00,DK2,22.62,7.717457,-14.902544
2024-10-21 13:00:00,DK1,58.27,12.788858,-45.48114
2024-10-21 13:00:00,DK2,58.27,18.550436,-39.719566
2024-10-21 14:00:00,DK1,89.87,57.707184,-32.16282
2024-10-21 14:00:00,DK2,89.87,73.72731,-16.142693
2024-10-21 15:00:00,DK1,130.04,111.31165,-18.72834
2024-10-21 15:00:00,DK2,130.04,115.20288,-14.837112
2024-10-21 16:00:00,DK1,212.15,154.02713,-58.122864
2024-10-21 16:00:00,DK2,212.15,168.2403,-43.9097
2024-10-21 17:00:00,DK1,188.35,171.22183,-17.128174
2024-10-21 17:00:00,DK2,188.35,170.77048,-17.579529
2024-10-21 18:00:00,DK1,128.44,154.30463,25.864624
2024-10-21 18:00:00,DK2,128.44,126.34832,-2.0916824
2024-10-21 19:00:00,DK1,100.6,99.30413,-1.2958679
2024-10-21 19:00:00,DK2,100.6,108.71326,8.113258
2024-10-21 20:00:00,DK1,97.8,95.60698,-2.1930237
2024-10-21 20:00:00,DK2,97.8,102.963264,5.1632614
2024-10-21 21:00:00,DK1,92.97,103.04086,10.070862
2024-10-21 21:00:00,DK2,92.97,98.6208,5.650795
2024-10-21 22:00:00,DK1,89.42,93.95511,4.5351105
2024-10-21 22:00:00,DK2,89.42,80.819016,-8.600983
2024-10-21 23:00:00,DK1,87.52,74.15898,-13.361015
2024-10-21 23:00:00,DK2,87.52,91.30301,3.7830124
2024-10-22 00:00:00,DK1,85.69,76.202515,-9.487488
2024-10-22 00:00:00,DK2,85.69,81.87488,-3.8151245
2024-10-22 01:00:00,DK1,83.6,67.872375,-15.727623
2024-10-22 01:00:00,DK2,83.6,76.23067,-7.3693314
2024-10-22 02:00:00,DK1,83.02,69.711975,-13.308022
2024-10-22 02:00:00,DK2,83.02,79.41029,-3.609703
2024-10-22 03:00:00,DK1,86.0,75.60492,-10.395081
2024-10-22 03:00:00,DK2,86.0,90.17355,4.1735535
2024-10-22 04:00:00,DK1,98.14,96.176346,-1.9636536
2024-10-22 04:00:00,DK2,98.14,96.281235,-1.8587646
2024-10-22 05:00:00,DK1,150.0,110.57023,-39.42977
2024-10-22 05:00:00,DK2,158.52,130.4891,-28.0309
2024-10-22 06:00:00,DK1,162.94,149.55817,-13.381836
2024-10-22 06:00:00,DK2,170.12,160.71967,-9.40033
2024-10-22 07:00:00,DK1,113.44,154.79434,41.35434
2024-10-22 07:00:00,DK2,113.44,133.46461,20.024612
2024-10-22 08:00:00,DK1,98.79,100.06506,1.2750626
2024-10-22 08:00:00,DK2,99.22,103.82216,4.6021576
2024-10-22 09:00:00,DK1,85.69,86.8667,1.1766968
2024-10-22 09:00:00,DK2,87.75,90.28134,2.5313416
2024-10-22 10:00:00,DK1,33.08,73.05173,39.971725
2024-10-22 10:00:00,DK2,77.11,62.415634,-14.694366
2024-10-22 11:00:00,DK1,31.18,31.812174,0.63217354
2024-10-22 11:00:00,DK2,70.88,49.330376,-21.549622
2024-10-22 12:00:00,DK1,30.24,27.146355,-3.093645
2024-10-22 12:00:00,DK2,73.53,48.104866,-25.425133
2024-10-22 13:00:00,DK1,30.81,36.102432,5.292433
2024-10-22 13:00:00,DK2,87.08,45.3584,-41.721603
2024-10-22 14:00:00,DK1,35.28,42.699944,7.419945
2024-10-22 14:00:00,DK2,38.8,67.69826,28.898258
2024-10-22 15:00:00,DK1,101.78,54.32116,-47.45884
2024-10-22 15:00:00,DK2,101.78,86.68158,-15.098419
2024-10-22 16:00:00,DK1,139.92,140.91757,0.99757385
2024-10-22 16:00:00,DK2,139.92,157.35213,17.432129
2024-10-22 17:00:00,DK1,157.75,162.51208,4.762085
2024-10-22 17:00:00,DK2,157.75,135.64886,-22.101135
2024-10-22 18:00:00,DK1,114.02,111.23003,-2.7899704
2024-10-22 18:00:00,DK2,114.02,118.52995,4.5099564
2024-10-22 19:00:00,DK1,93.55,77.243744,-16.30626
2024-10-22 19:00:00,DK2,93.55,87.66139,-5.888611
2024-10-22 20:00:00,DK1,95.72,51.40161,-44.31839
2024-10-22 20:00:00,DK2,95.72,77.938194,-17.781807
2024-10-22 21:00:00,DK1,88.35,101.47702,13.127022
2024-10-22 21:00:00,DK2,88.35,102.977066,14.627068
2024-10-22 22:00:00,DK1,80.83,70.64305,-10.186951
2024-10-22 22:00:00,DK2,75.28,45.55207,-29.727928
2024-10-22 23:00:00,DK1,83.23,40.2507,-42.9793
2024-10-22 23:00:00,DK2,83.23,70.46904,-12.760963
2024-10-23 00:00:00,DK1,82.02,100.96451,18.944511
2024-10-23 00:00:00,DK2,82.02,80.034096,-1.9859009
2024-10-23 01:00:00,DK1,83.21,64.32055,-18.88945
2024-10-23 01:00:00,DK2,83.21,70.7381,-12.471901
2024-10-23 02:00:00,DK1,85.8,97.73703,11.937027
2024-10-23 02:00:00,DK2,85.8,99.98811,14.18811
2024-10-23 03:00:00,DK1,90.64,107.211174,16.571175
2024-10-23 03:00:00,DK2,90.64,101.32484,10.684837
2024-10-23 04:00:00,DK1,104.72,124.70415,19.984146
2024-10-23 04:00:00,DK2,104.72,128.49866,23.778656
2024-10-23 05:00:00,DK1,137.49,140.69855,3.2085419
2024-10-23 05:00:00,DK2,137.49,144.06448,6.574478
2024-10-23 06:00:00,DK1,161.68,157.45972,-4.220276
2024-10-23 06:00:00,DK2,161.68,150.69397,-10.986023
2024-10-23 07:00:00,DK1,128.42,148.4784,20.058395
2024-10-23 07:00:00,DK2,128.42,133.0856,4.6656036
2024-10-23 08:00:00,DK1,104.1,100.2733,-3.8266983
2024-10-23 08:00:00,DK2,104.1,102.38645,-1.7135468
2024-10-23 09:00:00,DK1,93.02,92.533325,-0.48667145
2024-10-23 09:00:00,DK2,93.02,86.39969,-6.620308
2024-10-23 10:00:00,DK1,80.58,76.08979,-4.4902115
2024-10-23 10:00:00,DK2,80.58,71.14633,-9.43367
2024-10-23 11:00:00,DK1,77.07,57.904045,-19.165955
2024-10-23 11:00:00,DK2,77.07,55.650017,-21.419983
2024-10-23 12:00:00,DK1,75.42,53.240913,-22.179085
2024-10-23 12:00:00,DK2,75.42,65.73539,-9.684608
2024-10-23 13:00:00,DK1,88.21,68.065254,-20.144745
2024-10-23 13:00:00,DK2,88.21,77.61929,-10.590706
2024-10-23 14:00:00,DK1,93.36,88.34981,-5.010193
2024-10-23 14:00:00,DK2,93.36,92.15932,-1.2006836
2024-10-23 15:00:00,DK1,135.39,103.00708,-32.38292
2024-10-23 15:00:00,DK2,135.39,116.7222,-18.6678
2024-10-23 16:00:00,DK1,191.6,154.97293,-36.627075
2024-10-23 16:00:00,DK2,198.37,168.6755,-29.694489
2024-10-23 17:00:00,DK1,176.0,171.18063,-4.8193665
2024-10-23 17:00:00,DK2,176.0,169.74629,-6.253708
2024-10-23 18:00:00,DK1,111.71,141.6112,29.901207
2024-10-23 18:00:00,DK2,111.71,131.60678,19.896782
2024-10-23 19:00:00,DK1,101.22,100.202774,-1.0172272
2024-10-23 19:00:00,DK2,101.22,95.53808,-5.681923
2024-10-23 20:00:00,DK1,102.93,91.44854,-11.481461
2024-10-23 20:00:00,DK2,102.93,94.41188,-8.51812
2024-10-23 21:00:00,DK1,93.16,100.39498,7.2349777
2024-10-23 21:00:00,DK2,93.16,98.02131,4.861305
2024-10-23 22:00:00,DK1,86.76,87.80287,1.0428696
2024-10-23 22:00:00,DK2,86.76,79.43573,-7.324272
2024-10-23 23:00:00,DK1,80.11,74.59867,-5.5113297
2024-10-23 23:00:00,DK2,80.11,80.62634,0.51634216
2024-10-24 00:00:00,DK1,78.1,60.984642,-17.115356
2024-10-24 00:00:00,DK2,78.1,58.10688,-19.993118
2024-10-24 01:00:00,DK1,75.67,46.66552,-29.004478
2024-10-24 01:00:00,DK2,75.67,63.28769,-12.382309
2024-10-24 02:00:00,DK1,71.36,75.10063,3.740631
2024-10-24 02:00:00,DK2,71.36,90.67214,19.312141
2024-10-24 03:00:00,DK1,80.17,111.79399,31.623993
2024-10-24 03:00:00,DK2,80.17,79.86853,-0.3014679
2024-10-24 04:00:00,DK1,100.35,124.96013,24.61013
2024-10-24 04:00:00,DK2,100.35,138.21547,37.86547
2024-10-24 05:00:00,DK1,141.86,158.13573,16.275726
2024-10-24 05:00:00,DK2,141.86,151.89374,10.033737
2024-10-24 06:00:00,DK1,165.39,138.7137,-26.6763
2024-10-24 06:00:00,DK2,165.39,132.21086,-33.17914
2024-10-24 07:00:00,DK1,117.3,137.87402,20.57402
2024-10-24 07:00:00,DK2,117.3,129.76323,12.463226
2024-10-24 08:00:00,DK1,101.91,108.97329,7.063286
2024-10-24 08:00:00,DK2,101.91,103.295135,1.3851318
2024-10-24 09:00:00,DK1,93.05,98.32287,5.2728653
2024-10-24 09:00:00,DK2,93.05,100.50061,7.4506073
2024-10-24 10:00:00,DK1,83.96,96.5575,12.597504
2024-10-24 10:00:00,DK2,83.96,93.13379,9.17379
2024-10-24 11:00:00,DK1,79.15,83.01645,3.8664474
2024-10-24 11:00:00,DK2,79.15,72.63399,-6.516014
2024-10-24 12:00:00,DK1,81.51,71.85896,-9.651039
2024-10-24 12:00:00,DK2,81.51,71.87131,-9.638695
2024-10-24 13:00:00,DK1,95.7,81.19905,-14.500946
2024-10-24 13:00:00,DK2,95.7,85.06881,-10.631187
2024-10-24 14:00:00,DK1,108.59,102.17171,-6.418289
2024-10-24 14:00:00,DK2,116.17,102.43431,-13.735687
2024-10-24 15:00:00,DK1,123.58,124.658966,1.0789642
2024-10-24 15:00:00,DK2,123.58,127.698975,4.118973
2024-10-24 16:00:00,DK1,138.7,139.57393,0.8739319
2024-10-24 16:00:00,DK2,138.7,132.27705,-6.422943
2024-10-24 17:00:00,DK1,114.19,128.37625,14.186249
2024-10-24 17:00:00,DK2,114.19,113.63844,-0.55155945
2024-10-24 18:00:00,DK1,96.61,72.91658,-23.69342
2024-10-24 18:00:00,DK2,96.61,74.444565,-22.165436
2024-10-24 19:00:00,DK1,93.64,78.2945,-15.345497
2024-10-24 19:00:00,DK2,93.64,93.7194,0.07939911
2024-10-24 20:00:00,DK1,89.9,94.86161,4.961609
2024-10-24 20:00:00,DK2,89.9,94.1126,4.2126007
2024-10-24 21:00:00,DK1,83.61,74.17052,-9.439484
2024-10-24 21:00:00,DK2,83.61,64.16089,-19.449112
2024-10-24 22:00:00,DK1,82.5,68.30796,-14.1920395
2024-10-24 22:00:00,DK2,82.5,77.968025,-4.531975
2024-10-24 23:00:00,DK1,82.07,74.2199,-7.8500977
2024-10-24 23:00:00,DK2,82.07,66.57318,-15.496819
2024-10-25 00:00:00,DK1,79.69,60.269737,-19.420265
2024-10-25 00:00:00,DK2,79.69,73.17758,-6.5124207
2024-10-25 01:00:00,DK1,82.6,79.53801,-3.0619888
2024-10-25 01:00:00,DK2,82.6,80.54581,-2.0541916
2024-10-25 02:00:00,DK1,84.47,82.17842,-2.2915802
2024-10-25 02:00:00,DK2,84.47,85.606,1.1360016
2024-10-25 03:00:00,DK1,94.59,97.08145,2.491455
2024-10-25 03:00:00,DK2,94.59,97.18638,2.5963821
2024-10-25 04:00:00,DK1,108.94,115.44426,6.504257
2024-10-25 04:00:00,DK2,108.94,112.845406,3.9054031
2024-10-25 05:00:00,DK1,123.75,128.74226,4.992264
2024-10-25 05:00:00,DK2,123.75,128.38542,4.6354218
2024-10-25 06:00:00,DK1,150.59,135.25746,-15.332535
2024-10-25 06:00:00,DK2,150.59,138.73473,-11.85527
2024-10-25 07:00:00,DK1,122.43,139.68906,17.259056
2024-10-25 07:00:00,DK2,122.43,124.95626,2.5262604
2024-10-25 08:00:00,DK1,108.15,97.044174,-11.105827
2024-10-25 08:00:00,DK2,108.15,108.14258,-0.007423401
2024-10-25 09:00:00,DK1,93.9,101.60379,7.7037888
2024-10-25 09:00:00,DK2,93.9,100.178055,6.2780533
2024-10-25 10:00:00,DK1,81.08,89.063324,7.983322
2024-10-25 10:00:00,DK2,81.08,88.70062,7.6206207
2024-10-25 11:00:00,DK1,78.18,78.05324,-0.12676239
2024-10-25 11:00:00,DK2,78.18,76.89708,-1.2829208
2024-10-25 12:00:00,DK1,82.47,77.72526,-4.7447433
2024-10-25 12:00:00,DK2,82.47,80.64675,-1.8232498
2024-10-25 13:00:00,DK1,99.33,94.14474,-5.1852646
2024-10-25 13:00:00,DK2,99.33,94.55759,-4.772415
2024-10-25 14:00:00,DK1,118.03,112.50693,-5.5230713
2024-10-25 14:00:00,DK2,118.03,114.33754,-3.692459
2024-10-25 15:00:00,DK1,158.73,143.61221,-15.117783
2024-10-25 15:00:00,DK2,158.73,154.92581,-3.804184
2024-10-25 16:00:00,DK1,227.32,168.57689,-58.74312
2024-10-25 16:00:00,DK2,227.32,171.11417,-56.20584
2024-10-25 17:00:00,DK1,184.85,171.41791,-13.432098
2024-10-25 17:00:00,DK2,184.85,168.18509,-16.664917
2024-10-25 18:00:00,DK1,123.86,137.87157,14.011566
2024-10-25 18:00:00,DK2,123.86,134.87355,11.01355
2024-10-25 19:00:00,DK1,116.29,115.14736,-1.1426392
2024-10-25 19:00:00,DK2,116.29,111.212,-5.078003
2024-10-25 20:00:00,DK1,113.96,103.42715,-10.532852
2024-10-25 20:00:00,DK2,113.96,106.01306,-7.9469376
2024-10-25 21:00:00,DK1,107.4,108.69203,1.2920303
2024-10-25 21:00:00,DK2,107.4,108.52642,1.1264191
2024-10-25 22:00:00,DK1,115.29,105.55529,-9.734711
2024-10-25 22:00:00,DK2,115.29,105.80183,-9.488174
2024-10-25 23:00:00,DK1,109.64,109.768814,0.1288147
2024-10-25 23:00:00,DK2,109.64,110.06539,0.42539215
2024-10-26 00:00:00,DK1,106.95,103.48517,-3.4648285
2024-10-26 00:00:00,DK2,106.95,102.94798,-4.002014
2024-10-26 01:00:00,DK1,107.79,96.507614,-11.282387
2024-10-26 01:00:00,DK2,107.79,102.4877,-5.3022995
2024-10-26 02:00:00,DK1,105.7,98.99173,-6.708267
2024-10-26 02:00:00,DK2,105.7,103.27864,-2.4213562
2024-10-26 03:00:00,DK1,106.82,98.84981,-7.970192
2024-10-26 03:00:00,DK2,106.82,103.69066,-3.1293411
2024-10-26 04:00:00,DK1,113.93,103.327614,-10.602386
2024-10-26 04:00:00,DK2,113.93,108.41339,-5.516609
2024-10-26 05:00:00,DK1,125.71,112.5168,-13.193199
2024-10-26 05:00:00,DK2,125.71,119.105286,-6.6047134
2024-10-26 06:00:00,DK1,126.0,124.465645,-1.5343552
2024-10-26 06:00:00,DK2,126.0,125.23124,-0.7687607
2024-10-26 07:00:00,DK1,117.57,121.02324,3.4532394
2024-10-26 07:00:00,DK2,117.57,118.12048,0.5504837
2024-10-26 08:00:00,DK1,101.39,105.648506,4.258507
2024-10-26 08:00:00,DK2,101.39,110.44384,9.053841
2024-10-26 09:00:00,DK1,81.48,107.01062,25.530617
2024-10-26 09:00:00,DK2,81.48,98.812355,17.332352
2024-10-26 10:00:00,DK1,68.35,76.59842,8.248421
2024-10-26 10:00:00,DK2,68.35,66.50788,-1.8421173
2024-10-26 11:00:00,DK1,63.3,44.518196,-18.781803
2024-10-26 11:00:00,DK2,63.3,50.13005,-13.169949
2024-10-26 12:00:00,DK1,64.55,39.04612,-25.503883
2024-10-26 12:00:00,DK2,64.55,52.09385,-12.456154
2024-10-26 13:00:00,DK1,81.44,69.310104,-12.129898
2024-10-26 13:00:00,DK2,81.44,77.70027,-3.7397308
2024-10-26 14:00:00,DK1,100.6,105.01993,4.4199295
2024-10-26 14:00:00,DK2,100.6,105.089676,4.4896774
2024-10-26 15:00:00,DK1,125.73,125.81348,0.083473206
2024-10-26 15:00:00,DK2,125.73,121.94666,-3.7833405
2024-10-26 16:00:00,DK1,150.9,131.62982,-19.270172
2024-10-26 16:00:00,DK2,150.9,131.48111,-19.418884
2024-10-26 17:00:00,DK1,118.74,130.29874,11.558739
2024-10-26 17:00:00,DK2,118.74,123.52251,4.782509
2024-10-26 18:00:00,DK1,96.48,107.433365,10.9533615
2024-10-26 18:00:00,DK2,96.48,98.6346,2.1545944
2024-10-26 19:00:00,DK1,88.76,73.02307,-15.736931
2024-10-26 19:00:00,DK2,88.76,79.218376,-9.541626
2024-10-26 20:00:00,DK1,87.5,72.53122,-14.9687805
2024-10-26 20:00:00,DK2,87.5,76.15188,-11.348122
2024-10-26 21:00:00,DK1,76.63,74.67161,-1.9583893
2024-10-26 21:00:00,DK2,76.63,81.0436,4.4136047
2024-10-26 22:00:00,DK1,92.22,68.047134,-24.172867
2024-10-26 22:00:00,DK2,92.22,75.50578,-16.714218
2024-10-26 23:00:00,DK1,84.0,78.385605,-5.614395
2024-10-26 23:00:00,DK2,84.0,83.27515,-0.7248535
2024-10-27 00:00:00,DK1,82.23,75.017456,-7.2125473
2024-10-27 00:00:00,DK2,82.23,71.83507,-10.394936
2024-10-27 01:00:00,DK1,80.43,46.669807,-33.760193
2024-10-27 01:00:00,DK2,80.43,54.126495,-26.303505
2024-10-27 02:00:00,DK1,79.41,81.64711,2.2371063
2024-10-27 02:00:00,DK2,79.41,89.29474,9.884735
2024-10-27 03:00:00,DK1,78.79,79.0029,0.21289825
2024-10-27 03:00:00,DK2,78.79,80.01757,1.2275696
2024-10-27 04:00:00,DK1,85.14,70.969025,-14.170975
2024-10-27 04:00:00,DK2,85.14,87.40558,2.2655792
2024-10-27 05:00:00,DK1,89.21,95.83686,6.6268616
2024-10-27 05:00:00,DK2,89.21,102.722916,13.512917
2024-10-27 06:00:00,DK1,88.05,104.59934,16.54934
2024-10-27 06:00:00,DK2,88.05,104.39628,16.346275
2024-10-27 07:00:00,DK1,84.34,88.27822,3.9382248
2024-10-27 07:00:00,DK2,84.34,77.966644,-6.373352
2024-10-27 08:00:00,DK1,66.48,60.980225,-5.4997787
2024-10-27 08:00:00,DK2,66.48,68.82107,2.3410645
2024-10-27 09:00:00,DK1,54.72,53.09272,-1.6272812
2024-10-27 09:00:00,DK2,54.72,49.879196,-4.840805
2024-10-27 10:00:00,DK1,42.5,34.6276,-7.8723984
2024-10-27 10:00:00,DK2,42.5,34.50476,-7.9952393
2024-10-27 11:00:00,DK1,39.99,26.518036,-13.471966
2024-10-27 11:00:00,DK2,39.99,23.616459,-16.373543
2024-10-27 12:00:00,DK1,40.0,24.387346,-15.612654
2024-10-27 12:00:00,DK2,40.0,32.299072,-7.7009277
2024-10-27 13:00:00,DK1,64.33,64.21508,-0.11492157
2024-10-27 13:00:00,DK2,64.33,76.66384,12.333839
2024-10-27 14:00:00,DK1,100.93,113.580154,12.650154
2024-10-27 14:00:00,DK2,100.93,109.27792,8.347923
2024-10-27 15:00:00,DK1,117.8,135.05844,17.258438
2024-10-27 15:00:00,DK2,117.8,126.18444,8.384438
2024-10-27 16:00:00,DK1,148.3,132.67413,-15.62587
2024-10-27 16:00:00,DK2,148.3,118.47498,-29.82502
2024-10-27 17:00:00,DK1,145.71,105.322754,-40.387253
2024-10-27 17:00:00,DK2,145.71,111.513504,-34.196503
2024-10-27 18:00:00,DK1,130.47,122.75303,-7.7169724
2024-10-27 18:00:00,DK2,130.47,122.98694,-7.4830627
2024-10-27 19:00:00,DK1,118.11,114.13411,-3.975891
2024-10-27 19:00:00,DK2,118.11,110.65289,-7.4571075
2024-10-27 20:00:00,DK1,111.39,104.89056,-6.499443
2024-10-27 20:00:00,DK2,111.39,105.00168,-6.388321
2024-10-27 21:00:00,DK1,109.96,106.101746,-3.8582535
2024-10-27 21:00:00,DK2,109.96,106.150276,-3.809723
2024-10-27 22:00:00,DK1,87.26,104.357185,17.097183
2024-10-27 22:00:00,DK2,87.26,94.845856,7.5858536
2024-10-27 23:00:00,DK1,95.6,77.555664,-18.044334
2024-10-27 23:00:00,DK2,95.6,79.841354,-15.758644
2024-10-28 00:00:00,DK1,89.38,84.77263,-4.6073685
2024-10-28 00:00:00,DK2,89.38,88.30082,-1.0791779
2024-10-28 01:00:00,DK1,84.14,86.17084,2.030838
2024-10-28 01:00:00,DK2,84.14,78.73585,-5.404152
2024-10-28 02:00:00,DK1,79.4,72.58014,-6.8198624
2024-10-28 02:00:00,DK2,79.4,81.112854,1.7128525
2024-10-28 03:00:00,DK1,79.89,97.444626,17.554626
2024-10-28 03:00:00,DK2,79.89,89.00137,9.111374
2024-10-28 04:00:00,DK1,94.12,107.95813,13.838127
2024-10-28 04:00:00,DK2,94.12,108.91259,14.792587
2024-10-28 05:00:00,DK1,98.91,131.77896,32.868958
2024-10-28 05:00:00,DK2,98.91,117.84507,18.935066
2024-10-28 06:00:00,DK1,130.01,109.59944,-20.410553
2024-10-28 06:00:00,DK2,130.01,115.14588,-14.864113
2024-10-28 07:00:00,DK1,127.38,121.776306,-5.603691
2024-10-28 07:00:00,DK2,127.38,124.659134,-2.7208633
2024-10-28 08:00:00,DK1,116.18,116.5439,0.36389923
2024-10-28 08:00:00,DK2,116.18,105.96556,-10.214439
2024-10-28 09:00:00,DK1,97.61,97.55926,-0.050743103
2024-10-28 09:00:00,DK2,97.61,103.820526,6.2105255
2024-10-28 10:00:00,DK1,98.31,87.90194,-10.408058
2024-10-28 10:00:00,DK2,98.31,88.02208,-10.287918
2024-10-28 11:00:00,DK1,94.93,86.51233,-8.417671
2024-10-28 11:00:00,DK2,94.93,89.077255,-5.852745
2024-10-28 12:00:00,DK1,101.33,94.12403,-7.205971
2024-10-28 12:00:00,DK2,101.33,94.418945,-6.9110565
2024-10-28 13:00:00,DK1,113.93,102.53782,-11.392181
2024-10-28 13:00:00,DK2,113.93,101.389786,-12.540215
2024-10-28 14:00:00,DK1,121.36,124.85984,3.4998398
2024-10-28 14:00:00,DK2,121.36,131.79047,10.430466
2024-10-28 15:00:00,DK1,124.2,162.5125,38.3125
2024-10-28 15:00:00,DK2,124.2,145.60666,21.406662
2024-10-28 16:00:00,DK1,141.11,156.18103,15.07103
2024-10-28 16:00:00,DK2,141.11,163.77594,22.66594
2024-10-28 17:00:00,DK1,148.8,143.96915,-4.8308563
2024-10-28 17:00:00,DK2,148.8,133.04541,-15.754593
2024-10-28 18:00:00,DK1,146.12,113.200005,-32.91999
2024-10-28 18:00:00,DK2,146.12,113.145706,-32.97429
2024-10-28 19:00:00,DK1,124.19,117.46247,-6.7275314
2024-10-28 19:00:00,DK2,124.19,124.65278,0.46277618
2024-10-28 20:00:00,DK1,115.59,127.622444,12.032448
2024-10-28 20:00:00,DK2,115.59,115.66294,0.07294464
2024-10-28 21:00:00,DK1,109.96,113.28044,3.3204422
2024-10-28 21:00:00,DK2,109.96,107.395256,-2.564743
2024-10-28 22:00:00,DK1,102.41,109.19052,6.7805176
2024-10-28 22:00:00,DK2,102.41,103.483826,1.073822
2024-10-28 23:00:00,DK1,101.34,101.8209,0.48090363
2024-10-28 23:00:00,DK2,101.34,98.465515,-2.8744812
2024-10-29 00:00:00,DK1,100.04,98.73949,-1.3005142
2024-10-29 00:00:00,DK2,100.04,97.17251,-2.8674927
2024-10-29 01:00:00,DK1,98.83,95.17467,-3.6553345
2024-10-29 01:00:00,DK2,98.83,97.22418,-1.6058197
2024-10-29 02:00:00,DK1,98.17,98.33536,0.1653595
2024-10-29 02:00:00,DK2,98.17,101.50453,3.3345337
2024-10-29 03:00:00,DK1,100.02,99.35938,-0.660614
2024-10-29 03:00:00,DK2,100.02,99.652245,-0.36775208
2024-10-29 04:00:00,DK1,113.1,110.84207,-2.257927
2024-10-29 04:00:00,DK2,113.1,115.69393,2.593933
2024-10-29 05:00:00,DK1,127.38,143.8865,16.506508
2024-10-29 05:00:00,DK2,127.38,145.13718,17.75718
2024-10-29 06:00:00,DK1,157.73,150.27525,-7.4547424
2024-10-29 06:00:00,DK2,157.73,147.82822,-9.901779
2024-10-29 07:00:00,DK1,151.32,143.94226,-7.3777466
2024-10-29 07:00:00,DK2,151.32,140.07397,-11.246033
2024-10-29 08:00:00,DK1,129.69,124.081276,-5.6087265
2024-10-29 08:00:00,DK2,129.69,124.47954,-5.2104645
2024-10-29 09:00:00,DK1,120.7,114.98281,-5.717186
2024-10-29 09:00:00,DK2,120.7,112.50009,-8.199905
2024-10-29 10:00:00,DK1,112.97,103.137375,-9.832626
2024-10-29 10:00:00,DK2,112.97,108.494385,-4.4756165
2024-10-29 11:00:00,DK1,105.45,104.65147,-0.7985306
2024-10-29 11:00:00,DK2,105.45,104.869064,-0.5809326
2024-10-29 12:00:00,DK1,117.73,103.23993,-14.490074
2024-10-29 12:00:00,DK2,117.73,102.7848,-14.945206
2024-10-29 13:00:00,DK1,135.94,105.11925,-30.820755
2024-10-29 13:00:00,DK2,135.94,115.00917,-20.930832
2024-10-29 14:00:00,DK1,172.26,134.3135,-37.946487
2024-10-29 14:00:00,DK2,172.26,153.37386,-18.886139
2024-10-29 15:00:00,DK1,212.72,169.48698,-43.233017
2024-10-29 15:00:00,DK2,212.72,171.12944,-41.59056
2024-10-29 16:00:00,DK1,285.8,171.47153,-114.32846
2024-10-29 16:00:00,DK2,285.8,171.51216,-114.28783
2024-10-29 17:00:00,DK1,257.44,171.5232,-85.91681
2024-10-29 17:00:00,DK2,257.44,171.52252,-85.91748
2024-10-29 18:00:00,DK1,203.82,171.51717,-32.30284
2024-10-29 18:00:00,DK2,203.82,171.3804,-32.439606
2024-10-29 19:00:00,DK1,140.6,151.82185,11.221848
2024-10-29 19:00:00,DK2,140.6,138.29138,-2.3086243
2024-10-29 20:00:00,DK1,122.75,120.5472,-2.202797
2024-10-29 20:00:00,DK2,122.75,122.43645,-0.31355286
2024-10-29 21:00:00,DK1,116.18,112.20153,-3.9784698
2024-10-29 21:00:00,DK2,116.18,111.99887,-4.1811295
2024-10-29 22:00:00,DK1,103.09,109.965515,6.875519
2024-10-29 22:00:00,DK2,103.09,109.48201,6.3920135
2024-10-29 23:00:00,DK1,99.73,107.092514,7.3625107
2024-10-29 23:00:00,DK2,99.73,103.00466,3.2746582
2024-10-30 00:00:00,DK1,98.61,102.44696,3.8369598
2024-10-30 00:00:00,DK2,98.61,103.745735,5.1357346
2024-10-30 01:00:00,DK1,86.61,99.585815,12.975815
2024-10-30 01:00:00,DK2,86.61,96.22945,9.619446
2024-10-30 02:00:00,DK1,67.12,84.96665,17.84665
2024-10-30 02:00:00,DK2,67.12,83.63959,16.519585
2024-10-30 03:00:00,DK1,64.09,68.89729,4.8072968
2024-10-30 03:00:00,DK2,64.09,67.82447,3.7344742
2024-10-30 04:00:00,DK1,66.32,60.26104,-6.05896
2024-10-30 04:00:00,DK2,66.32,72.13527,5.8152695
2024-10-30 05:00:00,DK1,72.78,81.02503,8.245033
2024-10-30 05:00:00,DK2,72.78,90.24214,17.462143
2024-10-30 06:00:00,DK1,99.68,93.8724,-5.807602
2024-10-30 06:00:00,DK2,99.68,100.865486,1.1854858
2024-10-30 07:00:00,DK1,103.68,99.78054,-3.8994598
2024-10-30 07:00:00,DK2,103.69,100.421104,-3.268898
2024-10-30 08:00:00,DK1,97.69,86.60739,-11.082611
2024-10-30 08:00:00,DK2,97.69,91.36995,-6.320053
2024-10-30 09:00:00,DK1,62.9,86.37751,23.477509
2024-10-30 09:00:00,DK2,62.9,78.79618,15.896179
2024-10-30 10:00:00,DK1,59.17,51.237213,-7.932785
2024-10-30 10:00:00,DK2,59.17,49.82344,-9.346558
2024-10-30 11:00:00,DK1,55.66,33.044266,-22.615734
2024-10-30 11:00:00,DK2,49.1,40.163605,-8.936394
2024-10-30 12:00:00,DK1,52.09,38.482788,-13.607212
2024-10-30 12:00:00,DK2,52.09,34.068874,-18.021126
2024-10-30 13:00:00,DK1,84.85,41.376,-43.474
2024-10-30 13:00:00,DK2,84.85,50.221817,-34.62818
2024-10-30 14:00:00,DK1,100.65,93.37099,-7.2790146
2024-10-30 14:00:00,DK2,99.74,93.84711,-5.892891
2024-10-30 15:00:00,DK1,142.36,121.800385,-20.559616
2024-10-30 15:00:00,DK2,142.36,122.00244,-20.35756
2024-10-30 16:00:00,DK1,183.2,156.60724,-26.592758
2024-10-30 16:00:00,DK2,183.22,165.371,-17.848999
2024-10-30 17:00:00,DK1,192.89,167.7619,-25.128098
2024-10-30 17:00:00,DK2,192.87,152.0568,-40.8132
2024-10-30 18:00:00,DK1,159.44,143.66418,-15.775818
2024-10-30 18:00:00,DK2,159.42,139.62265,-19.797348
2024-10-30 19:00:00,DK1,109.49,126.5442,17.0542
2024-10-30 19:00:00,DK2,109.47,120.44957,10.9795685
2024-10-30 20:00:00,DK1,103.71,105.93527,2.2252731
2024-10-30 20:00:00,DK2,103.7,102.780365,-0.91963196
2024-10-30 21:00:00,DK1,108.66,107.88579,-0.7742157
2024-10-30 21:00:00,DK2,108.65,108.29238,-0.35762024
2024-10-30 22:00:00,DK1,99.84,110.91144,11.071442
2024-10-30 22:00:00,DK2,99.84,102.0325,2.192505
2024-10-30 23:00:00,DK1,105.16,97.18498,-7.9750214
2024-10-30 23:00:00,DK2,99.71,99.304146,-0.40585327
2024-10-31 00:00:00,DK1,98.51,100.24067,1.7306671
2024-10-31 00:00:00,DK2,98.51,96.680145,-1.8298569
2024-10-31 01:00:00,DK1,96.58,93.3401,-3.2398987
2024-10-31 01:00:00,DK2,96.58,94.50886,-2.071144
2024-10-31 02:00:00,DK1,94.81,89.27212,-5.53788
2024-10-31 02:00:00,DK2,94.81,93.9647,-0.84529877
2024-10-31 03:00:00,DK1,88.2,83.19806,-5.001938
2024-10-31 03:00:00,DK2,88.2,85.41669,-2.78331
2024-10-31 04:00:00,DK1,85.25,88.71873,3.468727
2024-10-31 04:00:00,DK2,85.25,89.39467,4.1446686
2024-10-31 05:00:00,DK1,87.91,109.422134,21.51213
2024-10-31 05:00:00,DK2,87.91,104.49176,16.581757
2024-10-31 06:00:00,DK1,99.07,107.001755,7.931755
2024-10-31 06:00:00,DK2,99.08,103.46425,4.384247
2024-10-31 07:00:00,DK1,86.63,102.4367,15.806702
2024-10-31 07:00:00,DK2,86.63,93.55917,6.9291763
2024-10-31 08:00:00,DK1,40.31,73.49553,33.185528
2024-10-31 08:00:00,DK2,40.31,67.166626,26.856625
2024-10-31 09:00:00,DK1,20.79,30.918053,10.128052
2024-10-31 09:00:00,DK2,20.79,30.513166,9.7231655
2024-10-31 10:00:00,DK1,14.73,11.536513,-3.1934862
2024-10-31 10:00:00,DK2,14.73,16.533688,1.803688
2024-10-31 11:00:00,DK1,12.41,7.7565613,-4.6534386
2024-10-31 11:00:00,DK2,12.41,10.357851,-2.0521488
2024-10-31 12:00:00,DK1,15.92,6.7471967,-9.172804
2024-10-31 12:00:00,DK2,15.92,8.562315,-7.357685
2024-10-31 13:00:00,DK1,15.87,11.745514,-4.124486
2024-10-31 13:00:00,DK2,15.87,9.03772,-6.83228
2024-10-31 14:00:00,DK1,15.52,17.172943,1.6529427
2024-10-31 14:00:00,DK2,15.52,11.109119,-4.410881
2024-10-31 15:00:00,DK1,15.59,18.718979,3.1289787
2024-10-31 15:00:00,DK2,15.59,13.75684,-1.8331604
2024-10-31 16:00:00,DK1,19.13,24.922289,5.7922897
2024-10-31 16:00:00,DK2,19.13,12.779884,-6.350115
2024-10-31 17:00:00,DK1,16.72,15.604937,-1.1150627
2024-10-31 17:00:00,DK2,16.72,14.899313,-1.8206863
2024-10-31 18:00:00,DK1,14.59,10.584978,-4.005022
2024-10-31 18:00:00,DK2,14.59,9.590136,-4.9998646
2024-10-31 19:00:00,DK1,12.49,6.7808027,-5.709197
2024-10-31 19:00:00,DK2,12.49,3.3123708,-9.177629
2024-10-31 20:00:00,DK1,8.81,1.8353544,-6.974646
2024-10-31 20:00:00,DK2,8.81,1.5503972,-7.2596035
2024-10-31 21:00:00,DK1,7.07,0.6522933,-6.417707
2024-10-31 21:00:00,DK2,7.07,0.27698863,-6.7930117
2024-10-31 22:00:00,DK1,5.58,0.79818726,-4.7818127
2024-10-31 22:00:00,DK2,3.95,-0.34651852,-4.2965183
2024-10-31 23:00:00,DK1,3.24,0.46191072,-2.7780893
2024-10-31 23:00:00,DK2,3.24,-1.1789937,-4.418994
2024-11-01 00:00:00,DK1,2.18,-0.8493786,-3.0293787
2024-11-01 00:00:00,DK2,2.18,-1.561367,-3.741367
2024-11-01 01:00:00,DK1,1.75,-1.9435163,-3.6935163
2024-11-01 01:00:00,DK2,1.75,-1.9347138,-3.6847138
2024-11-01 02:00:00,DK1,1.56,-1.9922814,-3.5522814
2024-11-01 02:00:00,DK2,1.56,-1.741621,-3.301621
2024-11-01 03:00:00,DK1,1.52,-0.99871063,-2.5187106
2024-11-01 03:00:00,DK2,1.52,-1.009809,-2.529809
2024-11-01 04:00:00,DK1,1.71,-0.100488186,-1.8104882
2024-11-01 04:00:00,DK2,1.71,0.6687057,-1.0412943
2024-11-01 05:00:00,DK1,3.23,1.8302829,-1.3997171
2024-11-01 05:00:00,DK2,3.23,1.5238132,-1.7061868
2024-11-01 06:00:00,DK1,4.01,2.930437,-1.0795631
2024-11-01 06:00:00,DK2,4.01,3.4102142,-0.59978604
2024-11-01 07:00:00,DK1,4.38,4.049338,-0.33066225
2024-11-01 07:00:00,DK2,4.38,2.8079376,-1.5720625
2024-11-01 08:00:00,DK1,3.35,1.3655592,-1.9844407
2024-11-01 08:00:00,DK2,3.35,1.4790353,-1.8709646
2024-11-01 09:00:00,DK1,3.25,-0.7952895,-4.0452895
2024-11-01 09:00:00,DK2,3.25,-0.6366801,-3.8866801
2024-11-01 10:00:00,DK1,3.15,-1.7437317,-4.893732
2024-11-01 10:00:00,DK2,3.15,-1.2001092,-4.350109
2024-11-01 11:00:00,DK1,3.22,-1.6714249,-4.891425
2024-11-01 11:00:00,DK2,3.22,-1.0509632,-4.270963
2024-11-01 12:00:00,DK1,3.24,-0.91938066,-4.159381
2024-11-01 12:00:00,DK2,3.24,-0.3192773,-3.5592773
2024-11-01 13:00:00,DK1,3.27,0.27195013,-2.9980497
2024-11-01 13:00:00,DK2,3.27,0.7857264,-2.4842734
2024-11-01 14:00:00,DK1,3.29,3.6688824,0.3788824
2024-11-01 14:00:00,DK2,3.29,1.8127903,-1.4772097
2024-11-01 15:00:00,DK1,10.36,5.2200637,-5.139936
2024-11-01 15:00:00,DK2,10.36,3.9059632,-6.4540367
2024-11-01 16:00:00,DK1,13.83,14.624361,0.7943611
2024-11-01 16:00:00,DK2,13.83,6.217067,-7.612933
2024-11-01 17:00:00,DK1,19.99,12.761942,-7.228058
2024-11-01 17:00:00,DK2,19.98,6.3831625,-13.596837
2024-11-01 18:00:00,DK1,13.18,11.727112,-1.4528885
2024-11-01 18:00:00,DK2,13.18,5.002534,-8.177466
2024-11-01 19:00:00,DK1,14.56,7.703237,-6.8567634
2024-11-01 19:00:00,DK2,14.55,4.895071,-9.654929
2024-11-01 20:00:00,DK1,15.25,7.3222775,-7.9277225
2024-11-01 20:00:00,DK2,15.25,3.3667412,-11.883259
2024-11-01 21:00:00,DK1,20.0,8.118856,-11.881144
2024-11-01 21:00:00,DK2,20.0,4.62271,-15.37729
2024-11-01 22:00:00,DK1,24.58,9.098819,-15.481181
2024-11-01 22:00:00,DK2,24.58,8.529439,-16.05056
2024-11-01 23:00:00,DK1,61.94,21.705915,-40.234085
2024-11-01 23:00:00,DK2,61.94,31.701456,-30.238543
2024-11-02 00:00:00,DK1,79.91,84.36527,4.455269
2024-11-02 00:00:00,DK2,79.91,78.546234,-1.3637695
2024-11-02 01:00:00,DK1,88.76,82.94287,-5.817131
2024-11-02 01:00:00,DK2,88.76,87.17091,-1.5890884
2024-11-02 02:00:00,DK1,86.0,90.67411,4.6741104
2024-11-02 02:00:00,DK2,86.0,84.514694,-1.4853058
2024-11-02 03:00:00,DK1,86.85,74.07329,-12.7767105
2024-11-02 03:00:00,DK2,86.85,86.77174,-0.0782547
2024-11-02 04:00:00,DK1,90.76,77.47508,-13.28492
2024-11-02 04:00:00,DK2,90.76,90.103004,-0.6569977
2024-11-02 05:00:00,DK1,96.5,90.03133,-6.4686737
2024-11-02 05:00:00,DK2,96.5,99.98854,3.4885406
2024-11-02 06:00:00,DK1,100.11,105.0184,4.9084015
2024-11-02 06:00:00,DK2,100.11,108.519684,8.409683
2024-11-02 07:00:00,DK1,101.16,110.03026,8.8702545
2024-11-02 07:00:00,DK2,101.15,109.95342,8.803421
2024-11-02 08:00:00,DK1,109.64,103.94574,-5.6942596
2024-11-02 08:00:00,DK2,109.63,107.63951,-1.9904861
2024-11-02 09:00:00,DK1,91.19,99.96633,8.776329
2024-11-02 09:00:00,DK2,91.18,103.638954,12.458954
2024-11-02 10:00:00,DK1,94.44,83.16223,-11.277771
2024-11-02 10:00:00,DK2,94.42,89.85645,-4.563545
2024-11-02 11:00:00,DK1,88.68,79.458534,-9.221466
2024-11-02 11:00:00,DK2,88.66,80.67717,-7.982834
2024-11-02 12:00:00,DK1,91.51,81.02658,-10.483421
2024-11-02 12:00:00,DK2,91.49,82.78003,-8.709969
2024-11-02 13:00:00,DK1,103.42,88.49248,-14.927521
2024-11-02 13:00:00,DK2,103.4,90.33113,-13.068871
2024-11-02 14:00:00,DK1,122.3,104.58603,-17.713974
2024-11-02 14:00:00,DK2,122.27,109.84914,-12.42086
2024-11-02 15:00:00,DK1,137.61,131.32306,-6.2869415
2024-11-02 15:00:00,DK2,137.58,138.51068,0.9306793
2024-11-02 16:00:00,DK1,158.56,158.74478,0.18478394
2024-11-02 16:00:00,DK2,158.55,156.63132,-1.9186859
2024-11-02 17:00:00,DK1,149.92,162.37724,12.457245
2024-11-02 17:00:00,DK2,149.9,148.07758,-1.8224182
2024-11-02 18:00:00,DK1,134.96,130.57095,-4.3890533
2024-11-02 18:00:00,DK2,134.93,128.91872,-6.0112762
2024-11-02 19:00:00,DK1,122.79,116.2357,-6.5542984
2024-11-02 19:00:00,DK2,122.78,114.65896,-8.12104
2024-11-02 20:00:00,DK1,111.26,112.32367,1.0636673
2024-11-02 20:00:00,DK2,111.26,113.68651,2.426506
2024-11-02 21:00:00,DK1,106.28,111.58107,5.301071
2024-11-02 21:00:00,DK2,106.28,105.28142,-0.99858093
2024-11-02 22:00:00,DK1,100.61,105.45985,4.849846
2024-11-02 22:00:00,DK2,100.61,102.3813,1.7713013
2024-11-02 23:00:00,DK1,101.19,100.02425,-1.1657562
2024-11-02 23:00:00,DK2,101.19,98.332794,-2.8572083
2024-11-03 00:00:00,DK1,96.29,96.06752,-0.22248077
2024-11-03 00:00:00,DK2,96.29,93.5809,-2.7090988
2024-11-03 01:00:00,DK1,88.58,86.60745,-1.9725494
2024-11-03 01:00:00,DK2,88.58,86.22608,-2.35392
2024-11-03 02:00:00,DK1,85.08,77.02605,-8.053955
2024-11-03 02:00:00,DK2,85.08,79.48091,-5.5990906
2024-11-03 03:00:00,DK1,76.47,72.03253,-4.4374695
2024-11-03 03:00:00,DK2,76.47,72.13448,-4.335518
2024-11-03 04:00:00,DK1,63.9,69.14118,5.2411804
2024-11-03 04:00:00,DK2,63.9,69.60451,5.704506
2024-11-03 05:00:00,DK1,55.94,79.9019,23.961903
2024-11-03 05:00:00,DK2,55.94,81.69301,25.75301
2024-11-03 06:00:00,DK1,45.73,87.403404,41.673405
2024-11-03 06:00:00,DK2,45.73,75.71091,29.980907
2024-11-03 07:00:00,DK1,40.02,71.54442,31.524418
2024-11-03 07:00:00,DK2,40.02,51.109367,11.089367
2024-11-03 08:00:00,DK1,38.9,30.702158,-8.197844
2024-11-03 08:00:00,DK2,38.9,30.858984,-8.041018
2024-11-03 09:00:00,DK1,33.46,23.62734,-9.832659
2024-11-03 09:00:00,DK2,33.46,25.760496,-7.699503
2024-11-03 10:00:00,DK1,31.86,15.864521,-15.99548
2024-11-03 10:00:00,DK2,31.86,17.588062,-14.271938
2024-11-03 11:00:00,DK1,31.47,12.609685,-18.860313
2024-11-03 11:00:00,DK2,31.47,21.75748,-9.712519
2024-11-03 12:00:00,DK1,33.3,44.15856,10.858562
2024-11-03 12:00:00,DK2,16.98,29.764515,12.784515
2024-11-03 13:00:00,DK1,58.65,29.111609,-29.538393
2024-11-03 13:00:00,DK2,21.04,25.069357,4.029356
2024-11-03 14:00:00,DK1,68.49,46.056305,-22.433693
2024-11-03 14:00:00,DK2,32.0,37.887207,5.887207
2024-11-03 15:00:00,DK1,89.41,101.12332,11.713318
2024-11-03 15:00:00,DK2,67.82,55.199112,-12.620888
2024-11-03 16:00:00,DK1,96.73,113.04306,16.313057
2024-11-03 16:00:00,DK2,96.73,77.94963,-18.780373
2024-11-03 17:00:00,DK1,96.38,91.56766,-4.81234
2024-11-03 17:00:00,DK2,96.37,75.541214,-20.828789
2024-11-03 18:00:00,DK1,94.55,96.517365,1.9673615
2024-11-03 18:00:00,DK2,71.28,77.78258,6.5025787
2024-11-03 19:00:00,DK1,88.04,72.177666,-15.862335
2024-11-03 19:00:00,DK2,37.2,40.193855,2.9938545
2024-11-03 20:00:00,DK1,86.77,73.78636,-12.983635
2024-11-03 20:00:00,DK2,39.22,32.5506,-6.669403
2024-11-03 21:00:00,DK1,89.21,70.52963,-18.680367
2024-11-03 21:00:00,DK2,53.1,40.242516,-12.857483
2024-11-03 22:00:00,DK1,92.41,67.0594,-25.350601
2024-11-03 22:00:00,DK2,92.4,50.202705,-42.197296
2024-11-03 23:00:00,DK1,92.04,91.76316,-0.2768402
2024-11-03 23:00:00,DK2,92.03,84.63797,-7.392029
2024-11-04 00:00:00,DK1,89.96,91.77176,1.81176
2024-11-04 00:00:00,DK2,89.96,77.27011,-12.689888
2024-11-04 01:00:00,DK1,90.07,73.37929,-16.690712
2024-11-04 01:00:00,DK2,90.06,79.20536,-10.854637
2024-11-04 02:00:00,DK1,89.86,90.06649,0.20648956
2024-11-04 02:00:00,DK2,89.84,94.9388,5.0988007
2024-11-04 03:00:00,DK1,90.8,110.34052,19.54052
2024-11-04 03:00:00,DK2,90.78,107.4003,16.6203
2024-11-04 04:00:00,DK1,98.52,118.61953,20.099533
2024-11-04 04:00:00,DK2,98.51,111.89226,13.382256
2024-11-04 05:00:00,DK1,124.89,126.9377,2.047699
2024-11-04 05:00:00,DK2,124.87,141.54393,16.673927
2024-11-04 06:00:00,DK1,144.91,167.39232,22.482315
2024-11-04 06:00:00,DK2,144.93,162.70319,17.773193
2024-11-04 07:00:00,DK1,137.34,124.12308,-13.216919
2024-11-04 07:00:00,DK2,137.47,127.67975,-9.790253
2024-11-04 08:00:00,DK1,120.13,114.53204,-5.597954
2024-11-04 08:00:00,DK2,120.15,112.23208,-7.917923
2024-11-04 09:00:00,DK1,104.22,118.81369,14.593689
2024-11-04 09:00:00,DK2,100.54,114.493,13.952995
2024-11-04 10:00:00,DK1,93.63,102.87637,9.246376
2024-11-04 10:00:00,DK2,97.16,96.962845,-0.19715881
2024-11-04 11:00:00,DK1,95.16,94.378716,-0.78128815
2024-11-04 11:00:00,DK2,95.2,94.6742,-0.525795
2024-11-04 12:00:00,DK1,98.47,89.631485,-8.838516
2024-11-04 12:00:00,DK2,98.51,98.06437,-0.44563293
2024-11-04 13:00:00,DK1,99.98,109.19343,9.213425
2024-11-04 13:00:00,DK2,103.21,100.48869,-2.7213058
2024-11-04 14:00:00,DK1,128.68,102.64887,-26.03112
2024-11-04 14:00:00,DK2,130.47,112.571396,-17.898605
2024-11-04 15:00:00,DK1,177.35,145.2308,-32.1192
2024-11-04 15:00:00,DK2,179.33,161.36465,-17.965347
2024-11-04 16:00:00,DK1,269.76,170.97002,-98.78999
2024-11-04 16:00:00,DK2,276.2,171.44043,-104.75958
2024-11-04 17:00:00,DK1,237.58,171.51016,-66.06984
2024-11-04 17:00:00,DK2,241.14,171.51595,-69.624054
2024-11-04 18:00:00,DK1,161.78,171.49889,9.718887
2024-11-04 18:00:00,DK2,162.11,168.55704,6.4470367
2024-11-04 19:00:00,DK1,123.0,127.21476,4.21476
2024-11-04 19:00:00,DK2,123.01,126.18686,3.176857
2024-11-04 20:00:00,DK1,110.1,109.08888,-1.011116
2024-11-04 20:00:00,DK2,110.13,107.9264,-2.203598
2024-11-04 21:00:00,DK1,105.0,108.50777,3.5077667
2024-11-04 21:00:00,DK2,105.02,104.65924,-0.36075592
2024-11-04 22:00:00,DK1,92.72,106.63189,13.911888
2024-11-04 22:00:00,DK2,92.74,96.25404,3.5140457
2024-11-04 23:00:00,DK1,83.63,97.98602,14.356026
2024-11-04 23:00:00,DK2,83.64,91.42478,7.7847824
2024-11-05 00:00:00,DK1,94.0,78.70812,-15.291878
2024-11-05 00:00:00,DK2,94.0,81.40361,-12.59639
2024-11-05 01:00:00,DK1,90.68,73.40584,-17.274162
2024-11-05 01:00:00,DK2,90.69,87.10369,-3.5863113
2024-11-05 02:00:00,DK1,91.3,75.628105,-15.671898
2024-11-05 02:00:00,DK2,91.3,84.722565,-6.5774384
2024-11-05 03:00:00,DK1,94.0,88.305,-5.6949997
2024-11-05 03:00:00,DK2,94.0,94.54779,0.5477905
2024-11-05 04:00:00,DK1,96.09,111.581055,15.491058
2024-11-05 04:00:00,DK2,96.1,106.018234,9.918236
2024-11-05 05:00:00,DK1,106.0,128.10236,22.102356
2024-11-05 05:00:00,DK2,106.01,123.61388,17.603874
2024-11-05 06:00:00,DK1,137.06,125.180695,-11.879303
2024-11-05 06:00:00,DK2,137.69,139.51491,1.8249054
2024-11-05 07:00:00,DK1,136.21,143.40924,7.199234
2024-11-05 07:00:00,DK2,136.27,138.8584,2.5883942
2024-11-05 08:00:00,DK1,118.23,113.93069,-4.2993164
2024-11-05 08:00:00,DK2,118.27,110.67103,-7.5989685
2024-11-05 09:00:00,DK1,105.87,101.614555,-4.2554474
2024-11-05 09:00:00,DK2,105.9,106.06593,0.1659317
2024-11-05 10:00:00,DK1,95.28,97.3564,2.0764008
2024-11-05 10:00:00,DK2,95.31,99.09163,3.7816315
2024-11-05 11:00:00,DK1,94.92,92.412506,-2.507492
2024-11-05 11:00:00,DK2,94.95,92.349335,-2.6006622
2024-11-05 12:00:00,DK1,99.25,92.3571,-6.8928986
2024-11-05 12:00:00,DK2,99.27,91.76322,-7.506775
2024-11-05 13:00:00,DK1,109.51,100.75076,-8.759239
2024-11-05 13:00:00,DK2,110.38,108.15615,-2.2238464
2024-11-05 14:00:00,DK1,153.87,119.146416,-34.72358
2024-11-05 14:00:00,DK2,155.96,126.54643,-29.413574
2024-11-05 15:00:00,DK1,321.78,157.78651,-163.99348
2024-11-05 15:00:00,DK2,331.78,170.18658,-161.59341
2024-11-05 16:00:00,DK1,472.99,171.3316,-301.6584
2024-11-05 16:00:00,DK2,472.93,171.49854,-301.43146
2024-11-05 17:00:00,DK1,431.02,171.52444,-259.49554
2024-11-05 17:00:00,DK2,430.97,171.52829,-259.4417
2024-11-05 18:00:00,DK1,320.33,171.52875,-148.80124
2024-11-05 18:00:00,DK2,320.14,171.53012,-148.6099
2024-11-05 19:00:00,DK1,169.7,171.53,1.8300018
2024-11-05 19:00:00,DK2,169.68,171.5288,1.8488007
2024-11-05 20:00:00,DK1,129.9,171.51768,41.61769
2024-11-05 20:00:00,DK2,129.88,164.70152,34.821518
2024-11-05 21:00:00,DK1,117.77,113.22468,-4.5453186
2024-11-05 21:00:00,DK2,117.76,114.14059,-3.6194153
2024-11-05 22:00:00,DK1,101.86,111.924805,10.064804
2024-11-05 22:00:00,DK2,101.85,112.56209,10.71209
2024-11-05 23:00:00,DK1,99.83,107.0331,7.2030945
2024-11-05 23:00:00,DK2,99.8,102.3046,2.5046005
2024-11-06 00:00:00,DK1,99.05,100.898865,1.8488617
2024-11-06 00:00:00,DK2,99.03,102.160645,3.1306458
2024-11-06 01:00:00,DK1,95.4,99.535324,4.1353226
2024-11-06 01:00:00,DK2,95.38,98.40059,3.0205917
2024-11-06 02:00:00,DK1,95.83,91.149506,-4.680496
2024-11-06 02:00:00,DK2,95.81,93.016945,-2.7930527
2024-11-06 03:00:00,DK1,96.16,95.49625,-0.6637573
2024-11-06 03:00:00,DK2,96.14,96.09444,-0.045562744
2024-11-06 04:00:00,DK1,92.91,105.92825,13.0182495
2024-11-06 04:00:00,DK2,92.79,98.44229,5.6522903
2024-11-06 05:00:00,DK1,121.0,120.92357,-0.076431274
2024-11-06 05:00:00,DK2,120.87,131.32849,10.458488
2024-11-06 06:00:00,DK1,215.78,153.5897,-62.190292
2024-11-06 06:00:00,DK2,217.25,164.1944,-53.055603
2024-11-06 07:00:00,DK1,194.0,170.26788,-23.732117
2024-11-06 07:00:00,DK2,196.46,170.51239,-25.947617
2024-11-06 08:00:00,DK1,141.97,167.20737,25.237366
2024-11-06 08:00:00,DK2,142.74,153.3659,10.6259
2024-11-06 09:00:00,DK1,131.73,120.69125,-11.038742
2024-11-06 09:00:00,DK2,133.41,116.580734,-16.82927
2024-11-06 10:00:00,DK1,122.15,106.38568,-15.76432
2024-11-06 10:00:00,DK2,123.12,114.985214,-8.1347885
2024-11-06 11:00:00,DK1,121.85,116.45823,-5.3917694
2024-11-06 11:00:00,DK2,123.14,117.72792,-5.412079
2024-11-06 12:00:00,DK1,124.11,114.4693,-9.640701
2024-11-06 12:00:00,DK2,125.53,114.66949,-10.860512
2024-11-06 13:00:00,DK1,136.88,117.12157,-19.758438
2024-11-06 13:00:00,DK2,139.32,117.82407,-21.495934
2024-11-06 14:00:00,DK1,190.7,118.5155,-72.184494
2024-11-06 14:00:00,DK2,191.79,125.77627,-66.013725
2024-11-06 15:00:00,DK1,300.86,141.01526,-159.84473
2024-11-06 15:00:00,DK2,300.47,167.99707,-132.47293
2024-11-06 16:00:00,DK1,550.0,171.20782,-378.79218
2024-11-06 16:00:00,DK2,549.27,171.47345,-377.79657
2024-11-06 17:00:00,DK1,335.05,171.51889,-163.5311
2024-11-06 17:00:00,DK2,334.61,171.52863,-163.08136
2024-11-06 18:00:00,DK1,246.48,171.53036,-74.94963
2024-11-06 18:00:00,DK2,246.11,171.53122,-74.57878
2024-11-06 19:00:00,DK1,160.77,171.53079,10.760788
2024-11-06 19:00:00,DK2,160.54,171.51733,10.977341
2024-11-06 20:00:00,DK1,128.97,170.4679,41.497894
2024-11-06 20:00:00,DK2,128.79,134.74146,5.951462
2024-11-06 21:00:00,DK1,113.0,110.412964,-2.5870361
2024-11-06 21:00:00,DK2,112.84,113.66977,0.82977295
2024-11-06 22:00:00,DK1,95.7,111.806946,16.106949
2024-11-06 22:00:00,DK2,95.62,107.45742,11.837418
2024-11-06 23:00:00,DK1,90.02,100.030716,10.010719
2024-11-06 23:00:00,DK2,90.0,96.07045,6.07045
2024-11-07 00:00:00,DK1,88.82,94.08066,5.2606583
2024-11-07 00:00:00,DK2,88.81,92.81676,4.0067596
2024-11-07 01:00:00,DK1,87.54,86.242,-1.2980042
2024-11-07 01:00:00,DK2,87.54,85.60056,-1.9394379
2024-11-07 02:00:00,DK1,87.01,79.06502,-7.9449844
2024-11-07 02:00:00,DK2,87.01,82.58901,-4.42099
2024-11-07 03:00:00,DK1,68.19,87.394806,19.204803
2024-11-07 03:00:00,DK2,68.19,76.18018,7.990181
2024-11-07 04:00:00,DK1,91.2,76.912834,-14.287163
2024-11-07 04:00:00,DK2,91.08,85.385185,-5.6948166
2024-11-07 05:00:00,DK1,101.9,118.2153,16.3153
2024-11-07 05:00:00,DK2,101.78,118.97389,17.193893
2024-11-07 06:00:00,DK1,173.0,131.2535,-41.746506
2024-11-07 06:00:00,DK2,172.8,149.27591,-23.524094
2024-11-07 07:00:00,DK1,190.94,167.85977,-23.08023
2024-11-07 07:00:00,DK2,190.85,169.82878,-21.021225
2024-11-07 08:00:00,DK1,152.92,162.21747,9.29747
2024-11-07 08:00:00,DK2,152.85,142.00525,-10.844757
2024-11-07 09:00:00,DK1,148.9,132.07755,-16.822449
2024-11-07 09:00:00,DK2,148.8,126.12533,-22.674675
2024-11-07 10:00:00,DK1,134.81,115.579575,-19.230423
2024-11-07 10:00:00,DK2,134.74,121.85419,-12.8858185
2024-11-07 11:00:00,DK1,135.06,123.0844,-11.975601
2024-11-07 11:00:00,DK2,135.0,125.45068,-9.549316
2024-11-07 12:00:00,DK1,132.91,123.60316,-9.306847
2024-11-07 12:00:00,DK2,132.85,125.85629,-6.9937134
2024-11-07 13:00:00,DK1,139.94,127.54788,-12.39212
2024-11-07 13:00:00,DK2,139.84,126.56503,-13.274963
2024-11-07 14:00:00,DK1,178.89,133.811,-45.078995
2024-11-07 14:00:00,DK2,180.42,161.5007,-18.919296
2024-11-07 15:00:00,DK1,242.92,170.97511,-71.944885
2024-11-07 15:00:00,DK2,242.76,171.46388,-71.29611
2024-11-07 16:00:00,DK1,371.14,171.51859,-199.62143
2024-11-07 16:00:00,DK2,370.79,171.52496,-199.26505
2024-11-07 17:00:00,DK1,277.74,171.52924,-106.210754
2024-11-07 17:00:00,DK2,277.41,171.52917,-105.88083
2024-11-07 18:00:00,DK1,171.85,171.52817,-0.32183838
2024-11-07 18:00:00,DK2,171.73,171.50949,-0.22050476
2024-11-07 19:00:00,DK1,129.41,170.98978,41.579773
2024-11-07 19:00:00,DK2,129.32,142.32733,13.007324
2024-11-07 20:00:00,DK1,113.92,102.04007,-11.879929
2024-11-07 20:00:00,DK2,113.85,109.84946,-4.0005417
2024-11-07 21:00:00,DK1,111.67,112.06344,0.39344025
2024-11-07 21:00:00,DK2,111.52,113.71629,2.1962967
2024-11-07 22:00:00,DK1,99.87,111.43004,11.560036
2024-11-07 22:00:00,DK2,99.74,107.400185,7.660187
2024-11-07 23:00:00,DK1,70.05,105.66963,35.61963
2024-11-07 23:00:00,DK2,69.97,94.80079,24.830788
2024-11-08 00:00:00,DK1,65.68,78.33385,12.653847
2024-11-08 00:00:00,DK2,65.62,59.496185,-6.1238174
2024-11-08 01:00:00,DK1,58.16,56.28356,-1.8764381
2024-11-08 01:00:00,DK2,58.14,63.805565,5.6655655
2024-11-08 02:00:00,DK1,57.73,55.31024,-2.4197578
2024-11-08 02:00:00,DK2,57.71,45.465096,-12.244904
2024-11-08 03:00:00,DK1,43.59,41.589333,-2.0006676
2024-11-08 03:00:00,DK2,43.58,41.653717,-1.9262848
2024-11-08 04:00:00,DK1,69.83,60.26809,-9.561913
2024-11-08 04:00:00,DK2,69.77,59.921318,-9.848679
2024-11-08 05:00:00,DK1,101.08,106.83756,5.7575607
2024-11-08 05:00:00,DK2,100.95,108.64723,7.697235
2024-11-08 06:00:00,DK1,127.55,145.87317,18.323166
2024-11-08 06:00:00,DK2,127.4,146.12254,18.722542
2024-11-08 07:00:00,DK1,132.91,138.98705,6.0770416
2024-11-08 07:00:00,DK2,132.75,124.25954,-8.490463
2024-11-08 08:00:00,DK1,126.52,105.753876,-20.76612
2024-11-08 08:00:00,DK2,126.37,112.31975,-14.050255
2024-11-08 09:00:00,DK1,117.34,107.88468,-9.455315
2024-11-08 09:00:00,DK2,117.26,115.90779,-1.352211
2024-11-08 10:00:00,DK1,110.28,107.40495,-2.8750458
2024-11-08 10:00:00,DK2,110.14,103.6839,-6.4561005
2024-11-08 11:00:00,DK1,105.59,101.59352,-3.9964752
2024-11-08 11:00:00,DK2,105.46,100.963264,-4.4967346
2024-11-08 12:00:00,DK1,95.93,101.39871,5.468712
2024-11-08 12:00:00,DK2,100.92,97.62628,-3.2937164
2024-11-08 13:00:00,DK1,95.64,97.88438,2.2443771
2024-11-08 13:00:00,DK2,100.84,95.61772,-5.222275
2024-11-08 14:00:00,DK1,95.85,99.46648,3.616478
2024-11-08 14:00:00,DK2,95.73,98.514084,2.7840805
2024-11-08 15:00:00,DK1,129.1,103.04637,-26.053635
2024-11-08 15:00:00,DK2,128.97,107.351845,-21.618156
2024-11-08 16:00:00,DK1,128.56,128.64772,0.08772278
2024-11-08 16:00:00,DK2,128.46,128.29079,-0.16921997
2024-11-08 17:00:00,DK1,101.04,123.072235,22.032234
2024-11-08 17:00:00,DK2,100.91,99.503,-1.4070053
2024-11-08 18:00:00,DK1,77.34,71.40663,-5.933365
2024-11-08 18:00:00,DK2,77.29,70.67683,-6.6131744
2024-11-08 19:00:00,DK1,40.04,62.627533,22.587532
2024-11-08 19:00:00,DK2,39.99,47.40439,7.4143867
2024-11-08 20:00:00,DK1,38.81,45.058426,6.2484245
2024-11-08 20:00:00,DK2,38.77,35.94146,-2.8285408
2024-11-08 21:00:00,DK1,38.78,42.915367,4.1353683
2024-11-08 21:00:00,DK2,38.73,37.643753,-1.0862465
2024-11-08 22:00:00,DK1,37.75,55.474846,17.724846
2024-11-08 22:00:00,DK2,37.71,35.00512,-2.7048798
2024-11-08 23:00:00,DK1,105.1,40.03759,-65.06241
2024-11-08 23:00:00,DK2,105.09,53.35399,-51.736008
2024-11-09 00:00:00,DK1,99.96,123.22339,23.26339
2024-11-09 00:00:00,DK2,99.96,115.11327,15.153275
2024-11-09 01:00:00,DK1,98.0,108.21249,10.212486
2024-11-09 01:00:00,DK2,98.0,89.42329,-8.576714
2024-11-09 02:00:00,DK1,96.68,72.096054,-24.583946
2024-11-09 02:00:00,DK2,96.68,84.93724,-11.74276
2024-11-09 03:00:00,DK1,98.41,85.37645,-13.033554
2024-11-09 03:00:00,DK2,98.41,97.8155,-0.5945053
2024-11-09 04:00:00,DK1,100.69,99.10674,-1.5832596
2024-11-09 04:00:00,DK2,100.67,105.62902,4.9590225
2024-11-09 05:00:00,DK1,104.31,109.100555,4.790558
2024-11-09 05:00:00,DK2,104.27,109.57649,5.3064957
2024-11-09 06:00:00,DK1,109.87,114.138535,4.268532
2024-11-09 06:00:00,DK2,109.82,113.276924,3.4569244
2024-11-09 07:00:00,DK1,114.1,117.284096,3.1840973
2024-11-09 07:00:00,DK2,114.05,113.06372,-0.98628235
2024-11-09 08:00:00,DK1,114.6,112.14245,-2.45755
2024-11-09 08:00:00,DK2,114.55,116.022606,1.4726028
2024-11-09 09:00:00,DK1,109.97,105.85153,-4.118469
2024-11-09 09:00:00,DK2,109.96,110.05029,0.090293884
2024-11-09 10:00:00,DK1,106.4,104.641075,-1.7589264
2024-11-09 10:00:00,DK2,106.37,101.70788,-4.6621246
2024-11-09 11:00:00,DK1,106.88,94.31069,-12.569305
2024-11-09 11:00:00,DK2,106.85,104.252815,-2.5971832
2024-11-09 12:00:00,DK1,108.0,108.11294,0.11293793
2024-11-09 12:00:00,DK2,107.97,108.489365,0.5193634
2024-11-09 13:00:00,DK1,110.18,111.50293,1.3229294
2024-11-09 13:00:00,DK2,110.14,107.43414,-2.7058563
2024-11-09 14:00:00,DK1,121.46,110.55932,-10.900681
2024-11-09 14:00:00,DK2,121.45,114.1958,-7.254196
2024-11-09 15:00:00,DK1,137.23,123.82315,-13.406845
2024-11-09 15:00:00,DK2,137.21,124.6151,-12.59491
2024-11-09 16:00:00,DK1,146.93,149.68884,2.75885
2024-11-09 16:00:00,DK2,146.91,147.70981,0.7998047
2024-11-09 17:00:00,DK1,147.8,137.24475,-10.555252
2024-11-09 17:00:00,DK2,147.78,136.17062,-11.609375
2024-11-09 18:00:00,DK1,139.9,127.06091,-12.839081
2024-11-09 18:00:00,DK2,139.88,118.25848,-21.621529
2024-11-09 19:00:00,DK1,128.32,115.2858,-13.03421
2024-11-09 19:00:00,DK2,128.36,117.486435,-10.873566
2024-11-09 20:00:00,DK1,117.96,116.81705,-1.142952
2024-11-09 20:00:00,DK2,117.99,115.49289,-2.4971085
2024-11-09 21:00:00,DK1,114.53,117.154724,2.6247253
2024-11-09 21:00:00,DK2,114.53,112.46335,-2.0666504
2024-11-09 22:00:00,DK1,110.1,111.37393,1.2739334
2024-11-09 22:00:00,DK2,110.12,109.58327,-0.53673553
2024-11-09 23:00:00,DK1,104.99,103.29429,-1.6957092
2024-11-09 23:00:00,DK2,104.95,101.0558,-3.8941956
2024-11-10 00:00:00,DK1,102.28,100.45566,-1.8243408
2024-11-10 00:00:00,DK2,102.26,98.05165,-4.208351
2024-11-10 01:00:00,DK1,102.01,93.65686,-8.353142
2024-11-10 01:00:00,DK2,101.99,96.57351,-5.4164886
2024-11-10 02:00:00,DK1,100.86,93.946396,-6.9136047
2024-11-10 02:00:00,DK2,100.84,96.1645,-4.675499
2024-11-10 03:00:00,DK1,100.88,96.24124,-4.638756
2024-11-10 03:00:00,DK2,100.87,100.66626,-0.20374298
2024-11-10 04:00:00,DK1,101.98,102.04628,0.06627655
2024-11-10 04:00:00,DK2,101.93,104.58725,2.6572495
2024-11-10 05:00:00,DK1,100.32,109.66171,9.341713
2024-11-10 05:00:00,DK2,100.26,106.59268,6.3326797
2024-11-10 06:00:00,DK1,102.45,109.51544,7.065445
2024-11-10 06:00:00,DK2,102.4,107.96604,5.56604
2024-11-10 07:00:00,DK1,105.38,107.00159,1.6215897
2024-11-10 07:00:00,DK2,105.33,106.665436,1.335434
2024-11-10 08:00:00,DK1,110.99,104.75151,-6.2384872
2024-11-10 08:00:00,DK2,110.94,108.057816,-2.882187
2024-11-10 09:00:00,DK1,112.62,106.6037,-6.016304
2024-11-10 09:00:00,DK2,112.58,107.64646,-4.9335403
2024-11-10 10:00:00,DK1,110.13,106.502045,-3.6279526
2024-11-10 10:00:00,DK2,110.11,107.817726,-2.2922745
2024-11-10 11:00:00,DK1,110.92,106.70749,-4.212509
2024-11-10 11:00:00,DK2,110.89,106.10224,-4.787758
2024-11-10 12:00:00,DK1,108.6,108.29431,-0.30568695
2024-11-10 12:00:00,DK2,108.58,106.96091,-1.6190948
2024-11-10 13:00:00,DK1,112.36,111.575264,-0.78473663
2024-11-10 13:00:00,DK2,112.33,109.05286,-3.2771454
2024-11-10 14:00:00,DK1,126.22,117.81437,-8.405632
2024-11-10 14:00:00,DK2,126.2,117.33679,-8.863205
2024-11-10 15:00:00,DK1,134.02,132.47202,-1.5479889
2024-11-10 15:00:00,DK2,134.0,128.09454,-5.9054565
2024-11-10 16:00:00,DK1,148.72,142.13097,-6.589035
2024-11-10 16:00:00,DK2,148.71,142.91934,-5.7906647
2024-11-10 17:00:00,DK1,146.01,142.397,-3.6129913
2024-11-10 17:00:00,DK2,145.99,139.12527,-6.864731
2024-11-10 18:00:00,DK1,138.61,132.10107,-6.5089264
2024-11-10 18:00:00,DK2,138.59,129.87852,-8.711472
2024-11-10 19:00:00,DK1,125.31,125.29764,-0.012359619
2024-11-10 19:00:00,DK2,125.28,120.13145,-5.148552
2024-11-10 20:00:00,DK1,115.28,118.99597,3.715973
2024-11-10 20:00:00,DK2,115.25,114.335625,-0.9143753
2024-11-10 21:00:00,DK1,111.1,112.38215,1.2821503
2024-11-10 21:00:00,DK2,111.03,109.051636,-1.978363
2024-11-10 22:00:00,DK1,108.02,106.52377,-1.4962234
2024-11-10 22:00:00,DK2,107.92,105.516266,-2.4037323
2024-11-10 23:00:00,DK1,109.65,102.593124,-7.056877
2024-11-10 23:00:00,DK2,109.54,105.1759,-4.3640976
2024-11-11 00:00:00,DK1,103.68,101.82867,-1.8513336
2024-11-11 00:00:00,DK2,103.59,103.90501,0.31501007
2024-11-11 01:00:00,DK1,100.0,96.60716,-3.3928375
2024-11-11 01:00:00,DK2,99.91,95.699394,-4.2106094
2024-11-11 02:00:00,DK1,97.86,90.87415,-6.9858475
2024-11-11 02:00:00,DK2,97.77,97.1898,-0.5802002
2024-11-11 03:00:00,DK1,97.5,102.05386,4.5538635
2024-11-11 03:00:00,DK2,97.41,103.91385,6.503845
2024-11-11 04:00:00,DK1,103.89,108.281364,4.391365
2024-11-11 04:00:00,DK2,103.83,105.17603,1.3460312
2024-11-11 05:00:00,DK1,115.69,124.0728,8.382797
2024-11-11 05:00:00,DK2,115.67,119.75005,4.080055
2024-11-11 06:00:00,DK1,128.35,137.28969,8.939682
2024-11-11 06:00:00,DK2,128.35,128.24997,-0.10003662
2024-11-11 07:00:00,DK1,135.06,135.68544,0.6254425
2024-11-11 07:00:00,DK2,135.06,136.08868,1.0286865
2024-11-11 08:00:00,DK1,132.94,132.34802,-0.59198
2024-11-11 08:00:00,DK2,132.91,129.40916,-3.5008392
2024-11-11 09:00:00,DK1,128.5,126.394165,-2.105835
2024-11-11 09:00:00,DK2,128.49,121.821106,-6.6688995
2024-11-11 10:00:00,DK1,124.21,117.19988,-7.0101166
2024-11-11 10:00:00,DK2,124.2,118.776535,-5.423462
2024-11-11 11:00:00,DK1,119.84,114.14186,-5.6981354
2024-11-11 11:00:00,DK2,119.83,113.48485,-6.345154
2024-11-11 12:00:00,DK1,129.02,114.82362,-14.196381
2024-11-11 12:00:00,DK2,128.98,116.5323,-12.447693
2024-11-11 13:00:00,DK1,130.44,126.86626,-3.5737457
2024-11-11 13:00:00,DK2,130.42,123.45547,-6.964531
2024-11-11 14:00:00,DK1,139.05,136.98785,-2.062149
2024-11-11 14:00:00,DK2,139.03,132.77487,-6.255127
2024-11-11 15:00:00,DK1,140.94,153.86407,12.924072
2024-11-11 15:00:00,DK2,140.94,145.5874,4.6474
2024-11-11 16:00:00,DK1,153.18,160.61249,7.432495
2024-11-11 16:00:00,DK2,154.63,152.77255,-1.8574524
2024-11-11 17:00:00,DK1,147.09,153.31538,6.2253876
2024-11-11 17:00:00,DK2,147.08,136.78394,-10.296066
2024-11-11 18:00:00,DK1,133.7,122.167496,-11.532501
2024-11-11 18:00:00,DK2,133.68,116.895195,-16.784798
2024-11-11 19:00:00,DK1,121.94,113.2117,-8.728302
2024-11-11 19:00:00,DK2,121.96,114.35297,-7.607033
2024-11-11 20:00:00,DK1,112.88,114.121025,1.2410278
2024-11-11 20:00:00,DK2,112.89,110.46199,-2.428009
2024-11-11 21:00:00,DK1,111.56,113.06239,1.5023956
2024-11-11 21:00:00,DK2,111.55,108.2765,-3.2735062
2024-11-11 22:00:00,DK1,105.4,112.16656,6.766556
2024-11-11 22:00:00,DK2,105.38,102.7968,-2.5831985
2024-11-11 23:00:00,DK1,110.31,102.63519,-7.6748047
2024-11-11 23:00:00,DK2,110.28,103.14151,-7.138489
2024-11-12 00:00:00,DK1,104.64,102.74951,-1.8904877
2024-11-12 00:00:00,DK2,104.62,101.73837,-2.88163
2024-11-12 01:00:00,DK1,102.69,97.81324,-4.8767624
2024-11-12 01:00:00,DK2,102.65,96.810425,-5.8395767
2024-11-12 02:00:00,DK1,103.99,93.60758,-10.382416
2024-11-12 02:00:00,DK2,103.97,95.58526,-8.384743
2024-11-12 03:00:00,DK1,107.5,104.26907,-3.2309265
2024-11-12 03:00:00,DK2,107.47,107.15391,-0.31609344
2024-11-12 04:00:00,DK1,118.01,127.05355,9.043549
2024-11-12 04:00:00,DK2,117.99,120.79247,2.802475
2024-11-12 05:00:00,DK1,147.67,125.91364,-21.756355
2024-11-12 05:00:00,DK2,147.67,135.35846,-12.311539
2024-11-12 06:00:00,DK1,185.52,158.57904,-26.940964
2024-11-12 06:00:00,DK2,185.57,169.38269,-16.187317
2024-11-12 07:00:00,DK1,201.64,171.2828,-30.357193
2024-11-12 07:00:00,DK2,204.1,171.35585,-32.744156
2024-11-12 08:00:00,DK1,220.87,170.99048,-49.879517
2024-11-12 08:00:00,DK2,220.91,170.96933,-49.940674
2024-11-12 09:00:00,DK1,190.24,170.59505,-19.644958
2024-11-12 09:00:00,DK2,190.27,169.00296,-21.267044
2024-11-12 10:00:00,DK1,171.08,153.57465,-17.505356
2024-11-12 10:00:00,DK2,171.11,158.89954,-12.2104645
2024-11-12 11:00:00,DK1,161.59,144.58713,-17.002869
2024-11-12 11:00:00,DK2,161.62,150.67978,-10.940216
2024-11-12 12:00:00,DK1,156.47,146.13443,-10.335571
2024-11-12 12:00:00,DK2,156.47,150.24434,-6.225662
2024-11-12 13:00:00,DK1,174.37,145.13274,-29.237259
2024-11-12 13:00:00,DK2,174.38,155.84607,-18.533936
2024-11-12 14:00:00,DK1,218.78,163.02493,-55.755066
2024-11-12 14:00:00,DK2,218.76,169.63467,-49.12532
2024-11-12 15:00:00,DK1,272.73,171.4489,-101.28111
2024-11-12 15:00:00,DK2,272.7,171.51044,-101.189575
2024-11-12 16:00:00,DK1,317.89,171.5264,-146.36362
2024-11-12 16:00:00,DK2,317.84,171.53003,-146.30997
2024-11-12 17:00:00,DK1,225.33,171.52997,-53.800034
2024-11-12 17:00:00,DK2,225.36,171.52512,-53.834885
2024-11-12 18:00:00,DK1,171.35,171.52562,0.1756134
2024-11-12 18:00:00,DK2,171.37,171.4064,0.03640747
2024-11-12 19:00:00,DK1,149.12,170.12067,21.000671
2024-11-12 19:00:00,DK2,149.13,145.94884,-3.1811676
2024-11-12 20:00:00,DK1,131.9,122.0911,-9.808891
2024-11-12 20:00:00,DK2,131.89,124.18714,-7.702858
2024-11-12 21:00:00,DK1,125.21,118.668076,-6.5419235
2024-11-12 21:00:00,DK2,125.19,116.41904,-8.770966
2024-11-12 22:00:00,DK1,115.59,110.56241,-5.027588
2024-11-12 22:00:00,DK2,115.55,114.05511,-1.4948959
2024-11-12 23:00:00,DK1,117.15,113.474976,-3.675026
2024-11-12 23:00:00,DK2,117.01,111.23113,-5.7788696
2024-11-13 00:00:00,DK1,111.71,112.495155,0.78515625
2024-11-13 00:00:00,DK2,111.58,107.31819,-4.2618103
2024-11-13 01:00:00,DK1,107.85,100.535645,-7.314354
2024-11-13 01:00:00,DK2,107.72,103.22098,-4.4990234
2024-11-13 02:00:00,DK1,107.45,102.02785,-5.4221497
2024-11-13 02:00:00,DK2,107.32,101.612366,-5.707634
2024-11-13 03:00:00,DK1,107.87,99.15641,-8.713593
2024-11-13 03:00:00,DK2,107.76,106.89427,-0.8657303
2024-11-13 04:00:00,DK1,114.3,113.743454,-0.5565491
2024-11-13 04:00:00,DK2,114.18,115.19004,1.0100403
2024-11-13 05:00:00,DK1,130.31,134.9057,4.595703
2024-11-13 05:00:00,DK2,130.14,140.04271,9.90271
2024-11-13 06:00:00,DK1,164.78,157.95117,-6.828827
2024-11-13 06:00:00,DK2,164.59,165.70763,1.11763
2024-11-13 07:00:00,DK1,225.45,170.56143,-54.888565
2024-11-13 07:00:00,DK2,225.17,171.18394,-53.986053
2024-11-13 08:00:00,DK1,213.91,171.26538,-42.644623
2024-11-13 08:00:00,DK2,217.19,171.34152,-45.84848
2024-11-13 09:00:00,DK1,189.78,170.36098,-19.419022
2024-11-13 09:00:00,DK2,200.57,170.85004,-29.71997
2024-11-13 10:00:00,DK1,169.79,145.46811,-24.321884
2024-11-13 10:00:00,DK2,177.5,146.94305,-30.556946
2024-11-13 11:00:00,DK1,156.18,136.3413,-19.8387
2024-11-13 11:00:00,DK2,160.8,147.6654,-13.134598
2024-11-13 12:00:00,DK1,154.19,135.96497,-18.225037
2024-11-13 12:00:00,DK2,161.89,143.40335,-18.486649
2024-11-13 13:00:00,DK1,153.42,145.24402,-8.17598
2024-11-13 13:00:00,DK2,153.24,153.99643,0.75642395
2024-11-13 14:00:00,DK1,162.07,155.43538,-6.6346283
2024-11-13 14:00:00,DK2,161.87,160.9598,-0.910202
2024-11-13 15:00:00,DK1,169.59,168.32422,-1.2657776
2024-11-13 15:00:00,DK2,178.05,166.19244,-11.857559
2024-11-13 16:00:00,DK1,177.52,169.5774,-7.9426117
2024-11-13 16:00:00,DK2,177.51,169.8444,-7.6655884
2024-11-13 17:00:00,DK1,173.9,168.17075,-5.729248
2024-11-13 17:00:00,DK2,173.95,152.286,-21.664001
2024-11-13 18:00:00,DK1,149.25,138.0705,-11.179504
2024-11-13 18:00:00,DK2,149.27,129.51094,-19.759064
2024-11-13 19:00:00,DK1,92.94,119.65833,26.71833
2024-11-13 19:00:00,DK2,92.93,111.49719,18.567192
2024-11-13 20:00:00,DK1,73.64,97.36978,23.729782
2024-11-13 20:00:00,DK2,73.62,91.89068,18.270676
2024-11-13 21:00:00,DK1,50.37,68.814545,18.444546
2024-11-13 21:00:00,DK2,50.34,50.79309,0.45309067
2024-11-13 22:00:00,DK1,40.06,26.493124,-13.566877
2024-11-13 22:00:00,DK2,40.03,30.34845,-9.681549
2024-11-13 23:00:00,DK1,51.49,23.32887,-28.16113
2024-11-13 23:00:00,DK2,51.49,33.07875,-18.411251
2024-11-14 00:00:00,DK1,48.39,23.37021,-25.019789
2024-11-14 00:00:00,DK2,48.39,28.415123,-19.974876
2024-11-14 01:00:00,DK1,48.92,17.057667,-31.862331
2024-11-14 01:00:00,DK2,48.92,20.630095,-28.289904
2024-11-14 02:00:00,DK1,49.45,25.987728,-23.462273
2024-11-14 02:00:00,DK2,49.45,31.823862,-17.626139
2024-11-14 03:00:00,DK1,42.72,39.60717,-3.112831
2024-11-14 03:00:00,DK2,42.72,40.243095,-2.4769058
2024-11-14 04:00:00,DK1,50.84,44.997856,-5.842144
2024-11-14 04:00:00,DK2,50.84,67.04993,16.209927
2024-11-14 05:00:00,DK1,82.15,59.407135,-22.742867
2024-11-14 05:00:00,DK2,82.15,81.06241,-1.0875931
2024-11-14 06:00:00,DK1,100.95,110.53853,9.5885315
2024-11-14 06:00:00,DK2,100.96,105.69162,4.731621
2024-11-14 07:00:00,DK1,116.59,116.62807,0.03807068
2024-11-14 07:00:00,DK2,116.6,117.09891,0.498909
2024-11-14 08:00:00,DK1,112.2,114.98587,2.7858734
2024-11-14 08:00:00,DK2,112.2,117.53607,5.336075
2024-11-14 09:00:00,DK1,108.53,107.01808,-1.5119171
2024-11-14 09:00:00,DK2,108.54,99.67656,-8.863441
2024-11-14 10:00:00,DK1,111.61,93.171265,-18.438736
2024-11-14 10:00:00,DK2,111.61,107.69734,-3.9126587
2024-11-14 11:00:00,DK1,114.02,106.06947,-7.9505234
2024-11-14 11:00:00,DK2,114.02,108.00897,-6.0110245
2024-11-14 12:00:00,DK1,127.4,109.93514,-17.464859
2024-11-14 12:00:00,DK2,127.4,115.88196,-11.5180435
2024-11-14 13:00:00,DK1,134.01,121.449936,-12.560059
2024-11-14 13:00:00,DK2,134.02,127.92398,-6.0960236
2024-11-14 14:00:00,DK1,142.18,134.2832,-7.8967896
2024-11-14 14:00:00,DK2,142.18,136.47763,-5.702362
2024-11-14 15:00:00,DK1,147.41,154.20659,6.796585
2024-11-14 15:00:00,DK2,147.42,157.55028,10.13028
2024-11-14 16:00:00,DK1,155.91,169.037,13.126999
2024-11-14 16:00:00,DK2,155.91,167.73344,11.823441
2024-11-14 17:00:00,DK1,154.09,169.61269,15.52269
2024-11-14 17:00:00,DK2,154.1,153.54266,-0.5573425
2024-11-14 18:00:00,DK1,148.29,127.07033,-21.219666
2024-11-14 18:00:00,DK2,148.3,124.63418,-23.665825
2024-11-14 19:00:00,DK1,138.58,118.99513,-19.58487
2024-11-14 19:00:00,DK2,138.59,119.68207,-18.907928
2024-11-14 20:00:00,DK1,129.44,119.64055,-9.799454
2024-11-14 20:00:00,DK2,129.44,123.276855,-6.163147
2024-11-14 21:00:00,DK1,122.89,122.62283,-0.26716614
2024-11-14 21:00:00,DK2,122.89,115.11316,-7.77684
2024-11-14 22:00:00,DK1,112.48,119.61372,7.1337204
2024-11-14 22:00:00,DK2,112.47,110.677574,-1.7924271
2024-11-14 23:00:00,DK1,103.81,112.61529,8.80529
2024-11-14 23:00:00,DK2,103.78,106.00561,2.2256088
2024-11-15 00:00:00,DK1,102.19,110.2128,8.022797
2024-11-15 00:00:00,DK2,102.16,104.781166,2.6211624
2024-11-15 01:00:00,DK1,100.18,95.610054,-4.5699463
2024-11-15 01:00:00,DK2,100.16,93.02862,-7.131386
2024-11-15 02:00:00,DK1,99.96,90.67946,-9.28054
2024-11-15 02:00:00,DK2,99.94,98.01492,-1.9250793
2024-11-15 03:00:00,DK1,89.39,96.43912,7.049118
2024-11-15 03:00:00,DK2,89.37,88.71846,-0.65154266
2024-11-15 04:00:00,DK1,89.38,89.79741,0.4174118
2024-11-15 04:00:00,DK2,89.35,90.69023,1.3402328
2024-11-15 05:00:00,DK1,94.28,96.66647,2.3864746
2024-11-15 05:00:00,DK2,94.25,95.2316,0.9815979
2024-11-15 06:00:00,DK1,127.77,103.125336,-24.64466
2024-11-15 06:00:00,DK2,127.74,108.79339,-18.94661
2024-11-15 07:00:00,DK1,147.02,121.78001,-25.239998
2024-11-15 07:00:00,DK2,147.02,136.1532,-10.866806
2024-11-15 08:00:00,DK1,137.49,146.7254,9.235397
2024-11-15 08:00:00,DK2,137.49,141.62878,4.1387787
2024-11-15 09:00:00,DK1,133.75,129.8421,-3.907898
2024-11-15 09:00:00,DK2,133.74,124.54523,-9.194778
2024-11-15 10:00:00,DK1,107.16,117.76138,10.601379
2024-11-15 10:00:00,DK2,107.14,113.99675,6.8567505
2024-11-15 11:00:00,DK1,102.17,104.59135,2.4213486
2024-11-15 11:00:00,DK2,102.14,100.941666,-1.1983337
2024-11-15 12:00:00,DK1,96.32,101.23696,4.9169617
2024-11-15 12:00:00,DK2,96.29,96.505005,0.21500397
2024-11-15 13:00:00,DK1,95.09,97.65007,2.5600739
2024-11-15 13:00:00,DK2,95.06,97.31805,2.258049
2024-11-15 14:00:00,DK1,95.1,108.95502,13.855019
2024-11-15 14:00:00,DK2,95.07,109.45122,14.381218
2024-11-15 15:00:00,DK1,95.17,114.536125,19.366127
2024-11-15 15:00:00,DK2,95.14,108.59732,13.457321
2024-11-15 16:00:00,DK1,99.6,101.64867,2.048668
2024-11-15 16:00:00,DK2,99.57,108.88048,9.310478
2024-11-15 17:00:00,DK1,76.82,96.11389,19.293892
2024-11-15 17:00:00,DK2,76.8,90.66379,13.863785
2024-11-15 18:00:00,DK1,40.01,62.360962,22.350964
2024-11-15 18:00:00,DK2,39.98,39.34456,-0.6354408
2024-11-15 19:00:00,DK1,39.35,24.091791,-15.258207
2024-11-15 19:00:00,DK2,39.35,25.584288,-13.765711
2024-11-15 20:00:00,DK1,35.89,23.859755,-12.030245
2024-11-15 20:00:00,DK2,32.1,20.640882,-11.459116
2024-11-15 21:00:00,DK1,34.78,17.757845,-17.022154
2024-11-15 21:00:00,DK2,16.24,18.748709,2.508709
2024-11-15 22:00:00,DK1,32.14,13.295992,-18.844007
2024-11-15 22:00:00,DK2,12.22,7.0211782,-5.198822
2024-11-15 23:00:00,DK1,19.01,6.279186,-12.730814
2024-11-15 23:00:00,DK2,11.43,2.8196278,-8.610373
2024-11-16 00:00:00,DK1,5.43,3.5292144,-1.9007854
2024-11-16 00:00:00,DK2,10.33,3.1835606,-7.1464396
2024-11-16 01:00:00,DK1,4.81,-0.19265938,-5.0026593
2024-11-16 01:00:00,DK2,3.53,1.4977751,-2.032225
2024-11-16 02:00:00,DK1,4.74,-1.0728786,-5.8128786
2024-11-16 02:00:00,DK2,3.3,0.7341926,-2.5658073
2024-11-16 03:00:00,DK1,4.84,-1.2230823,-6.0630827
2024-11-16 03:00:00,DK2,3.28,-0.16847706,-3.448477
2024-11-16 04:00:00,DK1,4.83,-0.90767145,-5.7376714
2024-11-16 04:00:00,DK2,3.28,0.09958482,-3.1804152
2024-11-16 05:00:00,DK1,5.1,-0.46476507,-5.564765
2024-11-16 05:00:00,DK2,3.29,0.86360335,-2.4263966
2024-11-16 06:00:00,DK1,16.75,0.7760954,-15.973905
2024-11-16 06:00:00,DK2,3.3,2.4826083,-0.81739163
2024-11-16 07:00:00,DK1,22.23,4.5415425,-17.688457
2024-11-16 07:00:00,DK2,11.42,2.1200693,-9.299931
2024-11-16 08:00:00,DK1,28.98,6.327128,-22.652872
2024-11-16 08:00:00,DK2,11.5,2.9427936,-8.557206
2024-11-16 09:00:00,DK1,35.0,4.813296,-30.186705
2024-11-16 09:00:00,DK2,22.42,3.022821,-19.397179
2024-11-16 10:00:00,DK1,24.0,7.09344,-16.906559
2024-11-16 10:00:00,DK2,27.13,3.0483272,-24.081673
2024-11-16 11:00:00,DK1,21.87,5.789281,-16.080719
2024-11-16 11:00:00,DK2,27.93,3.9427094,-23.987291
2024-11-16 12:00:00,DK1,20.0,5.442916,-14.557084
2024-11-16 12:00:00,DK2,26.7,4.6815124,-22.018488
2024-11-16 13:00:00,DK1,24.07,9.227476,-14.842524
2024-11-16 13:00:00,DK2,29.54,6.8675838,-22.672417
2024-11-16 14:00:00,DK1,34.68,10.26927,-24.41073
2024-11-16 14:00:00,DK2,36.97,14.341528,-22.628473
2024-11-16 15:00:00,DK1,38.96,24.058756,-14.901243
2024-11-16 15:00:00,DK2,38.94,21.489908,-17.45009
2024-11-16 16:00:00,DK1,47.03,29.403704,-17.626295
2024-11-16 16:00:00,DK2,47.01,25.201101,-21.808897
2024-11-16 17:00:00,DK1,45.13,39.03572,-6.0942802
2024-11-16 17:00:00,DK2,45.11,32.47872,-12.631279
2024-11-16 18:00:00,DK1,39.82,38.765167,-1.0548325
2024-11-16 18:00:00,DK2,39.81,33.683044,-6.126957
2024-11-16 19:00:00,DK1,35.01,33.21705,-1.7929497
2024-11-16 19:00:00,DK2,37.13,30.983934,-6.1460667
2024-11-16 20:00:00,DK1,38.31,27.993484,-10.316517
2024-11-16 20:00:00,DK2,38.96,35.97554,-2.984459
2024-11-16 21:00:00,DK1,29.57,27.085226,-2.4847736
2024-11-16 21:00:00,DK2,32.98,24.645247,-8.334753
2024-11-16 22:00:00,DK1,19.86,17.101246,-2.7587547
2024-11-16 22:00:00,DK2,26.5,19.84046,-6.65954
2024-11-16 23:00:00,DK1,16.49,13.705185,-2.7848148
2024-11-16 23:00:00,DK2,16.49,33.98218,17.492182
2024-11-17 00:00:00,DK1,17.36,28.088778,10.728777
2024-11-17 00:00:00,DK2,22.15,15.259184,-6.8908157
2024-11-17 01:00:00,DK1,30.0,18.496483,-11.503517
2024-11-17 01:00:00,DK2,30.32,12.890909,-17.42909
2024-11-17 02:00:00,DK1,27.3,22.250488,-5.049511
2024-11-17 02:00:00,DK2,28.67,14.813227,-13.856773
2024-11-17 03:00:00,DK1,21.72,20.881073,-0.8389263
2024-11-17 03:00:00,DK2,24.79,19.03229,-5.7577114
2024-11-17 04:00:00,DK1,24.99,18.926477,-6.0635223
2024-11-17 04:00:00,DK2,20.1,20.658035,0.5580349
2024-11-17 05:00:00,DK1,30.31,19.964018,-10.345982
2024-11-17 05:00:00,DK2,27.18,21.478529,-5.7014713
2024-11-17 06:00:00,DK1,30.92,23.849531,-7.070469
2024-11-17 06:00:00,DK2,31.05,23.42594,-7.6240597
2024-11-17 07:00:00,DK1,26.88,27.557203,0.67720413
2024-11-17 07:00:00,DK2,29.44,23.192217,-6.2477837
2024-11-17 08:00:00,DK1,27.54,24.325489,-3.2145119
2024-11-17 08:00:00,DK2,30.05,21.97771,-8.0722885
2024-11-17 09:00:00,DK1,19.49,29.633038,10.143038
2024-11-17 09:00:00,DK2,24.17,16.85041,-7.3195896
2024-11-17 10:00:00,DK1,14.85,24.612127,9.762127
2024-11-17 10:00:00,DK2,20.0,15.867483,-4.132517
2024-11-17 11:00:00,DK1,15.08,19.027899,3.9478989
2024-11-17 11:00:00,DK2,19.73,10.5970125,-9.132987
2024-11-17 12:00:00,DK1,14.93,12.482638,-2.447362
2024-11-17 12:00:00,DK2,14.92,7.9748325,-6.9451675
2024-11-17 13:00:00,DK1,31.58,17.38534,-14.19466
2024-11-17 13:00:00,DK2,37.61,10.636531,-26.973469
2024-11-17 14:00:00,DK1,32.31,37.418335,5.1083336
2024-11-17 14:00:00,DK2,33.59,25.63168,-7.9583206
2024-11-17 15:00:00,DK1,37.96,50.077034,12.117035
2024-11-17 15:00:00,DK2,38.27,34.273483,-3.9965172
2024-11-17 16:00:00,DK1,39.34,58.338608,18.998608
2024-11-17 16:00:00,DK2,39.34,39.57097,0.23096848
2024-11-17 17:00:00,DK1,38.63,49.36606,10.736057
2024-11-17 17:00:00,DK2,38.74,33.23161,-5.5083923
2024-11-17 18:00:00,DK1,37.53,47.267952,9.737953
2024-11-17 18:00:00,DK2,37.87,30.709791,-7.1602077
2024-11-17 19:00:00,DK1,35.97,50.302887,14.332886
2024-11-17 19:00:00,DK2,36.44,31.095488,-5.344511
2024-11-17 20:00:00,DK1,34.81,49.24765,14.437649
2024-11-17 20:00:00,DK2,35.25,28.77198,-6.4780197
2024-11-17 21:00:00,DK1,33.02,43.726387,10.706387
2024-11-17 21:00:00,DK2,31.42,25.991228,-5.428772
2024-11-17 22:00:00,DK1,28.68,39.679314,10.999313
2024-11-17 22:00:00,DK2,23.85,22.167303,-1.6826973
2024-11-17 23:00:00,DK1,54.55,31.772675,-22.777325
2024-11-17 23:00:00,DK2,13.08,22.585997,9.505997
2024-11-18 00:00:00,DK1,53.77,30.811909,-22.958092
2024-11-18 00:00:00,DK2,13.1,11.122805,-1.9771957
2024-11-18 01:00:00,DK1,42.6,26.788792,-15.811207
2024-11-18 01:00:00,DK2,13.73,5.740403,-7.9895964
2024-11-18 02:00:00,DK1,42.29,23.088972,-19.201029
2024-11-18 02:00:00,DK2,14.15,5.928482,-8.221518
2024-11-18 03:00:00,DK1,42.79,41.624275,-1.1657257
2024-11-18 03:00:00,DK2,25.49,9.809082,-15.680918
2024-11-18 04:00:00,DK1,35.97,65.06831,29.098312
2024-11-18 04:00:00,DK2,29.93,23.861767,-6.0682335
2024-11-18 05:00:00,DK1,59.21,58.387955,-0.8220444
2024-11-18 05:00:00,DK2,62.15,48.002396,-14.147606
2024-11-18 06:00:00,DK1,94.18,85.80262,-8.37738
2024-11-18 06:00:00,DK2,100.16,70.81639,-29.343613
2024-11-18 07:00:00,DK1,115.89,89.698616,-26.191383
2024-11-18 07:00:00,DK2,118.04,97.978035,-20.061966
2024-11-18 08:00:00,DK1,101.02,102.19922,1.1792221
2024-11-18 08:00:00,DK2,102.51,99.9957,-2.514305
2024-11-18 09:00:00,DK1,84.51,97.294785,12.784782
2024-11-18 09:00:00,DK2,85.93,89.89557,3.9655685
2024-11-18 10:00:00,DK1,79.89,84.44572,4.5557175
2024-11-18 10:00:00,DK2,81.38,79.70749,-1.6725082
2024-11-18 11:00:00,DK1,74.89,82.271255,7.381256
2024-11-18 11:00:00,DK2,76.98,74.03902,-2.9409866
2024-11-18 12:00:00,DK1,67.94,81.452576,13.512573
2024-11-18 12:00:00,DK2,69.78,75.41664,5.6366425
2024-11-18 13:00:00,DK1,79.34,83.27681,3.9368134
2024-11-18 13:00:00,DK2,82.55,81.12692,-1.4230804
2024-11-18 14:00:00,DK1,105.2,98.35939,-6.8406067
2024-11-18 14:00:00,DK2,113.46,101.89297,-11.567032
2024-11-18 15:00:00,DK1,121.57,118.70848,-2.8615189
2024-11-18 15:00:00,DK2,131.48,123.761856,-7.7181396
2024-11-18 16:00:00,DK1,147.03,139.7064,-7.323593
2024-11-18 16:00:00,DK2,158.69,150.96216,-7.727844
2024-11-18 17:00:00,DK1,161.82,156.4555,-5.364502
2024-11-18 17:00:00,DK2,161.83,154.51434,-7.3156586
2024-11-18 18:00:00,DK1,151.75,140.49164,-11.258362
2024-11-18 18:00:00,DK2,151.77,136.69205,-15.077957
2024-11-18 19:00:00,DK1,127.58,134.10934,6.5293427
2024-11-18 19:00:00,DK2,127.58,123.99639,-3.5836105
2024-11-18 20:00:00,DK1,117.62,115.46204,-2.157959
2024-11-18 20:00:00,DK2,117.62,112.81737,-4.802635
2024-11-18 21:00:00,DK1,116.99,113.03854,-3.9514542
2024-11-18 21:00:00,DK2,116.99,110.42907,-6.5609283
2024-11-18 22:00:00,DK1,108.41,116.435936,8.025932
2024-11-18 22:00:00,DK2,108.4,110.38165,1.9816513
2024-11-18 23:00:00,DK1,107.06,110.44617,3.3861694
2024-11-18 23:00:00,DK2,107.06,107.49216,0.43215942
2024-11-19 00:00:00,DK1,101.4,108.02562,6.625618
2024-11-19 00:00:00,DK2,101.4,105.77263,4.3726273
2024-11-19 01:00:00,DK1,95.58,105.585266,10.005264
2024-11-19 01:00:00,DK2,95.58,104.85658,9.276581
2024-11-19 02:00:00,DK1,91.73,101.3734,9.643394
2024-11-19 02:00:00,DK2,91.73,92.25374,0.52373505
2024-11-19 03:00:00,DK1,95.28,98.6077,3.3276978
2024-11-19 03:00:00,DK2,95.29,93.751144,-1.5388565
2024-11-19 04:00:00,DK1,97.59,100.63776,3.04776
2024-11-19 04:00:00,DK2,95.85,96.10187,0.2518692
2024-11-19 05:00:00,DK1,116.27,103.03502,-13.234978
2024-11-19 05:00:00,DK2,118.04,97.20496,-20.835037
2024-11-19 06:00:00,DK1,132.1,100.4692,-31.630806
2024-11-19 06:00:00,DK2,135.13,104.82425,-30.305756
2024-11-19 07:00:00,DK1,155.25,130.74957,-24.500427
2024-11-19 07:00:00,DK2,156.39,155.42752,-0.96247864
2024-11-19 08:00:00,DK1,157.8,166.9593,9.159302
2024-11-19 08:00:00,DK2,159.19,164.99423,5.8042297
2024-11-19 09:00:00,DK1,156.26,151.63437,-4.6256256
2024-11-19 09:00:00,DK2,156.27,145.12741,-11.142593
2024-11-19 10:00:00,DK1,152.81,127.33807,-25.471924
2024-11-19 10:00:00,DK2,152.82,130.70412,-22.11589
2024-11-19 11:00:00,DK1,148.26,129.69926,-18.56073
2024-11-19 11:00:00,DK2,148.69,134.54071,-14.149292
2024-11-19 12:00:00,DK1,144.26,131.32176,-12.938232
2024-11-19 12:00:00,DK2,144.98,132.3197,-12.660294
2024-11-19 13:00:00,DK1,140.22,131.2554,-8.9646
2024-11-19 13:00:00,DK2,140.79,136.76483,-4.0251617
2024-11-19 14:00:00,DK1,129.08,142.11545,13.035446
2024-11-19 14:00:00,DK2,130.83,148.83319,18.00319
2024-11-19 15:00:00,DK1,132.89,149.3351,16.445099
2024-11-19 15:00:00,DK2,132.91,145.25018,12.340179
2024-11-19 16:00:00,DK1,140.19,137.37427,-2.8157349
2024-11-19 16:00:00,DK2,141.8,143.64365,1.8436432
2024-11-19 17:00:00,DK1,134.65,148.23216,13.582169
2024-11-19 17:00:00,DK2,133.05,141.3462,8.296204
2024-11-19 18:00:00,DK1,125.93,106.95874,-18.97126
2024-11-19 18:00:00,DK2,125.94,102.1304,-23.8096
2024-11-19 19:00:00,DK1,117.1,117.92905,0.82904816
2024-11-19 19:00:00,DK2,117.1,125.286804,8.186806
2024-11-19 20:00:00,DK1,109.37,110.996284,1.6262817
2024-11-19 20:00:00,DK2,109.37,100.43678,-8.93322
2024-11-19 21:00:00,DK1,105.25,100.482544,-4.767456
2024-11-19 21:00:00,DK2,105.24,109.56593,4.3259354
2024-11-19 22:00:00,DK1,89.84,113.54632,23.706322
2024-11-19 22:00:00,DK2,89.83,101.4227,11.592697
2024-11-19 23:00:00,DK1,100.14,77.35147,-22.788528
2024-11-19 23:00:00,DK2,100.14,83.31999,-16.820007
2024-11-20 00:00:00,DK1,92.0,107.64151,15.64151
2024-11-20 00:00:00,DK2,91.99,106.043,14.053001
2024-11-20 01:00:00,DK1,86.6,93.82538,7.22538
2024-11-20 01:00:00,DK2,86.59,76.81261,-9.77739
2024-11-20 02:00:00,DK1,81.52,86.37058,4.850586
2024-11-20 02:00:00,DK2,81.51,94.66485,13.154846
2024-11-20 03:00:00,DK1,81.96,105.408264,23.448265
2024-11-20 03:00:00,DK2,81.95,90.95052,9.000526
2024-11-20 04:00:00,DK1,93.29,95.91861,2.6286087
2024-11-20 04:00:00,DK2,93.28,94.43692,1.1569214
2024-11-20 05:00:00,DK1,107.55,106.33551,-1.2144928
2024-11-20 05:00:00,DK2,107.55,110.768166,3.2181625
2024-11-20 06:00:00,DK1,133.78,124.15293,-9.627068
2024-11-20 06:00:00,DK2,135.62,135.10855,-0.5114441
2024-11-20 07:00:00,DK1,142.87,143.2779,0.40789795
2024-11-20 07:00:00,DK2,142.87,147.87064,5.000641
2024-11-20 08:00:00,DK1,140.0,136.19873,-3.8012695
2024-11-20 08:00:00,DK2,140.1,129.86542,-10.234589
2024-11-20 09:00:00,DK1,120.35,113.5569,-6.7930984
2024-11-20 09:00:00,DK2,120.35,110.79417,-9.555832
2024-11-20 10:00:00,DK1,107.77,104.6222,-3.1477966
2024-11-20 10:00:00,DK2,107.77,106.28367,-1.4863281
2024-11-20 11:00:00,DK1,97.26,105.13661,7.87661
2024-11-20 11:00:00,DK2,97.26,108.02011,10.760109
2024-11-20 12:00:00,DK1,97.36,106.10259,8.742592
2024-11-20 12:00:00,DK2,97.37,106.17306,8.803055
2024-11-20 13:00:00,DK1,106.16,106.40962,0.24961853
2024-11-20 13:00:00,DK2,107.14,101.693474,-5.4465256
2024-11-20 14:00:00,DK1,127.8,111.16858,-16.631424
2024-11-20 14:00:00,DK2,130.38,123.141075,-7.2389297
2024-11-20 15:00:00,DK1,133.84,138.92015,5.0801544
2024-11-20 15:00:00,DK2,135.11,139.48566,4.375656
2024-11-20 16:00:00,DK1,142.0,139.97112,-2.028885
2024-11-20 16:00:00,DK2,141.97,143.38437,1.4143677
2024-11-20 17:00:00,DK1,142.58,140.25131,-2.3286896
2024-11-20 17:00:00,DK2,142.54,136.41098,-6.129013
2024-11-20 18:00:00,DK1,140.26,130.75378,-9.50621
2024-11-20 18:00:00,DK2,140.21,125.47649,-14.7335205
2024-11-20 19:00:00,DK1,135.98,123.56247,-12.417526
2024-11-20 19:00:00,DK2,135.9,122.2863,-13.613693
2024-11-20 20:00:00,DK1,123.05,122.58914,-0.4608612
2024-11-20 20:00:00,DK2,122.96,120.41968,-2.5403214
2024-11-20 21:00:00,DK1,116.42,121.38587,4.9658737
2024-11-20 21:00:00,DK2,116.34,113.75976,-2.5802383
2024-11-20 22:00:00,DK1,103.5,115.25242,11.7524185
2024-11-20 22:00:00,DK2,103.44,108.76935,5.3293457
2024-11-20 23:00:00,DK1,93.96,111.82589,17.86589
2024-11-20 23:00:00,DK2,93.92,104.47087,10.550873
2024-11-21 00:00:00,DK1,90.4,108.670006,18.270004
2024-11-21 00:00:00,DK2,90.37,95.95255,5.58255
2024-11-21 01:00:00,DK1,86.8,104.81066,18.010658
2024-11-21 01:00:00,DK2,86.76,92.550835,5.7908325
2024-11-21 02:00:00,DK1,84.15,101.79442,17.644417
2024-11-21 02:00:00,DK2,84.12,88.60177,4.4817657
2024-11-21 03:00:00,DK1,84.23,97.905525,13.675522
2024-11-21 03:00:00,DK2,80.15,88.56532,8.415321
2024-11-21 04:00:00,DK1,92.48,96.81745,4.337448
2024-11-21 04:00:00,DK2,92.44,67.2031,-25.2369
2024-11-21 05:00:00,DK1,107.17,87.32711,-19.842888
2024-11-21 05:00:00,DK2,107.16,86.34754,-20.812462
2024-11-21 06:00:00,DK1,121.44,109.473465,-11.966537
2024-11-21 06:00:00,DK2,121.43,121.87402,0.44402313
2024-11-21 07:00:00,DK1,132.99,134.1896,1.1996002
2024-11-21 07:00:00,DK2,132.98,135.8339,2.853897
2024-11-21 08:00:00,DK1,134.98,121.11392,-13.866074
2024-11-21 08:00:00,DK2,134.98,114.15705,-20.822945
2024-11-21 09:00:00,DK1,127.33,110.837,-16.493004
2024-11-21 09:00:00,DK2,127.33,113.42104,-13.908958
2024-11-21 10:00:00,DK1,115.47,111.649994,-3.8200073
2024-11-21 10:00:00,DK2,115.46,113.13167,-2.328331
2024-11-21 11:00:00,DK1,113.57,106.69049,-6.879509
2024-11-21 11:00:00,DK2,113.55,108.12407,-5.425934
2024-11-21 12:00:00,DK1,120.83,114.97742,-5.852585
2024-11-21 12:00:00,DK2,120.82,113.43565,-7.384346
2024-11-21 13:00:00,DK1,141.62,117.5376,-24.082397
2024-11-21 13:00:00,DK2,141.6,137.48805,-4.1119537
2024-11-21 14:00:00,DK1,154.85,145.13922,-9.710785
2024-11-21 14:00:00,DK2,154.83,157.36725,2.5372467
2024-11-21 15:00:00,DK1,174.97,168.56686,-6.403137
2024-11-21 15:00:00,DK2,174.99,170.44916,-4.540848
2024-11-21 16:00:00,DK1,182.26,170.94032,-11.319672
2024-11-21 16:00:00,DK2,182.24,171.13016,-11.109848
2024-11-21 17:00:00,DK1,161.34,170.99664,9.656647
2024-11-21 17:00:00,DK2,161.33,171.4715,10.141495
2024-11-21 18:00:00,DK1,154.05,171.49072,17.44072
2024-11-21 18:00:00,DK2,154.03,170.5535,16.523499
2024-11-21 19:00:00,DK1,131.33,137.8147,6.4846954
2024-11-21 19:00:00,DK2,131.31,130.50339,-0.8066101
2024-11-21 20:00:00,DK1,123.05,118.68182,-4.3681793
2024-11-21 20:00:00,DK2,123.04,115.71803,-7.321968
2024-11-21 21:00:00,DK1,122.9,113.33376,-9.566238
2024-11-21 21:00:00,DK2,122.88,111.88238,-10.99762
2024-11-21 22:00:00,DK1,107.46,114.24817,6.78817
2024-11-21 22:00:00,DK2,107.44,112.10173,4.661728
2024-11-21 23:00:00,DK1,116.12,110.233574,-5.886429
2024-11-21 23:00:00,DK2,116.13,108.6552,-7.4748
2024-11-22 00:00:00,DK1,106.21,105.43324,-0.7767563
2024-11-22 00:00:00,DK2,106.22,96.59666,-9.623344
2024-11-22 01:00:00,DK1,97.85,101.40991,3.5599136
2024-11-22 01:00:00,DK2,97.86,101.924416,4.064415
2024-11-22 02:00:00,DK1,91.37,100.053665,8.683662
2024-11-22 02:00:00,DK2,91.38,94.10568,2.7256851
2024-11-22 03:00:00,DK1,88.65,94.983154,6.333153
2024-11-22 03:00:00,DK2,88.67,83.80344,-4.866562
2024-11-22 04:00:00,DK1,92.16,96.96045,4.8004456
2024-11-22 04:00:00,DK2,91.39,82.02644,-9.363556
2024-11-22 05:00:00,DK1,117.06,99.419586,-17.640411
2024-11-22 05:00:00,DK2,117.86,103.78209,-14.077911
2024-11-22 06:00:00,DK1,135.3,121.649254,-13.650749
2024-11-22 06:00:00,DK2,138.27,132.00777,-6.2622375
2024-11-22 07:00:00,DK1,149.44,137.02429,-12.41571
2024-11-22 07:00:00,DK2,169.72,135.62753,-34.09247
2024-11-22 08:00:00,DK1,144.23,129.74338,-14.486618
2024-11-22 08:00:00,DK2,154.64,134.57266,-20.067337
2024-11-22 09:00:00,DK1,137.25,125.39666,-11.85334
2024-11-22 09:00:00,DK2,140.02,130.4467,-9.573303
2024-11-22 10:00:00,DK1,120.08,121.6929,1.6128998
2024-11-22 10:00:00,DK2,134.26,120.44072,-13.819275
2024-11-22 11:00:00,DK1,105.77,111.60046,5.8304596
2024-11-22 11:00:00,DK2,108.23,110.69271,2.4627075
2024-11-22 12:00:00,DK1,95.24,101.38948,6.1494827
2024-11-22 12:00:00,DK2,95.53,102.46185,6.9318542
2024-11-22 13:00:00,DK1,96.18,98.86124,2.6812363
2024-11-22 13:00:00,DK2,98.07,103.87134,5.801338
2024-11-22 14:00:00,DK1,106.24,110.39593,4.1559296
2024-11-22 14:00:00,DK2,107.79,112.18153,4.391533
2024-11-22 15:00:00,DK1,111.21,117.90575,6.6957474
2024-11-22 15:00:00,DK2,114.4,117.34465,2.9446487
2024-11-22 16:00:00,DK1,128.44,119.48659,-8.953415
2024-11-22 16:00:00,DK2,131.37,122.60753,-8.762466
2024-11-22 17:00:00,DK1,134.28,128.3198,-5.960205
2024-11-22 17:00:00,DK2,134.74,129.50919,-5.2308197
2024-11-22 18:00:00,DK1,128.8,121.94258,-6.857422
2024-11-22 18:00:00,DK2,129.06,116.44962,-12.610374
2024-11-22 19:00:00,DK1,106.21,113.779106,7.569107
2024-11-22 19:00:00,DK2,107.07,110.51708,3.4470825
2024-11-22 20:00:00,DK1,99.47,105.95848,6.4884796
2024-11-22 20:00:00,DK2,105.56,101.26184,-4.2981567
2024-11-22 21:00:00,DK1,87.11,100.618324,13.508324
2024-11-22 21:00:00,DK2,89.99,103.554596,13.564598
2024-11-22 22:00:00,DK1,76.55,106.44962,29.89962
2024-11-22 22:00:00,DK2,73.69,93.47116,19.781158
2024-11-22 23:00:00,DK1,61.44,90.21608,28.776081
2024-11-22 23:00:00,DK2,61.44,67.561646,6.121647
2024-11-23 00:00:00,DK1,52.54,72.40498,19.864983
2024-11-23 00:00:00,DK2,53.49,68.55942,15.069416
2024-11-23 01:00:00,DK1,50.67,61.355377,10.685379
2024-11-23 01:00:00,DK2,49.96,52.844467,2.884468
2024-11-23 02:00:00,DK1,47.92,53.432854,5.5128555
2024-11-23 02:00:00,DK2,47.19,47.678825,0.48882675
2024-11-23 03:00:00,DK1,49.27,47.820816,-1.4491844
2024-11-23 03:00:00,DK2,47.19,42.678055,-4.511944
2024-11-23 04:00:00,DK1,49.36,55.76821,6.4082108
2024-11-23 04:00:00,DK2,47.59,44.678154,-2.9118462
2024-11-23 05:00:00,DK1,50.54,65.22131,14.681313
2024-11-23 05:00:00,DK2,47.57,51.4028,3.8328018
2024-11-23 06:00:00,DK1,67.18,65.35068,-1.8293228
2024-11-23 06:00:00,DK2,54.84,60.82448,5.984478
2024-11-23 07:00:00,DK1,87.35,76.905106,-10.444893
2024-11-23 07:00:00,DK2,62.68,64.52984,1.8498383
2024-11-23 08:00:00,DK1,85.62,85.37653,-0.24346924
2024-11-23 08:00:00,DK2,69.95,68.716484,-1.2335129
2024-11-23 09:00:00,DK1,78.54,82.04602,3.5060196
2024-11-23 09:00:00,DK2,78.53,65.22769,-13.302307
2024-11-23 10:00:00,DK1,73.5,71.350876,-2.1491241
2024-11-23 10:00:00,DK2,73.49,72.99798,-0.49201965
2024-11-23 11:00:00,DK1,71.2,71.164185,-0.035812378
2024-11-23 11:00:00,DK2,71.19,67.0278,-4.162201
2024-11-23 12:00:00,DK1,75.85,67.97536,-7.8746414
2024-11-23 12:00:00,DK2,75.84,69.350296,-6.4897003
2024-11-23 13:00:00,DK1,85.68,77.8118,-7.868202
2024-11-23 13:00:00,DK2,85.67,77.59119,-8.078812
2024-11-23 14:00:00,DK1,100.62,93.39002,-7.2299805
2024-11-23 14:00:00,DK2,100.62,93.84648,-6.7735214
2024-11-23 15:00:00,DK1,86.04,108.17346,22.133461
2024-11-23 15:00:00,DK2,87.31,97.58742,10.27742
2024-11-23 16:00:00,DK1,95.17,94.651505,-0.51849365
2024-11-23 16:00:00,DK2,95.56,91.307365,-4.252632
2024-11-23 17:00:00,DK1,84.72,99.76442,15.044418
2024-11-23 17:00:00,DK2,86.08,97.829636,11.749634
2024-11-23 18:00:00,DK1,71.0,80.54215,9.542152
2024-11-23 18:00:00,DK2,70.99,77.41408,6.42408
2024-11-23 19:00:00,DK1,59.55,70.13157,10.58157
2024-11-23 19:00:00,DK2,59.54,70.21744,10.677437
2024-11-23 20:00:00,DK1,48.03,67.38473,19.354729
2024-11-23 20:00:00,DK2,48.01,50.208015,2.1980171
2024-11-23 21:00:00,DK1,39.1,53.165627,14.065628
2024-11-23 21:00:00,DK2,39.08,47.905792,8.82579
2024-11-23 22:00:00,DK1,18.46,41.41088,22.950882
2024-11-23 22:00:00,DK2,18.45,35.825478,17.375477
2024-11-23 23:00:00,DK1,1.55,25.191977,23.641977
2024-11-23 23:00:00,DK2,2.68,28.140154,25.460154
2024-11-24 00:00:00,DK1,1.77,12.054883,10.2848835
2024-11-24 00:00:00,DK2,2.03,23.142385,21.112385
2024-11-24 01:00:00,DK1,0.27,8.453484,8.183483
2024-11-24 01:00:00,DK2,1.66,16.648037,14.988037
2024-11-24 02:00:00,DK1,0.37,9.100699,8.7307
2024-11-24 02:00:00,DK2,2.27,12.785871,10.515871
2024-11-24 03:00:00,DK1,0.27,8.1439295,7.8739295
2024-11-24 03:00:00,DK2,1.72,13.993134,12.273133
2024-11-24 04:00:00,DK1,0.3,10.604136,10.304136
2024-11-24 04:00:00,DK2,2.0,12.966727,10.966727
2024-11-24 05:00:00,DK1,0.42,13.126121,12.7061205
2024-11-24 05:00:00,DK2,2.79,12.843428,10.053428
2024-11-24 06:00:00,DK1,0.51,11.590152,11.080152
2024-11-24 06:00:00,DK2,3.22,13.987171,10.767171
2024-11-24 07:00:00,DK1,1.72,10.86317,9.143169
2024-11-24 07:00:00,DK2,3.23,13.42842,10.19842
2024-11-24 08:00:00,DK1,3.79,13.255963,9.465963
2024-11-24 08:00:00,DK2,3.99,11.917448,7.9274483
2024-11-24 09:00:00,DK1,2.28,12.206794,9.926794
2024-11-24 09:00:00,DK2,3.3,12.460491,9.160491
2024-11-24 10:00:00,DK1,2.67,8.82152,6.15152
2024-11-24 10:00:00,DK2,3.38,14.219401,10.839401
2024-11-24 11:00:00,DK1,2.22,10.086353,7.866353
2024-11-24 11:00:00,DK2,3.26,13.365271,10.10527
2024-11-24 12:00:00,DK1,2.62,12.230938,9.610938
2024-11-24 12:00:00,DK2,3.04,13.522038,10.4820385
2024-11-24 13:00:00,DK1,3.11,12.47079,9.36079
2024-11-24 13:00:00,DK2,3.27,12.808144,9.538143
2024-11-24 14:00:00,DK1,6.61,13.985947,7.3759465
2024-11-24 14:00:00,DK2,6.45,14.963518,8.513518
2024-11-24 15:00:00,DK1,13.99,33.54416,19.55416
2024-11-24 15:00:00,DK2,13.98,24.852602,10.872602
2024-11-24 16:00:00,DK1,15.52,45.851418,30.331417
2024-11-24 16:00:00,DK2,15.51,27.490128,11.980127
2024-11-24 17:00:00,DK1,16.18,29.924553,13.744553
2024-11-24 17:00:00,DK2,16.17,24.711584,8.541584
2024-11-24 18:00:00,DK1,12.02,22.835878,10.815878
2024-11-24 18:00:00,DK2,12.02,28.189718,16.169718
2024-11-24 19:00:00,DK1,7.4,23.823362,16.423363
2024-11-24 19:00:00,DK2,7.4,20.357384,12.957384
2024-11-24 20:00:00,DK1,4.5,11.241957,6.7419567
2024-11-24 20:00:00,DK2,4.49,11.308068,6.8180685
2024-11-24 21:00:00,DK1,3.27,7.0380664,3.7680664
2024-11-24 21:00:00,DK2,3.27,7.3292,4.0592
2024-11-24 22:00:00,DK1,0.01,6.610084,6.600084
2024-11-24 22:00:00,DK2,0.01,4.7909164,4.780916
2024-11-24 23:00:00,DK1,-1.25,2.5263126,3.7763126
2024-11-24 23:00:00,DK2,-1.25,2.561523,3.811523
2024-11-25 00:00:00,DK1,-1.59,-0.0977664,1.4922336
2024-11-25 00:00:00,DK2,-1.59,-0.41139603,1.178604
2024-11-25 01:00:00,DK1,-1.42,-0.66517067,0.7548293
2024-11-25 01:00:00,DK2,-1.42,-1.0652828,0.35471714
2024-11-25 02:00:00,DK1,-1.86,0.3697728,2.2297728
2024-11-25 02:00:00,DK2,-1.86,0.051388502,1.9113885
2024-11-25 03:00:00,DK1,-1.42,1.0126953,2.4326954
2024-11-25 03:00:00,DK2,-1.42,0.91653347,2.3365335
2024-11-25 04:00:00,DK1,-0.28,2.349552,2.629552
2024-11-25 04:00:00,DK2,-0.28,2.0793977,2.3593976
2024-11-25 05:00:00,DK1,0.0,4.20792,4.20792
2024-11-25 05:00:00,DK2,0.09,2.0818956,1.9918956
2024-11-25 06:00:00,DK1,54.38,3.839823,-50.540176
2024-11-25 06:00:00,DK2,54.32,15.855855,-38.464146
2024-11-25 07:00:00,DK1,60.61,46.396484,-14.213516
2024-11-25 07:00:00,DK2,60.58,27.716963,-32.863037
2024-11-25 08:00:00,DK1,40.52,56.585907,16.065907
2024-11-25 08:00:00,DK2,63.3,42.62632,-20.67368
2024-11-25 09:00:00,DK1,42.55,34.393364,-8.156635
2024-11-25 09:00:00,DK2,42.52,52.38826,9.868259
2024-11-25 10:00:00,DK1,41.37,27.756113,-13.613886
2024-11-25 10:00:00,DK2,41.34,37.10692,-4.233082
2024-11-25 11:00:00,DK1,40.0,25.736176,-14.263824
2024-11-25 11:00:00,DK2,39.97,29.413298,-10.556704
2024-11-25 12:00:00,DK1,48.85,27.463058,-21.38694
2024-11-25 12:00:00,DK2,48.82,33.402252,-15.4177475
2024-11-25 13:00:00,DK1,46.55,43.845116,-2.7048836
2024-11-25 13:00:00,DK2,46.52,35.615356,-10.904644
2024-11-25 14:00:00,DK1,40.36,47.93814,7.5781403
2024-11-25 14:00:00,DK2,40.05,40.321495,0.27149582
2024-11-25 15:00:00,DK1,42.01,41.44204,-0.56795883
2024-11-25 15:00:00,DK2,41.65,40.451065,-1.1989365
2024-11-25 16:00:00,DK1,47.37,43.14759,-4.2224083
2024-11-25 16:00:00,DK2,47.33,40.465134,-6.864868
2024-11-25 17:00:00,DK1,46.53,41.28141,-5.2485886
2024-11-25 17:00:00,DK2,46.5,37.51777,-8.982231
2024-11-25 18:00:00,DK1,40.89,34.091423,-6.7985764
2024-11-25 18:00:00,DK2,40.71,33.832893,-6.8771057
2024-11-25 19:00:00,DK1,38.87,27.537706,-11.332293
2024-11-25 19:00:00,DK2,38.44,28.770098,-9.669901
2024-11-25 20:00:00,DK1,30.51,23.715757,-6.794243
2024-11-25 20:00:00,DK2,29.42,21.410551,-8.009449
2024-11-25 21:00:00,DK1,26.42,13.257689,-13.162311
2024-11-25 21:00:00,DK2,25.02,12.019141,-13.000859
2024-11-25 22:00:00,DK1,40.0,8.410757,-31.589243
2024-11-25 22:00:00,DK2,39.62,12.113328,-27.506672
2024-11-25 23:00:00,DK1,16.1,7.201142,-8.898859
2024-11-25 23:00:00,DK2,22.22,6.465539,-15.75446
2024-11-26 00:00:00,DK1,18.5,3.7314143,-14.768585
2024-11-26 00:00:00,DK2,18.02,5.367088,-12.652912
2024-11-26 01:00:00,DK1,20.09,1.7657757,-18.324224
2024-11-26 01:00:00,DK2,24.22,4.655245,-19.564754
2024-11-26 02:00:00,DK1,18.43,3.8980742,-14.531926
2024-11-26 02:00:00,DK2,23.17,3.7753625,-19.394638
2024-11-26 03:00:00,DK1,18.57,4.649728,-13.920272
2024-11-26 03:00:00,DK2,23.34,6.5012255,-16.838776
2024-11-26 04:00:00,DK1,19.67,6.380009,-13.289991
2024-11-26 04:00:00,DK2,22.47,6.5651016,-15.904898
2024-11-26 05:00:00,DK1,38.06,7.450467,-30.609535
2024-11-26 05:00:00,DK2,38.82,17.224424,-21.595575
2024-11-26 06:00:00,DK1,39.57,23.336569,-16.23343
2024-11-26 06:00:00,DK2,39.43,23.132587,-16.297413
2024-11-26 07:00:00,DK1,41.09,38.055664,-3.034336
2024-11-26 07:00:00,DK2,40.96,35.206635,-5.7533646
2024-11-26 08:00:00,DK1,40.0,36.59706,-3.4029388
2024-11-26 08:00:00,DK2,39.88,42.92034,3.0403404
2024-11-26 09:00:00,DK1,40.28,29.50053,-10.779469
2024-11-26 09:00:00,DK2,40.03,35.930214,-4.099785
2024-11-26 10:00:00,DK1,39.97,25.356895,-14.613106
2024-11-26 10:00:00,DK2,39.83,32.810703,-7.0192986
2024-11-26 11:00:00,DK1,39.95,24.22369,-15.726311
2024-11-26 11:00:00,DK2,39.8,26.516146,-13.283854
2024-11-26 12:00:00,DK1,40.19,25.85267,-14.337328
2024-11-26 12:00:00,DK2,40.06,27.78956,-12.270441
2024-11-26 13:00:00,DK1,41.06,33.956356,-7.1036453
2024-11-26 13:00:00,DK2,40.92,27.393269,-13.52673
2024-11-26 14:00:00,DK1,47.25,31.469486,-15.780514
2024-11-26 14:00:00,DK2,47.23,37.89061,-9.33939
2024-11-26 15:00:00,DK1,47.55,56.75808,9.20808
2024-11-26 15:00:00,DK2,47.54,42.860428,-4.679573
2024-11-26 16:00:00,DK1,47.67,73.68385,26.013855
2024-11-26 16:00:00,DK2,47.66,55.824722,8.164722
2024-11-26 17:00:00,DK1,47.66,76.75505,29.09505
2024-11-26 17:00:00,DK2,47.66,46.73133,-0.928669
2024-11-26 18:00:00,DK1,41.71,66.100426,24.390427
2024-11-26 18:00:00,DK2,70.44,39.41198,-31.028023
2024-11-26 19:00:00,DK1,47.33,55.1932,7.8631973
2024-11-26 19:00:00,DK2,47.32,42.526115,-4.7938843
2024-11-26 20:00:00,DK1,47.61,35.547615,-12.062386
2024-11-26 20:00:00,DK2,47.61,32.24655,-15.363449
2024-11-26 21:00:00,DK1,42.65,44.450493,1.8004913
2024-11-26 21:00:00,DK2,42.64,40.3898,-2.2501984
2024-11-26 22:00:00,DK1,51.33,26.43036,-24.899641
2024-11-26 22:00:00,DK2,38.62,19.979746,-18.640253
2024-11-26 23:00:00,DK1,104.74,35.13926,-69.60074
2024-11-26 23:00:00,DK2,40.27,54.687965,14.417965
2024-11-27 00:00:00,DK1,106.28,100.25649,-6.023506
2024-11-27 00:00:00,DK2,39.08,48.07566,8.995659
2024-11-27 01:00:00,DK1,110.0,102.43611,-7.5638885
2024-11-27 01:00:00,DK2,39.65,37.447372,-2.202629
2024-11-27 02:00:00,DK1,103.21,98.26869,-4.941307
2024-11-27 02:00:00,DK2,40.56,39.627655,-0.93234634
2024-11-27 03:00:00,DK1,100.87,102.976105,2.106102
2024-11-27 03:00:00,DK2,42.94,44.94368,2.0036812
2024-11-27 04:00:00,DK1,112.11,105.17578,-6.9342194
2024-11-27 04:00:00,DK2,46.9,69.61818,22.718178
2024-11-27 05:00:00,DK1,109.5,113.026924,3.5269241
2024-11-27 05:00:00,DK2,101.97,75.81233,-26.15767
2024-11-27 06:00:00,DK1,148.2,126.26501,-21.93499
2024-11-27 06:00:00,DK2,148.4,138.09601,-10.303986
2024-11-27 07:00:00,DK1,170.48,149.35027,-21.12973
2024-11-27 07:00:00,DK2,171.58,155.30122,-16.278778
2024-11-27 08:00:00,DK1,158.74,159.50272,0.7627106
2024-11-27 08:00:00,DK2,159.21,159.1181,-0.09190369
2024-11-27 09:00:00,DK1,153.1,144.00461,-9.095398
2024-11-27 09:00:00,DK2,153.17,142.91635,-10.253647
2024-11-27 10:00:00,DK1,150.0,140.63144,-9.368561
2024-11-27 10:00:00,DK2,150.07,141.52829,-8.541718
2024-11-27 11:00:00,DK1,145.66,137.99443,-7.665573
2024-11-27 11:00:00,DK2,145.73,139.90096,-5.8290405
2024-11-27 12:00:00,DK1,140.49,137.79102,-2.6989899
2024-11-27 12:00:00,DK2,140.56,134.65477,-5.9052277
2024-11-27 13:00:00,DK1,130.09,132.72012,2.630127
2024-11-27 13:00:00,DK2,130.16,132.28973,2.1297302
2024-11-27 14:00:00,DK1,131.7,124.63196,-7.068039
2024-11-27 14:00:00,DK2,131.76,126.29403,-5.4659653
2024-11-27 15:00:00,DK1,117.74,131.17809,13.438087
2024-11-27 15:00:00,DK2,117.94,123.69783,5.7578278
2024-11-27 16:00:00,DK1,111.25,122.07429,10.824287
2024-11-27 16:00:00,DK2,112.66,118.09457,5.4345627
2024-11-27 17:00:00,DK1,112.29,112.51551,0.22550964
2024-11-27 17:00:00,DK2,113.16,109.79067,-3.3693314
2024-11-27 18:00:00,DK1,101.84,111.36072,9.520721
2024-11-27 18:00:00,DK2,101.96,106.135925,4.175926
2024-11-27 19:00:00,DK1,78.14,97.06394,18.923943
2024-11-27 19:00:00,DK2,78.23,90.74956,12.519554
2024-11-27 20:00:00,DK1,71.86,61.53511,-10.32489
2024-11-27 20:00:00,DK2,71.94,82.617935,10.677933
2024-11-27 21:00:00,DK1,67.05,78.37881,11.328804
2024-11-27 21:00:00,DK2,66.81,66.915565,0.10556793
2024-11-27 22:00:00,DK1,48.78,50.863853,2.0838547
2024-11-27 22:00:00,DK2,49.03,55.166023,6.1360245
2024-11-27 23:00:00,DK1,49.21,33.277336,-15.932663
2024-11-27 23:00:00,DK2,49.21,40.692726,-8.517273
2024-11-28 00:00:00,DK1,41.21,36.057396,-5.152603
2024-11-28 00:00:00,DK2,42.15,34.32904,-7.820961
2024-11-28 01:00:00,DK1,32.95,26.011335,-6.9386654
2024-11-28 01:00:00,DK2,33.72,30.10898,-3.611021
2024-11-28 02:00:00,DK1,32.08,23.89229,-8.187712
2024-11-28 02:00:00,DK2,32.84,25.641935,-7.198065
2024-11-28 03:00:00,DK1,31.69,35.20334,3.513338
2024-11-28 03:00:00,DK2,37.81,26.420952,-11.38905
2024-11-28 04:00:00,DK1,52.29,43.502136,-8.787865
2024-11-28 04:00:00,DK2,47.88,40.381325,-7.4986763
2024-11-28 05:00:00,DK1,63.27,70.36582,7.0958214
2024-11-28 05:00:00,DK2,63.27,53.563232,-9.706768
2024-11-28 06:00:00,DK1,87.56,78.135086,-9.4249115
2024-11-28 06:00:00,DK2,87.57,71.89971,-15.670288
2024-11-28 07:00:00,DK1,102.02,91.39652,-10.623474
2024-11-28 07:00:00,DK2,104.62,89.24898,-15.371025
2024-11-28 08:00:00,DK1,95.79,103.25255,7.4625473
2024-11-28 08:00:00,DK2,100.81,102.01286,1.2028656
2024-11-28 09:00:00,DK1,88.93,103.3541,14.424103
2024-11-28 09:00:00,DK2,89.66,101.62447,11.96447
2024-11-28 10:00:00,DK1,86.79,84.875244,-1.9147568
2024-11-28 10:00:00,DK2,93.93,92.02188,-1.9081192
2024-11-28 11:00:00,DK1,84.06,90.10994,6.049942
2024-11-28 11:00:00,DK2,91.48,94.42708,2.947075
2024-11-28 12:00:00,DK1,83.76,91.95572,8.195717
2024-11-28 12:00:00,DK2,91.8,94.93685,3.1368484
2024-11-28 13:00:00,DK1,95.17,95.90921,0.73921204
2024-11-28 13:00:00,DK2,95.18,100.8752,5.695198
2024-11-28 14:00:00,DK1,106.57,105.700874,-0.86912537
2024-11-28 14:00:00,DK2,106.6,108.67779,2.0777893
2024-11-28 15:00:00,DK1,132.62,115.06427,-17.555725
2024-11-28 15:00:00,DK2,132.64,122.04092,-10.599083
2024-11-28 16:00:00,DK1,149.33,130.28835,-19.041656
2024-11-28 16:00:00,DK2,149.35,135.31462,-14.035385
2024-11-28 17:00:00,DK1,158.23,147.87314,-10.356857
2024-11-28 17:00:00,DK2,158.24,141.56049,-16.67952
2024-11-28 18:00:00,DK1,153.91,141.08664,-12.823364
2024-11-28 18:00:00,DK2,153.92,142.26578,-11.654221
2024-11-28 19:00:00,DK1,143.97,136.97884,-6.991165
2024-11-28 19:00:00,DK2,143.98,133.91156,-10.068436
2024-11-28 20:00:00,DK1,132.49,126.8976,-5.592407
2024-11-28 20:00:00,DK2,132.5,131.85635,-0.64364624
2024-11-28 21:00:00,DK1,122.16,124.71849,2.558487
2024-11-28 21:00:00,DK2,122.16,118.23172,-3.9282837
2024-11-28 22:00:00,DK1,112.6,115.51195,2.9119492
2024-11-28 22:00:00,DK2,112.6,115.597176,2.9971771
2024-11-28 23:00:00,DK1,110.3,112.307396,2.007393
2024-11-28 23:00:00,DK2,110.35,109.94653,-0.40346527
2024-11-29 00:00:00,DK1,107.01,110.83459,3.824585
2024-11-29 00:00:00,DK2,107.04,109.031204,1.9912033
2024-11-29 01:00:00,DK1,103.47,105.21322,1.7432175
2024-11-29 01:00:00,DK2,103.51,102.73243,-0.77757263
2024-11-29 02:00:00,DK1,102.8,99.81909,-2.9809113
2024-11-29 02:00:00,DK2,102.83,100.51228,-2.3177185
2024-11-29 03:00:00,DK1,105.3,102.08969,-3.210312
2024-11-29 03:00:00,DK2,105.33,101.16034,-4.1696625
2024-11-29 04:00:00,DK1,115.28,105.22634,-10.053658
2024-11-29 04:00:00,DK2,115.32,107.631485,-7.6885147
2024-11-29 05:00:00,DK1,135.99,119.647804,-16.342201
2024-11-29 05:00:00,DK2,145.18,130.1345,-15.045486
2024-11-29 06:00:00,DK1,163.86,149.9513,-13.908707
2024-11-29 06:00:00,DK2,169.37,162.9234,-6.446594
2024-11-29 07:00:00,DK1,173.56,168.3743,-5.1856995
2024-11-29 07:00:00,DK2,181.44,170.1293,-11.310699
2024-11-29 08:00:00,DK1,157.37,169.32562,11.955627
2024-11-29 08:00:00,DK2,162.57,169.15247,6.5824585
2024-11-29 09:00:00,DK1,138.35,145.49751,7.1475067
2024-11-29 09:00:00,DK2,143.09,143.87146,0.7814636
2024-11-29 10:00:00,DK1,120.06,120.37984,0.31983948
2024-11-29 10:00:00,DK2,136.47,123.30868,-13.161324
2024-11-29 11:00:00,DK1,110.05,111.2251,1.1750946
2024-11-29 11:00:00,DK2,126.65,117.97213,-8.677872
2024-11-29 12:00:00,DK1,114.26,108.54812,-5.7118835
2024-11-29 12:00:00,DK2,119.52,115.36182,-4.15818
2024-11-29 13:00:00,DK1,109.3,109.3035,0.0034942627
2024-11-29 13:00:00,DK2,129.55,113.606155,-15.943848
2024-11-29 14:00:00,DK1,122.72,114.44777,-8.272232
2024-11-29 14:00:00,DK2,140.99,122.96765,-18.022354
2024-11-29 15:00:00,DK1,122.68,129.11778,6.4377823
2024-11-29 15:00:00,DK2,152.01,134.11398,-17.896011
2024-11-29 16:00:00,DK1,144.38,137.29248,-7.0875244
2024-11-29 16:00:00,DK2,150.51,155.33789,4.827896
2024-11-29 17:00:00,DK1,142.03,142.46286,0.43286133
2024-11-29 17:00:00,DK2,142.06,136.9081,-5.1519012
2024-11-29 18:00:00,DK1,130.81,122.08124,-8.72876
2024-11-29 18:00:00,DK2,130.81,121.74676,-9.06324
2024-11-29 19:00:00,DK1,119.9,113.12648,-6.7735214
2024-11-29 19:00:00,DK2,119.9,114.52435,-5.3756485
2024-11-29 20:00:00,DK1,112.1,108.049225,-4.0507736
2024-11-29 20:00:00,DK2,112.1,107.287415,-4.812584
2024-11-29 21:00:00,DK1,113.73,109.527885,-4.202118
2024-11-29 21:00:00,DK2,113.73,111.32054,-2.409462
2024-11-29 22:00:00,DK1,103.28,101.20248,-2.0775223
2024-11-29 22:00:00,DK2,103.27,99.703064,-3.5669327
2024-11-29 23:00:00,DK1,79.99,97.312805,17.322807
2024-11-29 23:00:00,DK2,79.99,96.2153,16.225304
2024-11-30 00:00:00,DK1,60.67,81.058495,20.388496
2024-11-30 00:00:00,DK2,60.67,80.141685,19.471687
2024-11-30 01:00:00,DK1,51.74,46.215042,-5.5249596
2024-11-30 01:00:00,DK2,51.73,67.03949,15.30949
2024-11-30 02:00:00,DK1,39.47,45.614265,6.144264
2024-11-30 02:00:00,DK2,39.46,55.880714,16.420715
2024-11-30 03:00:00,DK1,38.74,49.550545,10.810543
2024-11-30 03:00:00,DK2,38.74,48.28006,9.540058
2024-11-30 04:00:00,DK1,37.17,53.79744,16.627441
2024-11-30 04:00:00,DK2,37.16,49.8599,12.699902
2024-11-30 05:00:00,DK1,38.0,63.573082,25.573082
2024-11-30 05:00:00,DK2,37.99,43.986313,5.996311
2024-11-30 06:00:00,DK1,40.06,49.837997,9.777996
2024-11-30 06:00:00,DK2,40.04,50.19329,10.15329
2024-11-30 07:00:00,DK1,41.07,52.284225,11.214226
2024-11-30 07:00:00,DK2,41.05,47.533585,6.4835854
2024-11-30 08:00:00,DK1,42.01,46.79516,4.78516
2024-11-30 08:00:00,DK2,41.99,54.044937,12.054935
2024-11-30 09:00:00,DK1,41.9,40.990334,-0.90966797
2024-11-30 09:00:00,DK2,41.88,47.158386,5.278385
2024-11-30 10:00:00,DK1,42.51,37.55397,-4.956028
2024-11-30 10:00:00,DK2,42.49,42.86725,0.37724686
2024-11-30 11:00:00,DK1,42.08,35.301315,-6.7786865
2024-11-30 11:00:00,DK2,42.06,41.869263,-0.19073868
2024-11-30 12:00:00,DK1,55.01,37.75164,-17.258358
2024-11-30 12:00:00,DK2,54.99,34.841385,-20.148617
2024-11-30 13:00:00,DK1,89.25,48.674416,-40.575584
2024-11-30 13:00:00,DK2,89.22,44.27623,-44.94377
2024-11-30 14:00:00,DK1,99.55,85.68656,-13.863441
2024-11-30 14:00:00,DK2,99.53,101.99075,2.4607544
2024-11-30 15:00:00,DK1,114.99,129.15022,14.160225
2024-11-30 15:00:00,DK2,114.97,124.4964,9.526398
2024-11-30 16:00:00,DK1,136.94,120.72774,-16.212265
2024-11-30 16:00:00,DK2,136.93,114.47618,-22.453812
2024-11-30 17:00:00,DK1,135.9,116.525406,-19.374588
2024-11-30 17:00:00,DK2,135.88,117.84189,-18.038116
2024-11-30 18:00:00,DK1,129.94,120.502914,-9.437088
2024-11-30 18:00:00,DK2,129.92,115.88871,-14.031288
2024-11-30 19:00:00,DK1,116.42,116.38449,-0.035507202
2024-11-30 19:00:00,DK2,116.4,113.081894,-3.3181076
2024-11-30 20:00:00,DK1,112.18,109.75302,-2.426979
2024-11-30 20:00:00,DK2,112.16,110.33139,-1.8286133
2024-11-30 21:00:00,DK1,114.78,106.36331,-8.416687
2024-11-30 21:00:00,DK2,114.76,108.084236,-6.675766
2024-11-30 22:00:00,DK1,106.67,110.10186,3.4318619
2024-11-30 22:00:00,DK2,106.65,106.42522,-0.22478485
2024-11-30 23:00:00,DK1,95.2,104.11413,8.914131
2024-11-30 23:00:00,DK2,95.18,104.10033,8.920326
2024-12-01 00:00:00,DK1,90.01,93.48828,3.478279
2024-12-01 00:00:00,DK2,89.99,93.46783,3.477829
2024-12-01 01:00:00,DK1,88.14,91.71003,3.5700302
2024-12-01 01:00:00,DK2,88.13,97.184074,9.054077
2024-12-01 02:00:00,DK1,85.7,92.72117,7.0211716
2024-12-01 02:00:00,DK2,85.68,92.76123,7.08123
2024-12-01 03:00:00,DK1,84.27,90.886116,6.6161194
2024-12-01 03:00:00,DK2,84.25,94.89052,10.640518
2024-12-01 04:00:00,DK1,80.0,90.28821,10.288208
2024-12-01 04:00:00,DK2,79.98,94.01876,14.038757
2024-12-01 05:00:00,DK1,83.23,98.70085,15.470848
2024-12-01 05:00:00,DK2,83.21,93.083046,9.873047
2024-12-01 06:00:00,DK1,89.19,96.53069,7.3406906
2024-12-01 06:00:00,DK2,89.17,95.37249,6.2024918
2024-12-01 07:00:00,DK1,99.19,100.43318,1.2431793
2024-12-01 07:00:00,DK2,99.16,93.563896,-5.5961075
2024-12-01 08:00:00,DK1,94.6,94.31488,-0.2851181
2024-12-01 08:00:00,DK2,94.58,93.89751,-0.6824951
2024-12-01 09:00:00,DK1,89.3,100.23776,10.937759
2024-12-01 09:00:00,DK2,89.27,88.86914,-0.40085602
2024-12-01 10:00:00,DK1,82.38,83.36351,0.9835129
2024-12-01 10:00:00,DK2,82.36,85.261284,2.9012833
2024-12-01 11:00:00,DK1,85.25,88.54739,3.2973938
2024-12-01 11:00:00,DK2,85.22,87.2832,2.063202
2024-12-01 12:00:00,DK1,83.08,86.62554,3.5455399
2024-12-01 12:00:00,DK2,83.06,82.19596,-0.86403656
2024-12-01 13:00:00,DK1,90.61,90.65698,0.04698181
2024-12-01 13:00:00,DK2,90.59,82.33929,-8.25071
2024-12-01 14:00:00,DK1,102.81,93.7384,-9.071594
2024-12-01 14:00:00,DK2,102.79,102.78328,-0.0067214966
2024-12-01 15:00:00,DK1,117.45,120.05443,2.6044312
2024-12-01 15:00:00,DK2,117.45,121.77714,4.327141
2024-12-01 16:00:00,DK1,109.95,130.4118,20.461807
2024-12-01 16:00:00,DK2,109.95,117.93817,7.9881744
2024-12-01 17:00:00,DK1,101.55,111.16027,9.610268
2024-12-01 17:00:00,DK2,101.53,105.50703,3.977028
2024-12-01 18:00:00,DK1,83.52,89.745705,6.225708
2024-12-01 18:00:00,DK2,83.49,89.95582,6.4658203
2024-12-01 19:00:00,DK1,67.29,68.62112,1.3311157
2024-12-01 19:00:00,DK2,67.27,66.37793,-0.89206696
2024-12-01 20:00:00,DK1,58.81,56.559624,-2.2503777
2024-12-01 20:00:00,DK2,58.79,53.12776,-5.662239
2024-12-01 21:00:00,DK1,50.16,49.21846,-0.94153976
2024-12-01 21:00:00,DK2,50.14,45.700485,-4.439514
2024-12-01 22:00:00,DK1,45.39,40.63611,-4.753891
2024-12-01 22:00:00,DK2,45.36,39.600487,-5.759514
2024-12-01 23:00:00,DK1,22.3,33.660015,11.360016
2024-12-01 23:00:00,DK2,22.3,33.080074,10.780075
2024-12-02 00:00:00,DK1,27.04,19.31013,-7.7298717
2024-12-02 00:00:00,DK2,27.04,20.128984,-6.9110165
2024-12-02 01:00:00,DK1,31.54,15.039689,-16.500313
2024-12-02 01:00:00,DK2,31.54,15.552042,-15.987959
2024-12-02 02:00:00,DK1,31.48,37.03929,5.559292
2024-12-02 02:00:00,DK2,31.48,48.05201,16.57201
2024-12-02 03:00:00,DK1,31.81,66.58981,34.779816
2024-12-02 03:00:00,DK2,31.81,28.447844,-3.362156
2024-12-02 04:00:00,DK1,38.16,42.03472,3.8747215
2024-12-02 04:00:00,DK2,38.16,45.597343,7.4373436
2024-12-02 05:00:00,DK1,53.51,55.46203,1.9520302
2024-12-02 05:00:00,DK2,53.51,38.814743,-14.695255
2024-12-02 06:00:00,DK1,56.7,71.36503,14.665028
2024-12-02 06:00:00,DK2,102.1,74.62384,-27.476158
2024-12-02 07:00:00,DK1,66.54,103.54265,37.002647
2024-12-02 07:00:00,DK2,105.34,89.154175,-16.185822
2024-12-02 08:00:00,DK1,65.31,102.9144,37.6044
2024-12-02 08:00:00,DK2,103.62,85.5437,-18.076302
2024-12-02 09:00:00,DK1,65.01,70.598946,5.5889435
2024-12-02 09:00:00,DK2,101.87,94.350914,-7.5190887
2024-12-02 10:00:00,DK1,64.99,64.440796,-0.54920197
2024-12-02 10:00:00,DK2,97.72,89.892456,-7.827545
2024-12-02 11:00:00,DK1,67.11,85.00183,17.89183
2024-12-02 11:00:00,DK2,99.02,90.058975,-8.961021
2024-12-02 12:00:00,DK1,70.16,78.425476,8.265472
2024-12-02 12:00:00,DK2,108.2,78.98454,-29.215454
2024-12-02 13:00:00,DK1,90.97,55.012398,-35.957603
2024-12-02 13:00:00,DK2,129.5,87.94729,-41.55271
2024-12-02 14:00:00,DK1,108.28,83.295105,-24.984894
2024-12-02 14:00:00,DK2,144.04,114.64593,-29.394066
2024-12-02 15:00:00,DK1,133.7,130.51782,-3.1821747
2024-12-02 15:00:00,DK2,133.7,157.98834,24.288345
2024-12-02 16:00:00,DK1,147.07,155.58574,8.515732
2024-12-02 16:00:00,DK2,147.07,158.95613,11.886124
2024-12-02 17:00:00,DK1,147.9,128.05069,-19.849304
2024-12-02 17:00:00,DK2,147.9,132.0445,-15.855499
2024-12-02 18:00:00,DK1,138.0,139.98114,1.9811401
2024-12-02 18:00:00,DK2,138.0,134.17096,-3.8290405
2024-12-02 19:00:00,DK1,115.43,136.39417,20.964165
2024-12-02 19:00:00,DK2,112.89,121.75671,8.866707
2024-12-02 20:00:00,DK1,100.05,119.578476,19.528473
2024-12-02 20:00:00,DK2,100.05,106.212326,6.162323
2024-12-02 21:00:00,DK1,95.34,106.87544,11.535446
2024-12-02 21:00:00,DK2,95.34,96.56125,1.2212524
2024-12-02 22:00:00,DK1,88.69,99.735634,11.045631
2024-12-02 22:00:00,DK2,88.69,89.72157,1.0315704
2024-12-02 23:00:00,DK1,95.49,88.140045,-7.3499527
2024-12-02 23:00:00,DK2,95.49,90.59719,-4.892807
2024-12-03 00:00:00,DK1,90.9,98.25859,7.358589
2024-12-03 00:00:00,DK2,90.9,93.47594,2.5759354
2024-12-03 01:00:00,DK1,88.0,93.13052,5.1305237
2024-12-03 01:00:00,DK2,88.0,88.82618,0.8261795
2024-12-03 02:00:00,DK1,86.8,86.558044,-0.24195862
2024-12-03 02:00:00,DK2,86.8,89.38507,2.5850677
2024-12-03 03:00:00,DK1,94.96,89.683655,-5.2763443
2024-12-03 03:00:00,DK2,94.96,90.26583,-4.694168
2024-12-03 04:00:00,DK1,95.57,99.76454,4.194542
2024-12-03 04:00:00,DK2,95.58,101.96944,6.389435
2024-12-03 05:00:00,DK1,119.94,117.41655,-2.5234528
2024-12-03 05:00:00,DK2,119.94,121.8775,1.9375
2024-12-03 06:00:00,DK1,142.0,139.54884,-2.4511566
2024-12-03 06:00:00,DK2,142.01,149.91669,7.9066925
2024-12-03 07:00:00,DK1,148.66,153.67746,5.017456
2024-12-03 07:00:00,DK2,153.47,150.76471,-2.7052917
2024-12-03 08:00:00,DK1,128.92,147.0136,18.093597
2024-12-03 08:00:00,DK2,145.1,147.99481,2.894806
2024-12-03 09:00:00,DK1,101.06,131.3659,30.305908
2024-12-03 09:00:00,DK2,130.74,129.17767,-1.5623322
2024-12-03 10:00:00,DK1,94.97,106.490364,11.520363
2024-12-03 10:00:00,DK2,129.58,112.68931,-16.890694
2024-12-03 11:00:00,DK1,94.92,102.549194,7.629196
2024-12-03 11:00:00,DK2,135.65,111.846664,-23.80333
2024-12-03 12:00:00,DK1,95.2,101.907005,6.7070084
2024-12-03 12:00:00,DK2,142.45,117.673965,-24.776031
2024-12-03 13:00:00,DK1,144.34,122.38099,-21.959007
2024-12-03 13:00:00,DK2,150.04,135.5401,-14.499893
2024-12-03 14:00:00,DK1,163.96,143.82944,-20.13057
2024-12-03 14:00:00,DK2,168.95,154.61322,-14.336777
2024-12-03 15:00:00,DK1,199.28,165.56477,-33.715225
2024-12-03 15:00:00,DK2,205.18,169.91113,-35.26886
2024-12-03 16:00:00,DK1,209.14,171.40889,-37.73111
2024-12-03 16:00:00,DK2,210.01,171.41342,-38.596573
2024-12-03 17:00:00,DK1,197.88,171.06512,-26.81488
2024-12-03 17:00:00,DK2,197.89,171.21274,-26.677261
2024-12-03 18:00:00,DK1,189.83,169.388,-20.442001
2024-12-03 18:00:00,DK2,189.84,168.96396,-20.876038
2024-12-03 19:00:00,DK1,168.44,166.53716,-1.9028473
2024-12-03 19:00:00,DK2,168.45,162.04391,-6.406082
2024-12-03 20:00:00,DK1,153.13,149.75964,-3.3703613
2024-12-03 20:00:00,DK2,153.13,148.7412,-4.388809
2024-12-03 21:00:00,DK1,142.08,139.5702,-2.5097961
2024-12-03 21:00:00,DK2,142.07,139.41132,-2.6586914
2024-12-03 22:00:00,DK1,130.81,138.18527,7.3752747
2024-12-03 22:00:00,DK2,102.08,130.64474,28.564743
2024-12-03 23:00:00,DK1,120.99,123.61711,2.6271133
2024-12-03 23:00:00,DK2,102.1,99.387215,-2.7127838
2024-12-04 00:00:00,DK1,116.66,112.661026,-3.9989777
2024-12-04 00:00:00,DK2,102.06,102.12875,0.0687561
2024-12-04 01:00:00,DK1,112.79,106.70187,-6.088127
2024-12-04 01:00:00,DK2,82.84,96.728325,13.888329
2024-12-04 02:00:00,DK1,110.0,103.91449,-6.0855103
2024-12-04 02:00:00,DK2,73.34,84.71141,11.371414
2024-12-04 03:00:00,DK1,111.64,101.46849,-10.171509
2024-12-04 03:00:00,DK2,73.9,85.73312,11.833122
2024-12-04 04:00:00,DK1,119.6,107.61916,-11.980835
2024-12-04 04:00:00,DK2,83.87,94.411865,10.5418625
2024-12-04 05:00:00,DK1,140.54,123.01825,-17.521744
2024-12-04 05:00:00,DK2,140.55,114.54195,-26.008057
2024-12-04 06:00:00,DK1,204.75,154.56839,-50.18161
2024-12-04 06:00:00,DK2,204.76,166.40462,-38.355377
2024-12-04 07:00:00,DK1,268.82,170.39102,-98.428986
2024-12-04 07:00:00,DK2,268.84,170.99084,-97.84915
2024-12-04 08:00:00,DK1,244.05,171.35286,-72.69714
2024-12-04 08:00:00,DK2,244.07,171.36987,-72.700134
2024-12-04 09:00:00,DK1,212.21,171.48337,-40.72664
2024-12-04 09:00:00,DK2,212.23,171.42337,-40.806625
2024-12-04 10:00:00,DK1,198.95,170.5033,-28.446701
2024-12-04 10:00:00,DK2,198.96,170.2359,-28.724106
2024-12-04 11:00:00,DK1,192.25,167.16045,-25.089554
2024-12-04 11:00:00,DK2,192.31,169.04755,-23.262451
2024-12-04 12:00:00,DK1,192.68,165.21687,-27.46312
2024-12-04 12:00:00,DK2,192.71,167.87549,-24.834518
2024-12-04 13:00:00,DK1,207.54,170.53838,-37.001617
2024-12-04 13:00:00,DK2,207.61,170.72014,-36.889862
2024-12-04 14:00:00,DK1,227.83,171.35626,-56.47374
2024-12-04 14:00:00,DK2,227.92,171.46078,-56.459213
2024-12-04 15:00:00,DK1,251.69,171.50504,-80.18497
2024-12-04 15:00:00,DK2,251.8,171.51704,-80.28296
2024-12-04 16:00:00,DK1,287.76,171.51994,-116.24007
2024-12-04 16:00:00,DK2,287.87,171.52588,-116.34412
2024-12-04 17:00:00,DK1,230.22,171.52596,-58.694046
2024-12-04 17:00:00,DK2,230.3,171.52637,-58.773636
2024-12-04 18:00:00,DK1,194.0,171.51404,-22.485962
2024-12-04 18:00:00,DK2,194.05,171.34674,-22.703262
2024-12-04 19:00:00,DK1,158.8,149.18997,-9.610031
2024-12-04 19:00:00,DK2,158.84,157.97758,-0.8624115
2024-12-04 20:00:00,DK1,133.0,147.49872,14.498718
2024-12-04 20:00:00,DK2,133.03,132.85803,-0.17196655
2024-12-04 21:00:00,DK1,120.0,118.25502,-1.7449799
2024-12-04 21:00:00,DK2,119.99,118.25441,-1.7355881
2024-12-04 22:00:00,DK1,111.0,116.402725,5.402725
2024-12-04 22:00:00,DK2,110.99,110.41277,-0.57722473
2024-12-04 23:00:00,DK1,114.77,105.55121,-9.218788
2024-12-04 23:00:00,DK2,114.77,109.78902,-4.98098
2024-12-05 00:00:00,DK1,105.74,109.91499,4.1749954
2024-12-05 00:00:00,DK2,105.74,107.59,1.8499985
2024-12-05 01:00:00,DK1,100.1,99.64858,-0.45141602
2024-12-05 01:00:00,DK2,100.1,102.32678,2.2267838
2024-12-05 02:00:00,DK1,87.14,93.719505,6.579506
2024-12-05 02:00:00,DK2,87.14,95.80663,8.666634
2024-12-05 03:00:00,DK1,76.94,86.36347,9.42347
2024-12-05 03:00:00,DK2,76.94,85.79352,8.853516
2024-12-05 04:00:00,DK1,77.7,86.282,8.582001
2024-12-05 04:00:00,DK2,77.7,77.85509,0.15509033
2024-12-05 05:00:00,DK1,91.3,96.99667,5.6966705
2024-12-05 05:00:00,DK2,91.3,86.54447,-4.7555313
2024-12-05 06:00:00,DK1,115.0,106.5217,-8.478302
2024-12-05 06:00:00,DK2,139.65,114.73399,-24.916
2024-12-05 07:00:00,DK1,128.0,129.09409,1.0940857
2024-12-05 07:00:00,DK2,137.37,135.1217,-2.248291
2024-12-05 08:00:00,DK1,99.91,126.77033,26.860329
2024-12-05 08:00:00,DK2,131.77,130.23267,-1.5373383
2024-12-05 09:00:00,DK1,91.87,113.94359,22.073586
2024-12-05 09:00:00,DK2,121.93,110.42795,-11.502052
2024-12-05 10:00:00,DK1,80.14,73.5639,-6.5760956
2024-12-05 10:00:00,DK2,104.75,93.04642,-11.703583
2024-12-05 11:00:00,DK1,75.35,84.65204,9.30204
2024-12-05 11:00:00,DK2,77.69,95.60064,17.910637
2024-12-05 12:00:00,DK1,70.89,68.45262,-2.437378
2024-12-05 12:00:00,DK2,71.71,72.44975,0.7397537
2024-12-05 13:00:00,DK1,62.93,75.57614,12.646141
2024-12-05 13:00:00,DK2,63.65,61.908363,-1.7416382
2024-12-05 14:00:00,DK1,61.79,64.85614,3.0661392
2024-12-05 14:00:00,DK2,62.12,57.28872,-4.8312798
2024-12-05 15:00:00,DK1,54.42,64.85506,10.435059
2024-12-05 15:00:00,DK2,60.8,51.563934,-9.236065
2024-12-05 16:00:00,DK1,60.4,56.886482,-3.5135193
2024-12-05 16:00:00,DK2,61.1,53.94677,-7.1532288
2024-12-05 17:00:00,DK1,53.64,60.880424,7.240425
2024-12-05 17:00:00,DK2,53.31,42.222984,-11.087017
2024-12-05 18:00:00,DK1,44.59,42.405212,-2.1847878
2024-12-05 18:00:00,DK2,42.86,43.893677,1.0336761
2024-12-05 19:00:00,DK1,40.75,39.301155,-1.4488449
2024-12-05 19:00:00,DK2,34.01,30.652838,-3.3571606
2024-12-05 20:00:00,DK1,46.55,38.290405,-8.259594
2024-12-05 20:00:00,DK2,34.38,24.038715,-10.341286
2024-12-05 21:00:00,DK1,41.84,43.476814,1.6368141
2024-12-05 21:00:00,DK2,36.19,22.024595,-14.165403
2024-12-05 22:00:00,DK1,43.14,27.786852,-15.3531475
2024-12-05 22:00:00,DK2,30.1,20.57827,-9.52173
2024-12-05 23:00:00,DK1,10.64,31.40373,20.76373
2024-12-05 23:00:00,DK2,10.64,17.48871,6.84871
2024-12-06 00:00:00,DK1,4.6,27.340189,22.740189
2024-12-06 00:00:00,DK2,4.6,16.96249,12.36249
2024-12-06 01:00:00,DK1,3.87,15.165819,11.295819
2024-12-06 01:00:00,DK2,3.87,12.608053,8.738053
2024-12-06 02:00:00,DK1,2.31,13.212088,10.902088
2024-12-06 02:00:00,DK2,2.62,8.772633,6.1526327
2024-12-06 03:00:00,DK1,2.99,14.515373,11.525373
2024-12-06 03:00:00,DK2,3.22,8.389543,5.1695423
2024-12-06 04:00:00,DK1,10.35,21.019802,10.669802
2024-12-06 04:00:00,DK2,10.13,12.059221,1.9292212
2024-12-06 05:00:00,DK1,62.7,35.419556,-27.280445
2024-12-06 05:00:00,DK2,42.22,28.4725,-13.747501
2024-12-06 06:00:00,DK1,92.71,79.45003,-13.259972
2024-12-06 06:00:00,DK2,92.68,37.153725,-55.526276
2024-12-06 07:00:00,DK1,110.17,90.976524,-19.193474
2024-12-06 07:00:00,DK2,110.12,80.75597,-29.364037
2024-12-06 08:00:00,DK1,110.16,113.07265,2.9126434
2024-12-06 08:00:00,DK2,110.12,107.1113,-3.0087051
2024-12-06 09:00:00,DK1,104.08,114.6913,10.611298
2024-12-06 09:00:00,DK2,104.03,102.076096,-1.9539032
2024-12-06 10:00:00,DK1,98.37,100.88237,2.5123672
2024-12-06 10:00:00,DK2,98.34,98.44807,0.10807037
2024-12-06 11:00:00,DK1,91.9,90.98824,-0.9117584
2024-12-06 11:00:00,DK2,91.85,94.95143,3.1014328
2024-12-06 12:00:00,DK1,100.7,102.35222,1.6522217
2024-12-06 12:00:00,DK2,100.66,100.79359,0.13358307
2024-12-06 13:00:00,DK1,109.0,102.71939,-6.280609
2024-12-06 13:00:00,DK2,108.96,104.969574,-3.990425
2024-12-06 14:00:00,DK1,116.92,106.89238,-10.027618
2024-12-06 14:00:00,DK2,116.91,106.282104,-10.627899
2024-12-06 15:00:00,DK1,131.55,111.09403,-20.45597
2024-12-06 15:00:00,DK2,131.55,121.125084,-10.424919
2024-12-06 16:00:00,DK1,142.99,133.11618,-9.873825
2024-12-06 16:00:00,DK2,142.99,141.64969,-1.3403168
2024-12-06 17:00:00,DK1,151.07,145.13797,-5.9320374
2024-12-06 17:00:00,DK2,151.07,140.76486,-10.305145
2024-12-06 18:00:00,DK1,142.48,137.2315,-5.2484894
2024-12-06 18:00:00,DK2,142.43,135.59424,-6.8357544
2024-12-06 19:00:00,DK1,130.0,130.1518,0.15179443
2024-12-06 19:00:00,DK2,129.95,124.41206,-5.5379333
2024-12-06 20:00:00,DK1,119.42,128.0847,8.664703
2024-12-06 20:00:00,DK2,119.37,125.49565,6.1256485
2024-12-06 21:00:00,DK1,121.08,108.6996,-12.380402
2024-12-06 21:00:00,DK2,121.09,106.763504,-14.326492
2024-12-06 22:00:00,DK1,102.14,111.64104,9.501038
2024-12-06 22:00:00,DK2,102.15,109.13533,6.9853287
2024-12-06 23:00:00,DK1,86.65,97.69865,11.048645
2024-12-06 23:00:00,DK2,86.66,88.57415,1.9141464
2024-12-07 00:00:00,DK1,74.32,78.9627,4.6427
2024-12-07 00:00:00,DK2,74.33,81.72438,7.3943787
2024-12-07 01:00:00,DK1,68.0,73.69902,5.6990204
2024-12-07 01:00:00,DK2,68.0,78.54833,10.548332
2024-12-07 02:00:00,DK1,62.36,67.73168,5.371681
2024-12-07 02:00:00,DK2,63.87,71.97988,8.109882
2024-12-07 03:00:00,DK1,49.1,55.48439,6.384392
2024-12-07 03:00:00,DK2,58.09,66.60758,8.517582
2024-12-07 04:00:00,DK1,37.41,46.456154,9.046154
2024-12-07 04:00:00,DK2,37.41,61.07081,23.660809
2024-12-07 05:00:00,DK1,38.26,37.054527,-1.205471
2024-12-07 05:00:00,DK2,38.26,47.7862,9.526203
2024-12-07 06:00:00,DK1,41.48,34.955925,-6.5240746
2024-12-07 06:00:00,DK2,41.48,48.795532,7.3155327
2024-12-07 07:00:00,DK1,54.17,48.362946,-5.8070526
2024-12-07 07:00:00,DK2,54.17,58.581444,4.4114456
2024-12-07 08:00:00,DK1,59.1,57.247864,-1.8521347
2024-12-07 08:00:00,DK2,59.1,65.95699,6.8569946
2024-12-07 09:00:00,DK1,53.71,49.802788,-3.9072113
2024-12-07 09:00:00,DK2,53.71,65.36737,11.6573715
2024-12-07 10:00:00,DK1,51.33,44.345413,-6.9845886
2024-12-07 10:00:00,DK2,51.82,60.32273,8.502731
2024-12-07 11:00:00,DK1,54.13,43.67462,-10.4553795
2024-12-07 11:00:00,DK2,54.88,56.098877,1.2188759
2024-12-07 12:00:00,DK1,54.44,51.013504,-3.4264946
2024-12-07 12:00:00,DK2,55.2,54.396545,-0.80345535
2024-12-07 13:00:00,DK1,57.38,55.497055,-1.882946
2024-12-07 13:00:00,DK2,57.39,57.32032,-0.06967926
2024-12-07 14:00:00,DK1,59.11,63.8907,4.7807007
2024-12-07 14:00:00,DK2,59.12,59.8687,0.7486992
2024-12-07 15:00:00,DK1,60.95,66.65125,5.701252
2024-12-07 15:00:00,DK2,60.95,63.943565,2.9935646
2024-12-07 16:00:00,DK1,63.0,62.7483,-0.25170135
2024-12-07 16:00:00,DK2,63.0,62.75521,-0.24478912
2024-12-07 17:00:00,DK1,62.09,64.0175,1.9275017
2024-12-07 17:00:00,DK2,62.1,59.92533,-2.1746674
2024-12-07 18:00:00,DK1,69.1,61.759132,-7.340866
2024-12-07 18:00:00,DK2,69.1,58.002274,-11.097725
2024-12-07 19:00:00,DK1,75.0,71.71339,-3.2866135
2024-12-07 19:00:00,DK2,75.0,52.577675,-22.422325
2024-12-07 20:00:00,DK1,76.34,81.91987,5.579872
2024-12-07 20:00:00,DK2,76.34,52.464752,-23.875244
2024-12-07 21:00:00,DK1,73.99,75.862305,1.8723068
2024-12-07 21:00:00,DK2,73.99,62.832718,-11.15728
2024-12-07 22:00:00,DK1,68.73,57.361122,-11.368881
2024-12-07 22:00:00,DK2,68.73,58.34662,-10.383385
2024-12-07 23:00:00,DK1,43.62,49.99228,6.37228
2024-12-07 23:00:00,DK2,43.62,47.95134,4.331341
2024-12-08 00:00:00,DK1,43.62,32.574795,-11.045204
2024-12-08 00:00:00,DK2,43.62,40.651665,-2.9683342
2024-12-08 01:00:00,DK1,50.76,27.744478,-23.01552
2024-12-08 01:00:00,DK2,50.75,38.39492,-12.35508
2024-12-08 02:00:00,DK1,41.4,39.288437,-2.1115646
2024-12-08 02:00:00,DK2,41.4,41.7947,0.3946991
2024-12-08 03:00:00,DK1,40.6,35.909035,-4.6909637
2024-12-08 03:00:00,DK2,40.6,46.726402,6.126404
2024-12-08 04:00:00,DK1,40.02,35.7082,-4.311802
2024-12-08 04:00:00,DK2,40.02,48.348763,8.328762
2024-12-08 05:00:00,DK1,40.94,41.39309,0.45309067
2024-12-08 05:00:00,DK2,40.94,45.184006,4.244007
2024-12-08 06:00:00,DK1,44.08,43.83979,-0.24021149
2024-12-08 06:00:00,DK2,44.08,46.776253,2.696251
2024-12-08 07:00:00,DK1,45.76,44.028656,-1.7313423
2024-12-08 07:00:00,DK2,45.76,53.36097,7.600971
2024-12-08 08:00:00,DK1,67.11,46.55301,-20.556992
2024-12-08 08:00:00,DK2,67.11,65.41469,-1.6953125
2024-12-08 09:00:00,DK1,88.91,69.87929,-19.030716
2024-12-08 09:00:00,DK2,88.91,73.43199,-15.478012
2024-12-08 10:00:00,DK1,103.92,85.85539,-18.064606
2024-12-08 10:00:00,DK2,103.92,85.571335,-18.348663
2024-12-08 11:00:00,DK1,86.08,98.68744,12.607437
2024-12-08 11:00:00,DK2,86.08,96.67377,10.593765
2024-12-08 12:00:00,DK1,96.55,83.789505,-12.760498
2024-12-08 12:00:00,DK2,101.82,85.182175,-16.637825
2024-12-08 13:00:00,DK1,85.14,89.780464,4.640465
2024-12-08 13:00:00,DK2,85.15,88.86157,3.7115707
2024-12-08 14:00:00,DK1,79.45,89.89925,10.449249
2024-12-08 14:00:00,DK2,79.45,83.44203,3.992035
2024-12-08 15:00:00,DK1,83.27,83.41437,0.14437103
2024-12-08 15:00:00,DK2,83.28,88.96765,5.6876526
2024-12-08 16:00:00,DK1,82.85,91.724625,8.874626
2024-12-08 16:00:00,DK2,82.87,79.44168,-3.4283218
2024-12-08 17:00:00,DK1,78.31,87.08937,8.779373
2024-12-08 17:00:00,DK2,78.33,80.364136,2.034134
2024-12-08 18:00:00,DK1,64.81,67.65439,2.8443909
2024-12-08 18:00:00,DK2,66.55,69.28378,2.73378
2024-12-08 19:00:00,DK1,57.94,50.496147,-7.4438515
2024-12-08 19:00:00,DK2,58.74,65.285866,6.545864
2024-12-08 20:00:00,DK1,54.66,49.514244,-5.145756
2024-12-08 20:00:00,DK2,54.67,59.148834,4.478836
2024-12-08 21:00:00,DK1,42.57,49.65737,7.087372
2024-12-08 21:00:00,DK2,43.13,51.793594,8.663593
2024-12-08 22:00:00,DK1,40.78,38.77384,-2.006157
2024-12-08 22:00:00,DK2,35.4,45.00267,9.602669
2024-12-08 23:00:00,DK1,42.91,37.411552,-5.4984474
2024-12-08 23:00:00,DK2,42.91,36.503067,-6.406933
2024-12-09 00:00:00,DK1,45.2,37.68891,-7.5110893
2024-12-09 00:00:00,DK2,45.21,28.957804,-16.252195
2024-12-09 01:00:00,DK1,35.06,49.404594,14.344593
2024-12-09 01:00:00,DK2,24.76,30.958193,6.1981926
2024-12-09 02:00:00,DK1,34.25,37.90336,3.6533585
2024-12-09 02:00:00,DK2,18.07,28.2052,10.1352005
2024-12-09 03:00:00,DK1,32.59,41.962692,9.372692
2024-12-09 03:00:00,DK2,9.62,22.504395,12.884395
2024-12-09 04:00:00,DK1,38.26,49.961212,11.701214
2024-12-09 04:00:00,DK2,38.24,20.326763,-17.913239
2024-12-09 05:00:00,DK1,42.72,59.675377,16.955376
2024-12-09 05:00:00,DK2,51.66,30.826513,-20.833487
2024-12-09 06:00:00,DK1,69.03,58.538704,-10.491295
2024-12-09 06:00:00,DK2,70.3,57.91047,-12.389534
2024-12-09 07:00:00,DK1,81.56,75.84059,-5.719406
2024-12-09 07:00:00,DK2,82.14,67.830894,-14.309105
2024-12-09 08:00:00,DK1,66.79,79.81664,13.026642
2024-12-09 08:00:00,DK2,67.09,78.623245,11.533249
2024-12-09 09:00:00,DK1,67.12,66.334625,-0.7853775
2024-12-09 09:00:00,DK2,67.42,65.37679,-2.0432053
2024-12-09 10:00:00,DK1,68.46,65.02976,-3.4302368
2024-12-09 10:00:00,DK2,68.77,58.99344,-9.776558
2024-12-09 11:00:00,DK1,69.82,68.65227,-1.1677322
2024-12-09 11:00:00,DK2,70.16,65.70015,-4.459854
2024-12-09 12:00:00,DK1,78.94,69.46138,-9.478622
2024-12-09 12:00:00,DK2,79.41,65.97397,-13.436035
2024-12-09 13:00:00,DK1,92.64,79.43611,-13.203888
2024-12-09 13:00:00,DK2,93.32,81.04648,-12.273521
2024-12-09 14:00:00,DK1,112.76,94.76955,-17.990456
2024-12-09 14:00:00,DK2,113.51,100.762344,-12.747658
2024-12-09 15:00:00,DK1,115.16,113.56912,-1.5908813
2024-12-09 15:00:00,DK2,116.05,106.47397,-9.576035
2024-12-09 16:00:00,DK1,118.94,109.947815,-8.9921875
2024-12-09 16:00:00,DK2,118.94,106.486244,-12.453758
2024-12-09 17:00:00,DK1,116.91,100.919174,-15.990829
2024-12-09 17:00:00,DK2,116.92,102.179184,-14.740814
2024-12-09 18:00:00,DK1,122.21,98.1581,-24.051903
2024-12-09 18:00:00,DK2,114.19,103.204315,-10.985687
2024-12-09 19:00:00,DK1,113.16,107.81677,-5.343231
2024-12-09 19:00:00,DK2,99.88,104.87582,4.995819
2024-12-09 20:00:00,DK1,100.98,106.263824,5.283821
2024-12-09 20:00:00,DK2,88.28,87.86665,-0.41334534
2024-12-09 21:00:00,DK1,98.48,92.46466,-6.0153427
2024-12-09 21:00:00,DK2,83.58,77.15431,-6.4256897
2024-12-09 22:00:00,DK1,92.39,88.359085,-4.0309143
2024-12-09 22:00:00,DK2,74.92,76.89287,1.9728699
2024-12-09 23:00:00,DK1,77.27,88.40106,11.131065
2024-12-09 23:00:00,DK2,72.65,62.060577,-10.589424
2024-12-10 00:00:00,DK1,85.0,71.94086,-13.059143
2024-12-10 00:00:00,DK2,69.38,77.19688,7.8168793
2024-12-10 01:00:00,DK1,86.5,78.63718,-7.8628235
2024-12-10 01:00:00,DK2,67.11,63.17875,-3.9312515
2024-12-10 02:00:00,DK1,83.7,87.9126,4.2126007
2024-12-10 02:00:00,DK2,68.02,71.777466,3.7574692
2024-12-10 03:00:00,DK1,87.21,88.914825,1.7048264
2024-12-10 03:00:00,DK2,70.17,73.31392,3.143921
2024-12-10 04:00:00,DK1,89.07,92.19072,3.12072
2024-12-10 04:00:00,DK2,80.46,76.740845,-3.7191544
2024-12-10 05:00:00,DK1,112.06,98.588036,-13.471962
2024-12-10 05:00:00,DK2,112.07,98.47479,-13.595207
2024-12-10 06:00:00,DK1,135.18,122.30922,-12.870773
2024-12-10 06:00:00,DK2,135.19,132.81136,-2.3786469
2024-12-10 07:00:00,DK1,169.76,146.911,-22.848999
2024-12-10 07:00:00,DK2,169.78,151.74884,-18.031158
2024-12-10 08:00:00,DK1,182.14,155.81973,-26.320267
2024-12-10 08:00:00,DK2,182.15,164.05203,-18.097961
2024-12-10 09:00:00,DK1,184.75,162.23528,-22.514725
2024-12-10 09:00:00,DK2,184.77,167.34163,-17.428375
2024-12-10 10:00:00,DK1,186.5,165.86823,-20.631775
2024-12-10 10:00:00,DK2,186.51,167.74316,-18.76683
2024-12-10 11:00:00,DK1,180.62,166.15575,-14.464249
2024-12-10 11:00:00,DK2,180.65,168.305,-12.345001
2024-12-10 12:00:00,DK1,190.78,166.02472,-24.75528
2024-12-10 12:00:00,DK2,190.8,169.1366,-21.663406
2024-12-10 13:00:00,DK1,189.41,170.27753,-19.132477
2024-12-10 13:00:00,DK2,189.43,170.94778,-18.482208
2024-12-10 14:00:00,DK1,197.64,171.03561,-26.604385
2024-12-10 14:00:00,DK2,197.64,171.14127,-26.498734
2024-12-10 15:00:00,DK1,199.09,171.04964,-28.04036
2024-12-10 15:00:00,DK2,200.19,171.26694,-28.923065
2024-12-10 16:00:00,DK1,199.34,171.26593,-28.074066
2024-12-10 16:00:00,DK2,202.39,171.26062,-31.12938
2024-12-10 17:00:00,DK1,181.0,170.98776,-10.012238
2024-12-10 17:00:00,DK2,181.01,170.40521,-10.604782
2024-12-10 18:00:00,DK1,180.17,166.10974,-14.060257
2024-12-10 18:00:00,DK2,180.18,167.2381,-12.941895
2024-12-10 19:00:00,DK1,166.6,167.13892,0.5389099
2024-12-10 19:00:00,DK2,166.61,163.03151,-3.5784912
2024-12-10 20:00:00,DK1,151.15,153.6857,2.5357056
2024-12-10 20:00:00,DK2,151.16,145.31453,-5.8454742
2024-12-10 21:00:00,DK1,137.94,135.02301,-2.9169922
2024-12-10 21:00:00,DK2,137.95,131.12088,-6.829117
2024-12-10 22:00:00,DK1,121.37,125.74555,4.3755493
2024-12-10 22:00:00,DK2,121.38,118.88629,-2.4937057
2024-12-10 23:00:00,DK1,115.94,114.796234,-1.1437683
2024-12-10 23:00:00,DK2,115.95,111.48583,-4.4641647
2024-12-11 00:00:00,DK1,108.22,112.96716,4.747162
2024-12-11 00:00:00,DK2,108.23,108.55159,0.3215866
2024-12-11 01:00:00,DK1,107.31,108.80415,1.4941559
2024-12-11 01:00:00,DK2,107.31,103.00336,-4.3066406
2024-12-11 02:00:00,DK1,106.17,102.52002,-3.6499786
2024-12-11 02:00:00,DK2,106.17,101.542984,-4.627014
2024-12-11 03:00:00,DK1,108.69,102.548164,-6.141838
2024-12-11 03:00:00,DK2,108.69,102.191505,-6.498497
2024-12-11 04:00:00,DK1,125.31,108.726006,-16.583992
2024-12-11 04:00:00,DK2,125.31,112.477356,-12.832642
2024-12-11 05:00:00,DK1,163.42,134.67468,-28.745316
2024-12-11 05:00:00,DK2,163.43,156.43825,-6.991745
2024-12-11 06:00:00,DK1,249.59,168.19754,-81.392456
2024-12-11 06:00:00,DK2,295.52,170.73424,-124.78575
2024-12-11 07:00:00,DK1,356.18,171.38063,-184.79936
2024-12-11 07:00:00,DK2,368.99,171.49826,-197.49173
2024-12-11 08:00:00,DK1,364.97,171.51396,-193.45604
2024-12-11 08:00:00,DK2,377.15,171.52448,-205.62552
2024-12-11 09:00:00,DK1,338.58,171.52223,-167.05775
2024-12-11 09:00:00,DK2,348.66,171.52936,-177.13065
2024-12-11 10:00:00,DK1,344.35,171.5281,-172.8219
2024-12-11 10:00:00,DK2,380.01,171.52939,-208.48062
2024-12-11 11:00:00,DK1,334.0,171.52682,-162.47318
2024-12-11 11:00:00,DK2,385.89,171.52718,-214.36284
2024-12-11 12:00:00,DK1,333.15,171.51663,-161.63336
2024-12-11 12:00:00,DK2,404.93,171.47781,-233.45218
2024-12-11 13:00:00,DK1,362.22,171.39105,-190.82895
2024-12-11 13:00:00,DK2,371.98,171.39465,-200.58536
2024-12-11 14:00:00,DK1,377.0,171.3042,-205.6958
2024-12-11 14:00:00,DK2,380.96,171.50949,-209.4505
2024-12-11 15:00:00,DK1,437.87,171.50877,-266.3612
2024-12-11 15:00:00,DK2,437.9,171.52475,-266.37524
2024-12-11 16:00:00,DK1,434.86,171.52336,-263.3366
2024-12-11 16:00:00,DK2,445.1,171.52344,-273.57657
2024-12-11 17:00:00,DK1,359.92,171.52092,-188.3991
2024-12-11 17:00:00,DK2,359.93,171.50717,-188.42282
2024-12-11 18:00:00,DK1,341.25,171.4942,-169.7558
2024-12-11 18:00:00,DK2,341.26,171.5028,-169.7572
2024-12-11 19:00:00,DK1,206.82,171.4982,-35.321808
2024-12-11 19:00:00,DK2,206.83,171.52684,-35.30316
2024-12-11 20:00:00,DK1,171.2,171.52219,0.32218933
2024-12-11 20:00:00,DK2,171.2,171.52582,0.32582092
2024-12-11 21:00:00,DK1,150.0,171.4961,21.496094
2024-12-11 21:00:00,DK2,150.01,166.71545,16.70546
2024-12-11 22:00:00,DK1,135.96,137.17601,1.2160034
2024-12-11 22:00:00,DK2,135.97,137.81313,1.8431244
2024-12-11 23:00:00,DK1,122.24,126.54948,4.3094788
2024-12-11 23:00:00,DK2,122.25,117.47711,-4.772888
2024-12-12 00:00:00,DK1,115.3,115.977486,0.6774826
2024-12-12 00:00:00,DK2,115.31,108.30487,-7.005127
2024-12-12 01:00:00,DK1,109.96,108.68707,-1.2729263
2024-12-12 01:00:00,DK2,109.97,107.029465,-2.9405365
2024-12-12 02:00:00,DK1,107.35,103.662,-3.687996
2024-12-12 02:00:00,DK2,107.36,104.86394,-2.4960632
2024-12-12 03:00:00,DK1,112.51,106.453476,-6.056526
2024-12-12 03:00:00,DK2,112.52,111.19032,-1.3296738
2024-12-12 04:00:00,DK1,123.67,112.77338,-10.896622
2024-12-12 04:00:00,DK2,123.67,114.79749,-8.872505
2024-12-12 05:00:00,DK1,176.18,141.67822,-34.50177
2024-12-12 05:00:00,DK2,176.19,163.8637,-12.326309
2024-12-12 06:00:00,DK1,599.99,170.19945,-429.79053
2024-12-12 06:00:00,DK2,600.03,171.20502,-428.825
2024-12-12 07:00:00,DK1,655.6,171.47751,-484.12247
2024-12-12 07:00:00,DK2,655.64,171.50175,-484.13824
2024-12-12 08:00:00,DK1,646.76,171.5104,-475.2496
2024-12-12 08:00:00,DK2,646.79,171.51459,-475.2754
2024-12-12 09:00:00,DK1,543.83,171.51175,-372.31827
2024-12-12 09:00:00,DK2,543.86,171.51712,-372.34286
2024-12-12 10:00:00,DK1,465.36,171.52036,-293.83963
2024-12-12 10:00:00,DK2,465.38,171.52458,-293.8554
2024-12-12 11:00:00,DK1,404.99,171.52737,-233.46262
2024-12-12 11:00:00,DK2,405.01,171.53091,-233.4791
2024-12-12 12:00:00,DK1,415.3,171.53143,-243.76855
2024-12-12 12:00:00,DK2,415.31,171.53127,-243.77873
2024-12-12 13:00:00,DK1,490.34,171.53152,-318.80847
2024-12-12 13:00:00,DK2,490.36,171.53137,-318.8286
2024-12-12 14:00:00,DK1,668.49,171.5316,-496.95837
2024-12-12 14:00:00,DK2,668.51,171.53119,-496.97882
2024-12-12 15:00:00,DK1,818.98,171.53119,-647.4488
2024-12-12 15:00:00,DK2,819.01,171.52853,-647.48145
2024-12-12 16:00:00,DK1,936.28,171.52737,-764.7527
2024-12-12 16:00:00,DK2,936.31,171.5203,-764.7897
2024-12-12 17:00:00,DK1,674.18,171.51137,-502.66864
2024-12-12 17:00:00,DK2,674.2,171.52438,-502.67563
2024-12-12 18:00:00,DK1,551.01,171.52203,-379.48798
2024-12-12 18:00:00,DK2,551.02,171.52905,-379.49097
2024-12-12 19:00:00,DK1,295.66,171.5286,-124.13141
2024-12-12 19:00:00,DK2,295.66,171.52884,-124.131165
2024-12-12 20:00:00,DK1,169.4,171.52826,2.1282654
2024-12-12 20:00:00,DK2,169.41,171.5288,2.1187897
2024-12-12 21:00:00,DK1,150.0,171.52802,21.528015
2024-12-12 21:00:00,DK2,150.01,171.51822,21.508224
2024-12-12 22:00:00,DK1,134.75,171.1442,36.394196
2024-12-12 22:00:00,DK2,134.76,167.30066,32.540665
2024-12-12 23:00:00,DK1,130.07,151.07059,21.00058
2024-12-12 23:00:00,DK2,130.07,143.41788,13.34787
2024-12-13 00:00:00,DK1,122.9,133.9469,11.046898
2024-12-13 00:00:00,DK2,122.9,133.27682,10.376823
2024-12-13 01:00:00,DK1,118.97,119.55331,0.58330536
2024-12-13 01:00:00,DK2,118.97,115.24915,-3.720848
2024-12-13 02:00:00,DK1,114.95,116.067154,1.117157
2024-12-13 02:00:00,DK2,114.95,114.087204,-0.86279297
2024-12-13 03:00:00,DK1,115.64,111.43235,-4.207649
2024-12-13 03:00:00,DK2,115.64,109.35991,-6.2800903
2024-12-13 04:00:00,DK1,125.83,113.518326,-12.311676
2024-12-13 04:00:00,DK2,125.85,116.70417,-9.145828
2024-12-13 05:00:00,DK1,156.53,127.38072,-29.149277
2024-12-13 05:00:00,DK2,156.56,140.88086,-15.679138
2024-12-13 06:00:00,DK1,187.71,166.59854,-21.111465
2024-12-13 06:00:00,DK2,187.76,170.77203,-16.98796
2024-12-13 07:00:00,DK1,253.0,171.2501,-81.74989
2024-12-13 07:00:00,DK2,253.03,171.36137,-81.668625
2024-12-13 08:00:00,DK1,245.74,171.41304,-74.326965
2024-12-13 08:00:00,DK2,245.77,171.4285,-74.34151
2024-12-13 09:00:00,DK1,208.42,171.4657,-36.9543
2024-12-13 09:00:00,DK2,208.44,171.20917,-37.230835
2024-12-13 10:00:00,DK1,174.4,170.22563,-4.174362
2024-12-13 10:00:00,DK2,174.42,164.74452,-9.675476
2024-12-13 11:00:00,DK1,166.06,149.38795,-16.672043
2024-12-13 11:00:00,DK2,166.07,159.46794,-6.602066
2024-12-13 12:00:00,DK1,165.0,143.02734,-21.972656
2024-12-13 12:00:00,DK2,165.01,147.99977,-17.010223
2024-12-13 13:00:00,DK1,184.5,149.16623,-35.33377
2024-12-13 13:00:00,DK2,184.51,158.05609,-26.453903
2024-12-13 14:00:00,DK1,220.77,169.14948,-51.62053
2024-12-13 14:00:00,DK2,220.8,171.20544,-49.59456
2024-12-13 15:00:00,DK1,250.06,171.44115,-78.61885
2024-12-13 15:00:00,DK2,250.09,171.39899,-78.69101
2024-12-13 16:00:00,DK1,284.21,171.47144,-112.738556
2024-12-13 16:00:00,DK2,284.21,171.49768,-112.71231
2024-12-13 17:00:00,DK1,260.0,171.5075,-88.49249
2024-12-13 17:00:00,DK2,260.0,171.51901,-88.48099
2024-12-13 18:00:00,DK1,225.6,171.5227,-54.0773
2024-12-13 18:00:00,DK2,225.61,171.48709,-54.12291
2024-12-13 19:00:00,DK1,175.0,171.48697,-3.513031
2024-12-13 19:00:00,DK2,175.0,171.36295,-3.6370544
2024-12-13 20:00:00,DK1,146.22,167.62845,21.408447
2024-12-13 20:00:00,DK2,146.22,143.7308,-2.4891968
2024-12-13 21:00:00,DK1,135.09,107.930664,-27.159332
2024-12-13 21:00:00,DK2,135.09,118.93048,-16.159515
2024-12-13 22:00:00,DK1,116.52,123.67756,7.1575623
2024-12-13 22:00:00,DK2,116.52,114.96422,-1.5557785
2024-12-13 23:00:00,DK1,116.94,106.793884,-10.146118
2024-12-13 23:00:00,DK2,116.93,100.74169,-16.188309
2024-12-14 00:00:00,DK1,111.36,104.6142,-6.745804
2024-12-14 00:00:00,DK2,111.36,104.37575,-6.984253
2024-12-14 01:00:00,DK1,108.04,106.21327,-1.8267288
2024-12-14 01:00:00,DK2,108.03,108.860115,0.8301163
2024-12-14 02:00:00,DK1,99.02,117.33649,18.31649
2024-12-14 02:00:00,DK2,99.02,106.4874,7.4673996
2024-12-14 03:00:00,DK1,93.44,103.84577,10.405769
2024-12-14 03:00:00,DK2,93.44,101.12368,7.6836777
2024-12-14 04:00:00,DK1,88.11,95.35248,7.2424774
2024-12-14 04:00:00,DK2,88.11,94.68581,6.5758057
2024-12-14 05:00:00,DK1,69.46,91.6134,22.153404
2024-12-14 05:00:00,DK2,69.46,89.58992,20.129921
2024-12-14 06:00:00,DK1,78.02,90.16817,12.14817
2024-12-14 06:00:00,DK2,78.02,77.31266,-0.7073364
2024-12-14 07:00:00,DK1,88.77,90.87019,2.1001968
2024-12-14 07:00:00,DK2,88.76,75.316345,-13.443657
2024-12-14 08:00:00,DK1,74.3,101.69289,27.392883
2024-12-14 08:00:00,DK2,74.3,99.36281,25.062805
2024-12-14 09:00:00,DK1,40.21,102.38058,62.170578
2024-12-14 09:00:00,DK2,40.02,69.9843,29.964298
2024-12-14 10:00:00,DK1,37.16,84.69968,47.539677
2024-12-14 10:00:00,DK2,37.15,34.31434,-2.8356628
2024-12-14 11:00:00,DK1,37.57,54.157326,16.587326
2024-12-14 11:00:00,DK2,37.41,34.89071,-2.519291
2024-12-14 12:00:00,DK1,36.67,53.06286,16.39286
2024-12-14 12:00:00,DK2,36.67,33.075836,-3.594162
2024-12-14 13:00:00,DK1,35.6,44.969513,9.369514
2024-12-14 13:00:00,DK2,35.4,30.002794,-5.3972073
2024-12-14 14:00:00,DK1,35.11,37.434425,2.3244247
2024-12-14 14:00:00,DK2,35.11,35.386032,0.2760315
2024-12-14 15:00:00,DK1,36.77,47.740234,10.970234
2024-12-14 15:00:00,DK2,36.77,37.50647,0.73646927
2024-12-14 16:00:00,DK1,37.36,53.807617,16.447617
2024-12-14 16:00:00,DK2,37.36,36.029015,-1.330986
2024-12-14 17:00:00,DK1,33.52,55.7647,22.244701
2024-12-14 17:00:00,DK2,24.91,35.247528,10.337528
2024-12-14 18:00:00,DK1,35.12,39.363327,4.243328
2024-12-14 18:00:00,DK2,12.86,34.529068,21.669067
2024-12-14 19:00:00,DK1,31.08,33.062805,1.9828053
2024-12-14 19:00:00,DK2,12.88,24.487288,11.607287
2024-12-14 20:00:00,DK1,25.96,26.691902,0.7319031
2024-12-14 20:00:00,DK2,12.89,19.5554,6.6654005
2024-12-14 21:00:00,DK1,29.58,22.008856,-7.571144
2024-12-14 21:00:00,DK2,12.83,15.481846,2.651846
2024-12-14 22:00:00,DK1,29.48,19.807264,-9.672735
2024-12-14 22:00:00,DK2,3.3,12.221243,8.921243
2024-12-14 23:00:00,DK1,45.07,20.902115,-24.167885
2024-12-14 23:00:00,DK2,22.38,10.724988,-11.655011
2024-12-15 00:00:00,DK1,35.27,66.40589,31.135891
2024-12-15 00:00:00,DK2,22.36,15.338984,-7.021017
2024-12-15 01:00:00,DK1,31.17,33.02487,1.8548717
2024-12-15 01:00:00,DK2,13.98,17.263044,3.2830448
2024-12-15 02:00:00,DK1,31.28,23.261892,-8.018108
2024-12-15 02:00:00,DK2,22.32,14.853254,-7.4667454
2024-12-15 03:00:00,DK1,33.75,36.138412,2.3884125
2024-12-15 03:00:00,DK2,22.34,15.803165,-6.5368347
2024-12-15 04:00:00,DK1,36.2,49.545677,13.345676
2024-12-15 04:00:00,DK2,14.21,24.286983,10.076983
2024-12-15 05:00:00,DK1,36.44,49.819244,13.379246
2024-12-15 05:00:00,DK2,25.17,26.393408,1.2234077
2024-12-15 06:00:00,DK1,45.19,46.797554,1.6075554
2024-12-15 06:00:00,DK2,29.4,28.839579,-0.560421
2024-12-15 07:00:00,DK1,49.62,56.72869,7.108692
2024-12-15 07:00:00,DK2,33.82,34.303688,0.48368835
2024-12-15 08:00:00,DK1,42.51,50.6873,8.177303
2024-12-15 08:00:00,DK2,41.84,39.049644,-2.7903557
2024-12-15 09:00:00,DK1,40.31,39.708496,-0.6015053
2024-12-15 09:00:00,DK2,40.98,37.870255,-3.109745
2024-12-15 10:00:00,DK1,39.16,32.48317,-6.6768303
2024-12-15 10:00:00,DK2,41.58,35.824097,-5.755905
2024-12-15 11:00:00,DK1,39.04,27.863062,-11.176939
2024-12-15 11:00:00,DK2,42.29,37.974236,-4.3157654
2024-12-15 12:00:00,DK1,38.37,32.465134,-5.9048653
2024-12-15 12:00:00,DK2,41.21,40.207565,-1.0024338
2024-12-15 13:00:00,DK1,36.6,38.741158,2.141159
2024-12-15 13:00:00,DK2,39.38,39.635094,0.25509262
2024-12-15 14:00:00,DK1,35.28,36.7433,1.4633026
2024-12-15 14:00:00,DK2,37.9,39.800957,1.9009552
2024-12-15 15:00:00,DK1,34.28,39.905907,5.625908
2024-12-15 15:00:00,DK2,34.28,37.996323,3.7163239
2024-12-15 16:00:00,DK1,31.32,40.65177,9.331772
2024-12-15 16:00:00,DK2,31.32,36.685432,5.3654327
2024-12-15 17:00:00,DK1,25.99,38.259995,12.269995
2024-12-15 17:00:00,DK2,25.99,36.884506,10.894506
2024-12-15 18:00:00,DK1,22.38,32.15033,9.77033
2024-12-15 18:00:00,DK2,22.38,31.792204,9.412205
2024-12-15 19:00:00,DK1,18.55,25.070093,6.520094
2024-12-15 19:00:00,DK2,18.55,25.940668,7.390669
2024-12-15 20:00:00,DK1,13.96,20.637814,6.6778135
2024-12-15 20:00:00,DK2,13.96,20.640411,6.6804113
2024-12-15 21:00:00,DK1,10.08,15.363941,5.2839413
2024-12-15 21:00:00,DK2,10.09,15.836689,5.746689
2024-12-15 22:00:00,DK1,2.29,12.148285,9.858285
2024-12-15 22:00:00,DK2,2.29,9.894333,7.604333
2024-12-15 23:00:00,DK1,0.09,5.4834557,5.3934555
2024-12-15 23:00:00,DK2,0.09,5.107497,5.017497
2024-12-16 00:00:00,DK1,0.1,3.352162,3.252162
2024-12-16 00:00:00,DK2,0.1,2.1870492,2.0870492
2024-12-16 01:00:00,DK1,0.05,2.008888,1.958888
2024-12-16 01:00:00,DK2,0.05,0.87385297,0.82385296
2024-12-16 02:00:00,DK1,0.07,1.4960535,1.4260534
2024-12-16 02:00:00,DK2,0.07,1.0736148,1.0036148
2024-12-16 03:00:00,DK1,0.02,2.1453547,2.1253548
2024-12-16 03:00:00,DK2,0.02,1.6268897,1.6068897
2024-12-16 04:00:00,DK1,1.75,4.0842414,2.3342414
2024-12-16 04:00:00,DK2,2.18,2.7299087,0.54990864
2024-12-16 05:00:00,DK1,7.73,7.70171,-0.028289795
2024-12-16 05:00:00,DK2,7.28,4.0683722,-3.211628
2024-12-16 06:00:00,DK1,29.5,14.647809,-14.852191
2024-12-16 06:00:00,DK2,29.52,8.590363,-20.929638
2024-12-16 07:00:00,DK1,34.5,33.98158,-0.5184212
2024-12-16 07:00:00,DK2,34.51,21.70454,-12.805458
2024-12-16 08:00:00,DK1,31.79,46.94519,15.1551895
2024-12-16 08:00:00,DK2,32.95,28.763239,-4.186762
2024-12-16 09:00:00,DK1,30.79,42.318886,11.528885
2024-12-16 09:00:00,DK2,31.44,30.122717,-1.3172836
2024-12-16 10:00:00,DK1,30.09,40.25856,10.16856
2024-12-16 10:00:00,DK2,30.86,22.853994,-8.006006
2024-12-16 11:00:00,DK1,29.41,37.1792,7.7691994
2024-12-16 11:00:00,DK2,30.46,26.278242,-4.181757
2024-12-16 12:00:00,DK1,29.09,36.863487,7.773487
2024-12-16 12:00:00,DK2,29.59,24.241352,-5.348648
2024-12-16 13:00:00,DK1,28.58,26.361322,-2.2186775
2024-12-16 13:00:00,DK2,30.65,27.264933,-3.385067
2024-12-16 14:00:00,DK1,33.0,23.4591,-9.540899
2024-12-16 14:00:00,DK2,36.09,28.933128,-7.156872
2024-12-16 15:00:00,DK1,32.33,29.874548,-2.4554539
2024-12-16 15:00:00,DK2,35.13,32.62178,-2.5082207
2024-12-16 16:00:00,DK1,30.96,24.36878,-6.591219
2024-12-16 16:00:00,DK2,33.36,42.548386,9.188385
2024-12-16 17:00:00,DK1,32.44,27.716467,-4.7235317
2024-12-16 17:00:00,DK2,34.74,34.23941,-0.5005913
2024-12-16 18:00:00,DK1,29.69,24.016047,-5.673954
2024-12-16 18:00:00,DK2,29.7,32.056316,2.3563156
2024-12-16 19:00:00,DK1,25.47,27.728777,2.2587776
2024-12-16 19:00:00,DK2,26.83,25.975845,-0.8541546
2024-12-16 20:00:00,DK1,22.33,17.505026,-4.824974
2024-12-16 20:00:00,DK2,22.35,22.53273,0.18272972
2024-12-16 21:00:00,DK1,16.79,14.154868,-2.6351328
2024-12-16 21:00:00,DK2,8.51,13.2225895,4.7125893
2024-12-16 22:00:00,DK1,16.59,11.884922,-4.705078
2024-12-16 22:00:00,DK2,3.89,9.476879,5.586879
2024-12-16 23:00:00,DK1,14.24,9.363567,-4.8764324
2024-12-16 23:00:00,DK2,34.79,7.4806404,-27.30936
2024-12-17 00:00:00,DK1,20.06,12.214685,-7.845314
2024-12-17 00:00:00,DK2,21.39,10.31136,-11.078639
2024-12-17 01:00:00,DK1,19.75,8.0939865,-11.6560135
2024-12-17 01:00:00,DK2,19.75,10.167683,-9.582317
2024-12-17 02:00:00,DK1,20.62,9.725555,-10.894445
2024-12-17 02:00:00,DK2,21.3,6.192179,-15.1078205
2024-12-17 03:00:00,DK1,16.99,11.702748,-5.2872515
2024-12-17 03:00:00,DK2,22.93,5.859065,-17.070934
2024-12-17 04:00:00,DK1,16.56,11.246776,-5.313224
2024-12-17 04:00:00,DK2,16.56,10.433506,-6.1264935
2024-12-17 05:00:00,DK1,35.13,14.322616,-20.807384
2024-12-17 05:00:00,DK2,35.14,18.719282,-16.420717
2024-12-17 06:00:00,DK1,44.81,45.71376,0.903759
2024-12-17 06:00:00,DK2,44.83,21.99376,-22.836243
2024-12-17 07:00:00,DK1,51.5,65.07247,13.572472
2024-12-17 07:00:00,DK2,53.15,44.86151,-8.28849
2024-12-17 08:00:00,DK1,56.42,57.14849,0.72849274
2024-12-17 08:00:00,DK2,56.45,51.076454,-5.3735466
2024-12-17 09:00:00,DK1,52.99,46.172737,-6.8172646
2024-12-17 09:00:00,DK2,53.01,49.714424,-3.2955742
2024-12-17 10:00:00,DK1,51.16,48.700676,-2.459324
2024-12-17 10:00:00,DK2,51.18,43.76967,-7.4103317
2024-12-17 11:00:00,DK1,60.74,43.4907,-17.249302
2024-12-17 11:00:00,DK2,60.77,46.08712,-14.68288
2024-12-17 12:00:00,DK1,63.81,52.978485,-10.831516
2024-12-17 12:00:00,DK2,63.84,55.025574,-8.814426
2024-12-17 13:00:00,DK1,85.89,65.093185,-20.796814
2024-12-17 13:00:00,DK2,85.93,63.66008,-22.26992
2024-12-17 14:00:00,DK1,107.36,80.64433,-26.715668
2024-12-17 14:00:00,DK2,107.4,87.4086,-19.991402
2024-12-17 15:00:00,DK1,112.51,105.21804,-7.2919617
2024-12-17 15:00:00,DK2,112.55,109.63292,-2.9170837
2024-12-17 16:00:00,DK1,127.33,114.38125,-12.948753
2024-12-17 16:00:00,DK2,127.36,114.79668,-12.563324
2024-12-17 17:00:00,DK1,121.6,115.985016,-5.6149826
2024-12-17 17:00:00,DK2,121.65,114.71344,-6.9365616
2024-12-17 18:00:00,DK1,108.1,109.596375,1.496376
2024-12-17 18:00:00,DK2,108.14,106.73657,-1.4034271
2024-12-17 19:00:00,DK1,98.51,95.9084,-2.6016006
2024-12-17 19:00:00,DK2,98.52,96.34711,-2.1728897
2024-12-17 20:00:00,DK1,95.84,89.54272,-6.2972794
2024-12-17 20:00:00,DK2,95.86,91.10507,-4.7549286
2024-12-17 21:00:00,DK1,80.49,83.6142,3.124199
2024-12-17 21:00:00,DK2,80.5,82.19699,1.696991
2024-12-17 22:00:00,DK1,60.74,63.666336,2.9263344
2024-12-17 22:00:00,DK2,60.75,61.858284,1.108284
2024-12-17 23:00:00,DK1,22.53,40.1485,17.618498
2024-12-17 23:00:00,DK2,41.87,37.43235,-4.437649
2024-12-18 00:00:00,DK1,30.55,15.600461,-14.949538
2024-12-18 00:00:00,DK2,31.54,28.995674,-2.5443268
2024-12-18 01:00:00,DK1,27.15,11.768436,-15.381563
2024-12-18 01:00:00,DK2,27.4,14.500633,-12.899366
2024-12-18 02:00:00,DK1,16.32,8.545975,-7.774025
2024-12-18 02:00:00,DK2,34.58,10.003544,-24.576458
2024-12-18 03:00:00,DK1,14.55,8.442331,-6.107669
2024-12-18 03:00:00,DK2,23.46,19.088346,-4.3716526
2024-12-18 04:00:00,DK1,9.03,9.308148,0.27814865
2024-12-18 04:00:00,DK2,27.09,21.29398,-5.7960205
2024-12-18 05:00:00,DK1,6.05,16.962383,10.912383
2024-12-18 05:00:00,DK2,34.06,23.558634,-10.501368
2024-12-18 06:00:00,DK1,39.05,18.366814,-20.683186
2024-12-18 06:00:00,DK2,41.87,43.669014,1.799015
2024-12-18 07:00:00,DK1,49.68,36.77951,-12.90049
2024-12-18 07:00:00,DK2,55.47,46.885887,-8.584114
2024-12-18 08:00:00,DK1,43.28,42.68006,-0.59993744
2024-12-18 08:00:00,DK2,49.25,52.331947,3.0819473
2024-12-18 09:00:00,DK1,33.49,38.945953,5.4559517
2024-12-18 09:00:00,DK2,45.07,53.147354,8.077354
2024-12-18 10:00:00,DK1,32.76,25.448,-7.3119984
2024-12-18 10:00:00,DK2,42.05,45.531548,3.4815483
2024-12-18 11:00:00,DK1,31.79,23.281466,-8.508535
2024-12-18 11:00:00,DK2,35.89,37.32647,1.43647
2024-12-18 12:00:00,DK1,31.35,17.552013,-13.797987
2024-12-18 12:00:00,DK2,35.14,35.178528,0.038528442
2024-12-18 13:00:00,DK1,30.84,21.461382,-9.378618
2024-12-18 13:00:00,DK2,33.71,27.942957,-5.767042
2024-12-18 14:00:00,DK1,32.88,23.481081,-9.39892
2024-12-18 14:00:00,DK2,35.44,28.240211,-7.199787
2024-12-18 15:00:00,DK1,28.37,26.67761,-1.6923904
2024-12-18 15:00:00,DK2,29.65,31.351456,1.7014561
2024-12-18 16:00:00,DK1,29.34,27.314867,-2.0251331
2024-12-18 16:00:00,DK2,29.54,27.108227,-2.4317741
2024-12-18 17:00:00,DK1,19.67,27.410742,7.7407417
2024-12-18 17:00:00,DK2,57.57,22.813791,-34.75621
2024-12-18 18:00:00,DK1,17.3,20.239939,2.9399395
2024-12-18 18:00:00,DK2,57.28,24.741903,-32.538094
2024-12-18 19:00:00,DK1,15.97,18.808062,2.8380613
2024-12-18 19:00:00,DK2,52.59,20.330206,-32.259796
2024-12-18 20:00:00,DK1,17.86,13.654051,-4.20595
2024-12-18 20:00:00,DK2,46.53,21.700075,-24.829924
2024-12-18 21:00:00,DK1,20.66,11.460142,-9.199858
2024-12-18 21:00:00,DK2,39.28,17.041485,-22.238514
2024-12-18 22:00:00,DK1,21.44,9.291791,-12.14821
2024-12-18 22:00:00,DK2,21.44,11.615207,-9.824794
2024-12-18 23:00:00,DK1,11.28,5.699238,-5.580762
2024-12-18 23:00:00,DK2,11.28,5.751443,-5.528557
2024-12-19 00:00:00,DK1,13.23,2.8837562,-10.346243
2024-12-19 00:00:00,DK2,13.23,2.059095,-11.170904
2024-12-19 01:00:00,DK1,5.47,2.747932,-2.7220678
2024-12-19 01:00:00,DK2,4.89,1.2487202,-3.6412797
2024-12-19 02:00:00,DK1,1.82,2.6650968,0.8450967
2024-12-19 02:00:00,DK2,1.8,1.013783,-0.786217
2024-12-19 03:00:00,DK1,0.31,3.085804,2.775804
2024-12-19 03:00:00,DK2,0.41,2.2055612,1.7955612
2024-12-19 04:00:00,DK1,2.0,9.687112,7.687112
2024-12-19 04:00:00,DK2,2.24,4.473532,2.2335322
2024-12-19 05:00:00,DK1,8.57,25.198658,16.628658
2024-12-19 05:00:00,DK2,8.33,9.312694,0.9826937
2024-12-19 06:00:00,DK1,53.95,28.81344,-25.13656
2024-12-19 06:00:00,DK2,53.94,20.045431,-33.89457
2024-12-19 07:00:00,DK1,66.48,57.705612,-8.774391
2024-12-19 07:00:00,DK2,67.44,41.52987,-25.910133
2024-12-19 08:00:00,DK1,67.46,60.025993,-7.4340057
2024-12-19 08:00:00,DK2,68.42,53.755188,-14.66481
2024-12-19 09:00:00,DK1,64.99,45.95936,-19.03064
2024-12-19 09:00:00,DK2,65.84,50.8869,-14.9530945
2024-12-19 10:00:00,DK1,57.41,59.99446,2.5844612
2024-12-19 10:00:00,DK2,58.06,68.41694,10.356937
2024-12-19 11:00:00,DK1,37.14,54.104378,16.964378
2024-12-19 11:00:00,DK2,37.78,52.42195,14.6419525
2024-12-19 12:00:00,DK1,31.26,30.557547,-0.7024536
2024-12-19 12:00:00,DK2,31.35,34.9021,3.5520992
2024-12-19 13:00:00,DK1,30.53,23.395197,-7.134804
2024-12-19 13:00:00,DK2,30.64,35.088593,4.448593
2024-12-19 14:00:00,DK1,30.95,19.428144,-11.521856
2024-12-19 14:00:00,DK2,31.06,25.101221,-5.9587784
2024-12-19 15:00:00,DK1,31.4,31.788748,0.38874817
2024-12-19 15:00:00,DK2,31.42,24.79973,-6.62027
2024-12-19 16:00:00,DK1,30.88,33.33503,2.4550304
2024-12-19 16:00:00,DK2,30.88,24.575277,-6.304722
2024-12-19 17:00:00,DK1,21.45,35.017273,13.567272
2024-12-19 17:00:00,DK2,45.82,23.688225,-22.131775
2024-12-19 18:00:00,DK1,7.95,25.841995,17.891994
2024-12-19 18:00:00,DK2,71.18,18.14264,-53.03736
2024-12-19 19:00:00,DK1,6.45,17.011234,10.561234
2024-12-19 19:00:00,DK2,66.05,18.252436,-47.79757
2024-12-19 20:00:00,DK1,6.96,10.516424,3.5564241
2024-12-19 20:00:00,DK2,35.96,21.14593,-14.81407
2024-12-19 21:00:00,DK1,6.55,7.1380806,0.5880804
2024-12-19 21:00:00,DK2,20.24,14.119071,-6.120929
2024-12-19 22:00:00,DK1,10.92,3.9237046,-6.9962955
2024-12-19 22:00:00,DK2,18.98,8.195655,-10.784345
2024-12-19 23:00:00,DK1,11.17,2.0434573,-9.126543
2024-12-19 23:00:00,DK2,25.84,5.552868,-20.287132
2024-12-20 00:00:00,DK1,18.02,1.1722925,-16.847708
2024-12-20 00:00:00,DK2,16.24,2.282165,-13.957834
2024-12-20 01:00:00,DK1,16.31,0.5726665,-15.737333
2024-12-20 01:00:00,DK2,16.31,2.2665253,-14.043474
2024-12-20 02:00:00,DK1,17.43,0.47023785,-16.959763
2024-12-20 02:00:00,DK2,17.43,3.9255984,-13.504402
2024-12-20 03:00:00,DK1,13.83,2.8102782,-11.019722
2024-12-20 03:00:00,DK2,17.39,4.5762544,-12.8137455
2024-12-20 04:00:00,DK1,9.04,5.2963595,-3.7436404
2024-12-20 04:00:00,DK2,12.79,3.6008394,-9.18916
2024-12-20 05:00:00,DK1,5.31,3.8370972,-1.4729028
2024-12-20 05:00:00,DK2,26.89,5.1830673,-21.706932
2024-12-20 06:00:00,DK1,27.17,14.426293,-12.743707
2024-12-20 06:00:00,DK2,29.91,15.669424,-14.240576
2024-12-20 07:00:00,DK1,20.24,32.876766,12.636766
2024-12-20 07:00:00,DK2,39.52,28.743378,-10.776623
2024-12-20 08:00:00,DK1,30.2,24.741512,-5.4584885
2024-12-20 08:00:00,DK2,33.39,46.097862,12.707863
2024-12-20 09:00:00,DK1,31.25,20.918192,-10.331808
2024-12-20 09:00:00,DK2,32.45,29.408274,-3.041727
2024-12-20 10:00:00,DK1,31.94,20.958036,-10.981964
2024-12-20 10:00:00,DK2,33.22,23.98509,-9.234911
2024-12-20 11:00:00,DK1,33.59,23.551582,-10.038418
2024-12-20 11:00:00,DK2,33.81,23.87831,-9.931692
2024-12-20 12:00:00,DK1,33.49,26.748253,-6.741749
2024-12-20 12:00:00,DK2,33.49,22.955044,-10.534958
2024-12-20 13:00:00,DK1,35.07,27.54043,-7.5295696
2024-12-20 13:00:00,DK2,35.07,24.71539,-10.35461
2024-12-20 14:00:00,DK1,44.17,40.070305,-4.0996933
2024-12-20 14:00:00,DK2,44.03,31.78894,-12.241058
2024-12-20 15:00:00,DK1,71.91,50.927795,-20.982208
2024-12-20 15:00:00,DK2,71.92,46.89451,-25.02549
2024-12-20 16:00:00,DK1,87.88,81.30409,-6.575905
2024-12-20 16:00:00,DK2,87.88,76.006134,-11.873863
2024-12-20 17:00:00,DK1,78.12,91.71066,13.59066
2024-12-20 17:00:00,DK2,78.12,83.44049,5.320488
2024-12-20 18:00:00,DK1,49.2,54.078026,4.878025
2024-12-20 18:00:00,DK2,49.2,58.71586,9.515858
2024-12-20 19:00:00,DK1,33.57,32.275253,-1.2947464
2024-12-20 19:00:00,DK2,33.57,42.136795,8.566795
2024-12-20 20:00:00,DK1,30.95,23.016037,-7.933964
2024-12-20 20:00:00,DK2,31.37,36.266068,4.8960667
2024-12-20 21:00:00,DK1,24.75,17.889114,-6.8608856
2024-12-20 21:00:00,DK2,37.15,28.240957,-8.909044
2024-12-20 22:00:00,DK1,19.91,13.919014,-5.990986
2024-12-20 22:00:00,DK2,19.92,23.86601,3.9460106
2024-12-20 23:00:00,DK1,11.67,6.487321,-5.182679
2024-12-20 23:00:00,DK2,11.67,15.172871,3.5028706
2024-12-21 00:00:00,DK1,22.36,3.8587465,-18.501255
2024-12-21 00:00:00,DK2,22.36,10.649405,-11.710596
2024-12-21 01:00:00,DK1,21.56,3.7237356,-17.836264
2024-12-21 01:00:00,DK2,21.08,8.880442,-12.199558
2024-12-21 02:00:00,DK1,19.41,7.792067,-11.617933
2024-12-21 02:00:00,DK2,16.13,6.5054846,-9.624515
2024-12-21 03:00:00,DK1,18.11,7.892716,-10.217285
2024-12-21 03:00:00,DK2,15.21,6.8101044,-8.399896
2024-12-21 04:00:00,DK1,20.04,9.999464,-10.040537
2024-12-21 04:00:00,DK2,16.45,6.7452497,-9.704751
2024-12-21 05:00:00,DK1,20.0,22.185478,2.1854782
2024-12-21 05:00:00,DK2,16.8,8.127199,-8.6728
2024-12-21 06:00:00,DK1,21.21,41.465034,20.255035
2024-12-21 06:00:00,DK2,21.21,13.545902,-7.664097
2024-12-21 07:00:00,DK1,22.87,40.014114,17.144114
2024-12-21 07:00:00,DK2,22.86,19.94229,-2.9177113
2024-12-21 08:00:00,DK1,29.33,31.856514,2.526514
2024-12-21 08:00:00,DK2,29.33,24.430002,-4.8999977
2024-12-21 09:00:00,DK1,31.43,30.687334,-0.74266624
2024-12-21 09:00:00,DK2,31.43,20.506367,-10.923634
2024-12-21 10:00:00,DK1,30.92,24.731646,-6.1883545
2024-12-21 10:00:00,DK2,30.92,19.318031,-11.601969
2024-12-21 11:00:00,DK1,31.12,20.20748,-10.912521
2024-12-21 11:00:00,DK2,31.12,20.787807,-10.332193
2024-12-21 12:00:00,DK1,29.83,29.391577,-0.43842316
2024-12-21 12:00:00,DK2,29.83,23.658491,-6.171509
2024-12-21 13:00:00,DK1,25.92,31.988632,6.068632
2024-12-21 13:00:00,DK2,25.91,25.919523,0.009523392
2024-12-21 14:00:00,DK1,27.28,25.888874,-1.3911266
2024-12-21 14:00:00,DK2,27.28,29.426357,2.1463566
2024-12-21 15:00:00,DK1,29.31,27.805965,-1.504034
2024-12-21 15:00:00,DK2,29.31,31.393923,2.0839233
2024-12-21 16:00:00,DK1,29.27,34.534058,5.264057
2024-12-21 16:00:00,DK2,29.28,31.054596,1.7745953
2024-12-21 17:00:00,DK1,27.95,32.394737,4.4447365
2024-12-21 17:00:00,DK2,27.95,33.363445,5.4134445
2024-12-21 18:00:00,DK1,20.73,28.876398,8.146399
2024-12-21 18:00:00,DK2,20.73,30.613295,9.883295
2024-12-21 19:00:00,DK1,15.3,28.680933,13.380933
2024-12-21 19:00:00,DK2,14.92,23.484213,8.564213
2024-12-21 20:00:00,DK1,5.17,25.037516,19.867516
2024-12-21 20:00:00,DK2,5.28,16.113295,10.833294
2024-12-21 21:00:00,DK1,4.23,13.054409,8.8244095
2024-12-21 21:00:00,DK2,4.35,9.73306,5.38306
2024-12-21 22:00:00,DK1,3.98,6.5372515,2.5572515
2024-12-21 22:00:00,DK2,4.0,6.1611543,2.1611543
2024-12-21 23:00:00,DK1,1.83,4.7989283,2.9689283
2024-12-21 23:00:00,DK2,1.98,4.353917,2.373917
2024-12-22 00:00:00,DK1,1.41,5.442144,4.032144
2024-12-22 00:00:00,DK2,1.58,3.470762,1.890762
2024-12-22 01:00:00,DK1,0.23,3.5788014,3.3488014
2024-12-22 01:00:00,DK2,0.66,3.979214,3.3192139
2024-12-22 02:00:00,DK1,-0.09,4.9325123,5.0225124
2024-12-22 02:00:00,DK2,1.07,4.1047764,3.0347762
2024-12-22 03:00:00,DK1,-0.77,6.3228755,7.0928755
2024-12-22 03:00:00,DK2,1.41,3.9817328,2.571733
2024-12-22 04:00:00,DK1,-0.03,8.101606,8.131606
2024-12-22 04:00:00,DK2,2.24,4.4121647,2.1721647
2024-12-22 05:00:00,DK1,-0.04,7.65863,7.69863
2024-12-22 05:00:00,DK2,3.23,5.064773,1.8347731
2024-12-22 06:00:00,DK1,2.29,11.572672,9.282672
2024-12-22 06:00:00,DK2,3.87,6.6115794,2.7415795
2024-12-22 07:00:00,DK1,6.07,9.771887,3.7018867
2024-12-22 07:00:00,DK2,6.87,8.466028,1.5960283
2024-12-22 08:00:00,DK1,20.6,10.652439,-9.947561
2024-12-22 08:00:00,DK2,17.19,11.990245,-5.1997557
2024-12-22 09:00:00,DK1,20.17,25.00981,4.8398094
2024-12-22 09:00:00,DK2,20.16,14.105819,-6.054181
2024-12-22 10:00:00,DK1,23.0,24.727179,1.7271786
2024-12-22 10:00:00,DK2,23.0,21.574743,-1.4252567
2024-12-22 11:00:00,DK1,21.19,31.168764,9.978764
2024-12-22 11:00:00,DK2,21.19,23.614939,2.4249382
2024-12-22 12:00:00,DK1,21.39,35.438553,14.048553
2024-12-22 12:00:00,DK2,21.39,26.269732,4.879732
2024-12-22 13:00:00,DK1,28.02,42.346657,14.326656
2024-12-22 13:00:00,DK2,28.02,27.841677,-0.17832375
2024-12-22 14:00:00,DK1,41.77,47.215057,5.445057
2024-12-22 14:00:00,DK2,41.78,40.78459,-0.9954071
2024-12-22 15:00:00,DK1,46.93,98.25988,51.32988
2024-12-22 15:00:00,DK2,46.93,60.241203,13.311203
2024-12-22 16:00:00,DK1,65.47,56.984177,-8.485825
2024-12-22 16:00:00,DK2,65.47,52.61541,-12.854591
2024-12-22 17:00:00,DK1,60.79,78.347595,17.557594
2024-12-22 17:00:00,DK2,60.8,59.39283,-1.4071693
2024-12-22 18:00:00,DK1,58.21,69.98381,11.773811
2024-12-22 18:00:00,DK2,58.21,57.238106,-0.9718933
2024-12-22 19:00:00,DK1,46.93,68.88432,21.954323
2024-12-22 19:00:00,DK2,46.93,53.012756,6.082756
2024-12-22 20:00:00,DK1,36.66,49.466087,12.8060875
2024-12-22 20:00:00,DK2,36.66,47.19818,10.538181
2024-12-22 21:00:00,DK1,36.2,38.42286,2.2228584
2024-12-22 21:00:00,DK2,36.21,40.970215,4.7602158
2024-12-22 22:00:00,DK1,24.5,34.762344,10.262344
2024-12-22 22:00:00,DK2,24.49,37.76465,13.274649
2024-12-22 23:00:00,DK1,29.19,25.9091,-3.280901
2024-12-22 23:00:00,DK2,29.19,35.225838,6.035837
2024-12-23 00:00:00,DK1,20.13,24.057396,3.9273968
2024-12-23 00:00:00,DK2,20.13,28.08772,7.9577217
2024-12-23 01:00:00,DK1,14.31,23.860537,9.550536
2024-12-23 01:00:00,DK2,14.18,22.333303,8.153303
2024-12-23 02:00:00,DK1,9.12,15.227014,6.1070137
2024-12-23 02:00:00,DK2,9.25,14.316206,5.066206
2024-12-23 03:00:00,DK1,9.78,10.00909,0.22909069
2024-12-23 03:00:00,DK2,9.78,13.171038,3.391038
2024-12-23 04:00:00,DK1,14.8,16.741817,1.9418173
2024-12-23 04:00:00,DK2,14.8,15.878247,1.0782471
2024-12-23 05:00:00,DK1,17.39,31.16244,13.77244
2024-12-23 05:00:00,DK2,20.7,23.598114,2.8981133
2024-12-23 06:00:00,DK1,52.01,36.893684,-15.116314
2024-12-23 06:00:00,DK2,48.71,38.10842,-10.601578
2024-12-23 07:00:00,DK1,59.34,59.903603,0.56360245
2024-12-23 07:00:00,DK2,59.34,43.56298,-15.7770195
2024-12-23 08:00:00,DK1,59.62,67.165115,7.5451164
2024-12-23 08:00:00,DK2,59.63,57.545464,-2.0845375
2024-12-23 09:00:00,DK1,52.73,62.15686,9.426861
2024-12-23 09:00:00,DK2,52.73,56.220375,3.4903755
2024-12-23 10:00:00,DK1,52.0,52.991905,0.9919052
2024-12-23 10:00:00,DK2,52.0,51.458397,-0.5416031
2024-12-23 11:00:00,DK1,54.17,46.93039,-7.239609
2024-12-23 11:00:00,DK2,54.17,44.25786,-9.91214
2024-12-23 12:00:00,DK1,54.81,54.874382,0.064380646
2024-12-23 12:00:00,DK2,54.82,47.19313,-7.626869
2024-12-23 13:00:00,DK1,61.56,61.97431,0.41431046
2024-12-23 13:00:00,DK2,61.56,55.97641,-5.5835915
2024-12-23 14:00:00,DK1,73.69,70.47247,-3.2175293
2024-12-23 14:00:00,DK2,73.7,65.78853,-7.9114685
2024-12-23 15:00:00,DK1,82.56,83.094215,0.53421783
2024-12-23 15:00:00,DK2,82.56,75.63727,-6.9227295
2024-12-23 16:00:00,DK1,98.25,93.3512,-4.8988037
2024-12-23 16:00:00,DK2,98.25,95.17046,-3.0795364
2024-12-23 17:00:00,DK1,101.75,104.50287,2.7528687
2024-12-23 17:00:00,DK2,101.76,98.97682,-2.7831802
2024-12-23 18:00:00,DK1,97.47,97.057915,-0.4120865
2024-12-23 18:00:00,DK2,97.48,90.96008,-6.5199203
2024-12-23 19:00:00,DK1,92.59,96.96825,4.37825
2024-12-23 19:00:00,DK2,92.6,95.22841,2.6284103
2024-12-23 20:00:00,DK1,108.29,101.28713,-7.0028687
2024-12-23 20:00:00,DK2,108.29,87.32419,-20.965813
2024-12-23 21:00:00,DK1,105.82,101.11129,-4.7087097
2024-12-23 21:00:00,DK2,105.83,98.83703,-6.9929733
2024-12-23 22:00:00,DK1,96.99,107.91344,10.923439
2024-12-23 22:00:00,DK2,97.0,97.050156,0.05015564
2024-12-23 23:00:00,DK1,86.03,94.3618,8.331802
2024-12-23 23:00:00,DK2,86.03,87.63319,1.6031876
2024-12-24 00:00:00,DK1,82.84,85.86078,3.0207825
2024-12-24 00:00:00,DK2,82.84,81.18602,-1.6539764
2024-12-24 01:00:00,DK1,81.89,93.594864,11.7048645
2024-12-24 01:00:00,DK2,81.89,80.66859,-1.2214127
2024-12-24 02:00:00,DK1,78.0,89.22262,11.222618
2024-12-24 02:00:00,DK2,78.0,90.04706,12.047058
2024-12-24 03:00:00,DK1,78.78,101.10538,22.325378
2024-12-24 03:00:00,DK2,78.78,91.23669,12.456688
2024-12-24 04:00:00,DK1,80.6,98.65547,18.055473
2024-12-24 04:00:00,DK2,80.6,86.41879,5.8187943
2024-12-24 05:00:00,DK1,85.07,91.40555,6.3355484
2024-12-24 05:00:00,DK2,85.07,83.616104,-1.4538956
2024-12-24 06:00:00,DK1,100.83,98.264175,-2.5658264
2024-12-24 06:00:00,DK2,100.84,95.21151,-5.6284866
2024-12-24 07:00:00,DK1,115.09,111.650734,-3.4392624
2024-12-24 07:00:00,DK2,115.09,112.843216,-2.2467804
2024-12-24 08:00:00,DK1,120.95,121.68154,0.7315445
2024-12-24 08:00:00,DK2,120.95,119.57558,-1.3744202
2024-12-24 09:00:00,DK1,120.0,115.14429,-4.855713
2024-12-24 09:00:00,DK2,120.0,108.73338,-11.266617
2024-12-24 10:00:00,DK1,118.16,102.722046,-15.437958
2024-12-24 10:00:00,DK2,118.16,105.50463,-12.655373
2024-12-24 11:00:00,DK1,117.49,104.96814,-12.521858
2024-12-24 11:00:00,DK2,117.49,104.81993,-12.670067
2024-12-24 12:00:00,DK1,115.38,103.01182,-12.368179
2024-12-24 12:00:00,DK2,115.38,108.66748,-6.712517
2024-12-24 13:00:00,DK1,117.98,113.12177,-4.8582306
2024-12-24 13:00:00,DK2,117.98,112.2594,-5.720604
2024-12-24 14:00:00,DK1,119.5,117.56595,-1.9340515
2024-12-24 14:00:00,DK2,119.5,112.91896,-6.5810394
2024-12-24 15:00:00,DK1,120.21,124.9569,4.7469025
2024-12-24 15:00:00,DK2,120.21,118.971634,-1.2383652
2024-12-24 16:00:00,DK1,118.0,134.1109,16.1109
2024-12-24 16:00:00,DK2,118.0,138.69612,20.696121
2024-12-24 17:00:00,DK1,110.98,113.96476,2.9847565
2024-12-24 17:00:00,DK2,110.98,107.01924,-3.960762
2024-12-24 18:00:00,DK1,104.09,109.10066,5.010666
2024-12-24 18:00:00,DK2,104.09,113.425316,9.3353195
2024-12-24 19:00:00,DK1,102.56,98.2761,-4.2838974
2024-12-24 19:00:00,DK2,102.56,94.82791,-7.732086
2024-12-24 20:00:00,DK1,94.63,101.815475,7.185478
2024-12-24 20:00:00,DK2,94.63,99.4776,4.847603
2024-12-24 21:00:00,DK1,99.04,84.964035,-14.075966
2024-12-24 21:00:00,DK2,90.04,78.53595,-11.504051
2024-12-24 22:00:00,DK1,88.19,80.72586,-7.464142
2024-12-24 22:00:00,DK2,88.19,75.6142,-12.575806
2024-12-24 23:00:00,DK1,91.37,59.351776,-32.018227
2024-12-24 23:00:00,DK2,91.37,64.648544,-26.721458
2024-12-25 00:00:00,DK1,86.44,57.903236,-28.536766
2024-12-25 00:00:00,DK2,86.44,73.51731,-12.922691
2024-12-25 01:00:00,DK1,85.07,68.388,-16.682
2024-12-25 01:00:00,DK2,85.07,71.27719,-13.792809
2024-12-25 02:00:00,DK1,68.62,73.26161,4.641609
2024-12-25 02:00:00,DK2,68.61,70.00077,1.39077
2024-12-25 03:00:00,DK1,61.81,72.40625,10.596249
2024-12-25 03:00:00,DK2,61.81,67.87174,6.061741
2024-12-25 04:00:00,DK1,62.75,90.88183,28.131828
2024-12-25 04:00:00,DK2,62.75,76.073296,13.323296
2024-12-25 05:00:00,DK1,62.54,99.797775,37.257774
2024-12-25 05:00:00,DK2,62.54,84.857025,22.317024
2024-12-25 06:00:00,DK1,84.94,111.16455,26.224548
2024-12-25 06:00:00,DK2,84.93,99.87247,14.942467
2024-12-25 07:00:00,DK1,90.21,110.87188,20.66188
2024-12-25 07:00:00,DK2,90.2,87.472534,-2.7274628
2024-12-25 08:00:00,DK1,99.24,94.79349,-4.4465103
2024-12-25 08:00:00,DK2,99.22,102.55266,3.3326569
2024-12-25 09:00:00,DK1,93.56,109.84506,16.285065
2024-12-25 09:00:00,DK2,93.54,98.937195,5.397194
2024-12-25 10:00:00,DK1,92.55,93.080086,0.5300827
2024-12-25 10:00:00,DK2,92.53,96.416016,3.8860168
2024-12-25 11:00:00,DK1,94.41,104.996155,10.586151
2024-12-25 11:00:00,DK2,94.39,109.856094,15.466095
2024-12-25 12:00:00,DK1,91.03,102.93111,11.901108
2024-12-25 12:00:00,DK2,91.01,96.5586,5.5485992
2024-12-25 13:00:00,DK1,99.17,94.32824,-4.8417587
2024-12-25 13:00:00,DK2,99.16,91.75239,-7.4076157
2024-12-25 14:00:00,DK1,112.69,100.573715,-12.116287
2024-12-25 14:00:00,DK2,112.68,101.86246,-10.817543
2024-12-25 15:00:00,DK1,116.71,121.366875,4.6568756
2024-12-25 15:00:00,DK2,116.69,127.18504,10.495041
2024-12-25 16:00:00,DK1,120.52,131.36086,10.840858
2024-12-25 16:00:00,DK2,120.51,135.42833,14.918327
2024-12-25 17:00:00,DK1,119.1,126.16101,7.0610123
2024-12-25 17:00:00,DK2,119.08,116.098434,-2.9815674
2024-12-25 18:00:00,DK1,118.0,115.63727,-2.362732
2024-12-25 18:00:00,DK2,117.99,111.3859,-6.6040955
2024-12-25 19:00:00,DK1,118.32,105.65167,-12.668327
2024-12-25 19:00:00,DK2,118.3,107.475815,-10.824188
2024-12-25 20:00:00,DK1,113.01,106.80156,-6.2084427
2024-12-25 20:00:00,DK2,113.01,104.31167,-8.698334
2024-12-25 21:00:00,DK1,114.07,92.844055,-21.225945
2024-12-25 21:00:00,DK2,114.07,108.26784,-5.802162
2024-12-25 22:00:00,DK1,104.22,102.96052,-1.2594833
2024-12-25 22:00:00,DK2,104.22,96.32709,-7.892914
2024-12-25 23:00:00,DK1,102.17,100.68947,-1.4805298
2024-12-25 23:00:00,DK2,102.17,105.05069,2.8806915
2024-12-26 00:00:00,DK1,95.06,92.94449,-2.115509
2024-12-26 00:00:00,DK2,95.06,82.248245,-12.811752
2024-12-26 01:00:00,DK1,94.61,85.27635,-9.333649
2024-12-26 01:00:00,DK2,94.61,103.31065,8.700653
2024-12-26 02:00:00,DK1,89.64,106.7785,17.138504
2024-12-26 02:00:00,DK2,89.64,91.99221,2.352211
2024-12-26 03:00:00,DK1,90.87,92.90346,2.033455
2024-12-26 03:00:00,DK2,90.87,99.98279,9.112785
2024-12-26 04:00:00,DK1,95.1,110.014534,14.9145355
2024-12-26 04:00:00,DK2,95.1,101.02115,5.92115
2024-12-26 05:00:00,DK1,99.0,137.67719,38.677185
2024-12-26 05:00:00,DK2,99.0,122.45714,23.457138
2024-12-26 06:00:00,DK1,112.61,130.29904,17.689041
2024-12-26 06:00:00,DK2,112.61,118.26034,5.650337
2024-12-26 07:00:00,DK1,119.1,116.31181,-2.7881851
2024-12-26 07:00:00,DK2,119.1,124.49318,5.393181
2024-12-26 08:00:00,DK1,118.23,139.05235,20.82235
2024-12-26 08:00:00,DK2,118.23,128.1198,9.889793
2024-12-26 09:00:00,DK1,113.25,136.94614,23.696136
2024-12-26 09:00:00,DK2,113.24,134.34431,21.104317
2024-12-26 10:00:00,DK1,106.01,122.12189,16.111885
2024-12-26 10:00:00,DK2,106.01,103.41333,-2.596672
2024-12-26 11:00:00,DK1,107.71,80.995544,-26.714455
2024-12-26 11:00:00,DK2,107.71,95.58052,-12.129478
2024-12-26 12:00:00,DK1,103.9,106.97617,3.0761719
2024-12-26 12:00:00,DK2,103.9,118.64864,14.748642
2024-12-26 13:00:00,DK1,109.64,128.11714,18.477142
2024-12-26 13:00:00,DK2,109.64,110.55016,0.9101639
2024-12-26 14:00:00,DK1,120.75,114.496605,-6.253395
2024-12-26 14:00:00,DK2,120.75,115.16238,-5.5876236
2024-12-26 15:00:00,DK1,129.64,122.39518,-7.2448196
2024-12-26 15:00:00,DK2,129.64,136.05624,6.4162445
2024-12-26 16:00:00,DK1,137.9,157.29614,19.396149
2024-12-26 16:00:00,DK2,137.9,143.55899,5.6589966
2024-12-26 17:00:00,DK1,138.05,146.26492,8.21492
2024-12-26 17:00:00,DK2,138.05,138.11267,0.06266785
2024-12-26 18:00:00,DK1,135.71,137.84897,2.1389618
2024-12-26 18:00:00,DK2,135.71,129.15746,-6.5525513
2024-12-26 19:00:00,DK1,129.13,133.85345,4.7234497
2024-12-26 19:00:00,DK2,129.13,126.31174,-2.8182678
2024-12-26 20:00:00,DK1,120.85,124.949486,4.0994873
2024-12-26 20:00:00,DK2,120.85,115.50934,-5.34066
2024-12-26 21:00:00,DK1,123.5,116.00371,-7.496292
2024-12-26 21:00:00,DK2,123.5,116.54669,-6.953308
2024-12-26 22:00:00,DK1,116.98,112.7643,-4.215706
2024-12-26 22:00:00,DK2,116.98,114.2792,-2.7008057
2024-12-26 23:00:00,DK1,106.79,107.043594,0.25359344
2024-12-26 23:00:00,DK2,106.79,109.32396,2.5339584
2024-12-27 00:00:00,DK1,101.52,102.67316,1.1531601
2024-12-27 00:00:00,DK2,101.52,102.114655,0.5946579
2024-12-27 01:00:00,DK1,101.03,96.466354,-4.5636444
2024-12-27 01:00:00,DK2,101.03,100.73523,-0.2947693
2024-12-27 02:00:00,DK1,99.74,98.393036,-1.346962
2024-12-27 02:00:00,DK2,99.74,97.4816,-2.2584
2024-12-27 03:00:00,DK1,99.58,102.36875,2.7887497
2024-12-27 03:00:00,DK2,99.58,99.22751,-0.3524933
2024-12-27 04:00:00,DK1,106.2,108.528114,2.3281174
2024-12-27 04:00:00,DK2,106.2,109.394135,3.1941376
2024-12-27 05:00:00,DK1,115.7,131.74461,16.044617
2024-12-27 05:00:00,DK2,115.7,132.0518,16.351807
2024-12-27 06:00:00,DK1,124.29,155.73067,31.440666
2024-12-27 06:00:00,DK2,124.29,142.76291,18.472908
2024-12-27 07:00:00,DK1,131.85,131.07634,-0.7736664
2024-12-27 07:00:00,DK2,131.85,128.58946,-3.2605438
2024-12-27 08:00:00,DK1,130.15,139.80028,9.650284
2024-12-27 08:00:00,DK2,130.15,130.85867,0.7086792
2024-12-27 09:00:00,DK1,120.1,116.38338,-3.7166214
2024-12-27 09:00:00,DK2,120.1,124.06642,3.966423
2024-12-27 10:00:00,DK1,107.94,128.07985,20.139847
2024-12-27 10:00:00,DK2,107.94,117.63648,9.69648
2024-12-27 11:00:00,DK1,107.81,111.3558,3.5457993
2024-12-27 11:00:00,DK2,107.81,110.726074,2.9160767
2024-12-27 12:00:00,DK1,107.94,108.34175,0.40174866
2024-12-27 12:00:00,DK2,107.94,106.1422,-1.7978058
2024-12-27 13:00:00,DK1,121.65,109.0021,-12.647903
2024-12-27 13:00:00,DK2,121.65,111.24421,-10.405792
2024-12-27 14:00:00,DK1,136.46,127.43963,-9.020378
2024-12-27 14:00:00,DK2,136.46,133.88918,-2.5708313
2024-12-27 15:00:00,DK1,146.25,158.44562,12.195618
2024-12-27 15:00:00,DK2,146.25,153.26172,7.0117188
2024-12-27 16:00:00,DK1,151.8,165.76685,13.966843
2024-12-27 16:00:00,DK2,151.8,158.31772,6.5177155
2024-12-27 17:00:00,DK1,158.4,154.14554,-4.2544556
2024-12-27 17:00:00,DK2,158.4,147.18484,-11.215149
2024-12-27 18:00:00,DK1,146.43,142.48302,-3.9469757
2024-12-27 18:00:00,DK2,146.43,134.32619,-12.103806
2024-12-27 19:00:00,DK1,133.14,128.86703,-4.2729645
2024-12-27 19:00:00,DK2,133.14,127.285645,-5.854355
2024-12-27 20:00:00,DK1,125.42,125.73638,0.31638336
2024-12-27 20:00:00,DK2,125.42,121.82794,-3.5920563
2024-12-27 21:00:00,DK1,126.76,121.94136,-4.8186417
2024-12-27 21:00:00,DK2,126.76,119.16008,-7.599922
2024-12-27 22:00:00,DK1,114.0,121.133835,7.133835
2024-12-27 22:00:00,DK2,114.0,115.817604,1.8176041
2024-12-27 23:00:00,DK1,126.4,116.27692,-10.123085
2024-12-27 23:00:00,DK2,126.4,116.60572,-9.794281
2024-12-28 00:00:00,DK1,116.63,118.53749,1.9074936
2024-12-28 00:00:00,DK2,116.63,117.64369,1.0136948
2024-12-28 01:00:00,DK1,110.15,119.810936,9.660934
2024-12-28 01:00:00,DK2,110.15,112.15075,2.0007477
2024-12-28 02:00:00,DK1,105.92,113.03529,7.1152954
2024-12-28 02:00:00,DK2,105.92,110.17876,4.2587585
2024-12-28 03:00:00,DK1,102.93,105.35681,2.4268112
2024-12-28 03:00:00,DK2,102.93,107.45946,4.529457
2024-12-28 04:00:00,DK1,105.58,104.37604,-1.2039642
2024-12-28 04:00:00,DK2,105.58,105.512955,-0.06704712
2024-12-28 05:00:00,DK1,109.71,104.42643,-5.2835693
2024-12-28 05:00:00,DK2,109.71,109.05414,-0.6558609
2024-12-28 06:00:00,DK1,124.24,115.67618,-8.56382
2024-12-28 06:00:00,DK2,124.24,119.59903,-4.6409683
2024-12-28 07:00:00,DK1,128.0,134.65837,6.658371
2024-12-28 07:00:00,DK2,128.0,128.46066,0.46066284
2024-12-28 08:00:00,DK1,128.3,128.65587,0.35586548
2024-12-28 08:00:00,DK2,128.3,120.67394,-7.6260605
2024-12-28 09:00:00,DK1,122.83,113.273705,-9.556297
2024-12-28 09:00:00,DK2,122.83,112.94069,-9.889313
2024-12-28 10:00:00,DK1,113.4,112.14991,-1.2500916
2024-12-28 10:00:00,DK2,113.4,106.97326,-6.4267426
2024-12-28 11:00:00,DK1,108.97,106.833694,-2.1363068
2024-12-28 11:00:00,DK2,108.97,104.54989,-4.4201126
2024-12-28 12:00:00,DK1,110.01,107.695625,-2.3143768
2024-12-28 12:00:00,DK2,110.01,104.99812,-5.011879
2024-12-28 13:00:00,DK1,117.83,113.34067,-4.489334
2024-12-28 13:00:00,DK2,117.83,110.590454,-7.2395477
2024-12-28 14:00:00,DK1,134.8,122.1969,-12.603104
2024-12-28 14:00:00,DK2,134.8,120.06806,-14.731941
2024-12-28 15:00:00,DK1,139.32,139.8221,0.50209045
2024-12-28 15:00:00,DK2,139.32,136.17455,-3.145462
2024-12-28 16:00:00,DK1,150.77,140.7316,-10.038406
2024-12-28 16:00:00,DK2,150.77,142.10486,-8.665146
2024-12-28 17:00:00,DK1,147.51,144.14943,-3.3605652
2024-12-28 17:00:00,DK2,147.51,136.58917,-10.920822
2024-12-28 18:00:00,DK1,140.48,135.56206,-4.917938
2024-12-28 18:00:00,DK2,140.48,132.32904,-8.150955
2024-12-28 19:00:00,DK1,129.26,129.04074,-0.21925354
2024-12-28 19:00:00,DK2,129.26,120.75877,-8.501221
2024-12-28 20:00:00,DK1,125.9,123.77513,-2.1248703
2024-12-28 20:00:00,DK2,125.9,118.47812,-7.4218826
2024-12-28 21:00:00,DK1,121.25,118.13318,-3.1168213
2024-12-28 21:00:00,DK2,121.25,112.27342,-8.976578
2024-12-28 22:00:00,DK1,114.93,113.64019,-1.2898102
2024-12-28 22:00:00,DK2,114.93,110.46257,-4.46743
2024-12-28 23:00:00,DK1,127.39,109.9027,-17.487297
2024-12-28 23:00:00,DK2,127.39,115.34591,-12.04409
2024-12-29 00:00:00,DK1,114.09,117.72395,3.633957
2024-12-29 00:00:00,DK2,114.09,115.12819,1.0381927
2024-12-29 01:00:00,DK1,107.71,109.54144,1.8314438
2024-12-29 01:00:00,DK2,107.71,107.814095,0.10409546
2024-12-29 02:00:00,DK1,101.7,103.185425,1.4854279
2024-12-29 02:00:00,DK2,101.7,104.37367,2.6736755
2024-12-29 03:00:00,DK1,97.73,102.51886,4.7888565
2024-12-29 03:00:00,DK2,97.73,100.33598,2.60598
2024-12-29 04:00:00,DK1,98.6,99.21581,0.6158142
2024-12-29 04:00:00,DK2,98.6,94.837006,-3.7629929
2024-12-29 05:00:00,DK1,67.1,88.87067,21.770668
2024-12-29 05:00:00,DK2,67.1,86.29851,19.19851
2024-12-29 06:00:00,DK1,57.55,88.99544,31.445438
2024-12-29 06:00:00,DK2,57.56,67.16121,9.601208
2024-12-29 07:00:00,DK1,53.7,66.63028,12.930279
2024-12-29 07:00:00,DK2,53.7,56.6528,2.9528008
2024-12-29 08:00:00,DK1,40.86,49.220657,8.360657
2024-12-29 08:00:00,DK2,40.86,45.813553,4.9535522
2024-12-29 09:00:00,DK1,25.52,39.107475,13.587475
2024-12-29 09:00:00,DK2,25.52,34.921196,9.401196
2024-12-29 10:00:00,DK1,24.03,21.298826,-2.7311745
2024-12-29 10:00:00,DK2,24.03,24.840643,0.81064224
2024-12-29 11:00:00,DK1,29.22,15.879053,-13.340946
2024-12-29 11:00:00,DK2,29.22,21.340296,-7.8797035
2024-12-29 12:00:00,DK1,28.36,22.722704,-5.6372967
2024-12-29 12:00:00,DK2,28.36,22.724714,-5.6352863
2024-12-29 13:00:00,DK1,24.72,32.953896,8.233896
2024-12-29 13:00:00,DK2,24.72,26.318499,1.5984993
2024-12-29 14:00:00,DK1,24.65,35.120872,10.470873
2024-12-29 14:00:00,DK2,24.65,29.343996,4.6939964
2024-12-29 15:00:00,DK1,27.53,35.166565,7.6365643
2024-12-29 15:00:00,DK2,27.53,30.910707,3.3807068
2024-12-29 16:00:00,DK1,28.11,34.954292,6.8442917
2024-12-29 16:00:00,DK2,28.11,30.632334,2.5223331
2024-12-29 17:00:00,DK1,24.98,32.063187,7.083187
2024-12-29 17:00:00,DK2,24.98,29.609552,4.629553
2024-12-29 18:00:00,DK1,24.22,24.400488,0.18048859
2024-12-29 18:00:00,DK2,24.22,25.354372,1.1343727
2024-12-29 19:00:00,DK1,23.53,18.835478,-4.694523
2024-12-29 19:00:00,DK2,22.74,16.566082,-6.173918
2024-12-29 20:00:00,DK1,23.2,11.188264,-12.011737
2024-12-29 20:00:00,DK2,13.8,12.959238,-0.84076214
2024-12-29 21:00:00,DK1,20.01,10.1239195,-9.886081
2024-12-29 21:00:00,DK2,13.75,6.574111,-7.175889
2024-12-29 22:00:00,DK1,12.21,4.192951,-8.017049
2024-12-29 22:00:00,DK2,13.71,5.5477324,-8.162268
2024-12-29 23:00:00,DK1,3.59,1.4237874,-2.1662126
2024-12-29 23:00:00,DK2,3.59,3.3381777,-0.25182223
2024-12-30 00:00:00,DK1,13.44,0.7240077,-12.715992
2024-12-30 00:00:00,DK2,3.58,0.7134974,-2.8665025
2024-12-30 01:00:00,DK1,13.46,-0.61317754,-14.073177
2024-12-30 01:00:00,DK2,3.59,1.4528394,-2.1371605
2024-12-30 02:00:00,DK1,16.56,1.834677,-14.725323
2024-12-30 02:00:00,DK2,3.56,2.8247242,-0.73527575
2024-12-30 03:00:00,DK1,19.51,11.374146,-8.135854
2024-12-30 03:00:00,DK2,3.59,5.282564,1.6925642
2024-12-30 04:00:00,DK1,17.38,21.492262,4.1122627
2024-12-30 04:00:00,DK2,3.59,9.731001,6.1410007
2024-12-30 05:00:00,DK1,25.62,23.400566,-2.2194347
2024-12-30 05:00:00,DK2,13.72,15.535425,1.8154249
2024-12-30 06:00:00,DK1,34.12,35.32335,1.2033501
2024-12-30 06:00:00,DK2,13.79,18.407782,4.6177816
2024-12-30 07:00:00,DK1,37.32,35.01732,-2.302681
2024-12-30 07:00:00,DK2,31.81,21.245615,-10.564384
2024-12-30 08:00:00,DK1,36.38,46.683975,10.303974
2024-12-30 08:00:00,DK2,36.38,28.518541,-7.8614597
2024-12-30 09:00:00,DK1,38.43,37.450966,-0.9790344
2024-12-30 09:00:00,DK2,38.43,39.085876,0.65587616
2024-12-30 10:00:00,DK1,38.35,36.097397,-2.2526016
2024-12-30 10:00:00,DK2,38.52,36.255325,-2.2646751
2024-12-30 11:00:00,DK1,36.32,30.311338,-6.0086613
2024-12-30 11:00:00,DK2,36.44,31.790232,-4.649767
2024-12-30 12:00:00,DK1,34.61,29.838717,-4.771284
2024-12-30 12:00:00,DK2,34.7,30.326807,-4.3731937
2024-12-30 13:00:00,DK1,36.06,30.712461,-5.34754
2024-12-30 13:00:00,DK2,36.33,30.822645,-5.5073566
2024-12-30 14:00:00,DK1,37.43,34.78234,-2.6476593
2024-12-30 14:00:00,DK2,37.87,32.030975,-5.8390236
2024-12-30 15:00:00,DK1,39.73,36.006966,-3.723034
2024-12-30 15:00:00,DK2,39.97,34.60649,-5.36351
2024-12-30 16:00:00,DK1,39.17,38.15175,-1.0182495
2024-12-30 16:00:00,DK2,39.39,36.755592,-2.634407
2024-12-30 17:00:00,DK1,36.86,36.203217,-0.65678406
2024-12-30 17:00:00,DK2,37.06,30.37834,-6.6816616
2024-12-30 18:00:00,DK1,33.0,28.588846,-4.411154
2024-12-30 18:00:00,DK2,33.0,31.708035,-1.2919655
2024-12-30 19:00:00,DK1,31.5,26.36289,-5.1371098
2024-12-30 19:00:00,DK2,31.5,26.74392,-4.7560806
2024-12-30 20:00:00,DK1,31.41,22.798767,-8.611233
2024-12-30 20:00:00,DK2,31.41,25.44203,-5.96797
2024-12-30 21:00:00,DK1,29.49,17.750618,-11.739382
2024-12-30 21:00:00,DK2,29.49,21.578074,-7.9119263
2024-12-30 22:00:00,DK1,35.66,13.719027,-21.940973
2024-12-30 22:00:00,DK2,3.59,20.32632,16.73632
